"Rank","Name","Symbol","marketcap","price (USD)","country"
"1","Microsoft","MSFT","3380764999680","454.86","United States"
"2","NVIDIA","NVDA","3239404896256","132.83","United States"
"3","Apple","AAPL","3007472730112","201.36","United States"
"4","Amazon","AMZN","2156190892032","203.1","United States"
"5","Alphabet (Google)","GOOG","2079530549248","171.98","United States"
"6","Saudi Aramco","2222.SR","1621824573022","6.70577","Saudi Arabia"
"7","Meta Platforms (Facebook)","META","1600547192832","636.57","United States"
"8","Tesla","TSLA","1098476224512","341.04","United States"
"9","Berkshire Hathaway","BRK-B","1086855118848","503.57","United States"
"10","Broadcom","AVGO","1083940536320","230.53","United States"
"11","TSMC","TSM","1017543393280","196.19","Taiwan"
"12","Walmart","WMT","767525388288","95.93","United States"
"13","JPMorgan Chase","JPM","724425375744","260.67","United States"
"14","Visa","V","685752385536","357.97","United States"
"15","Eli Lilly","LLY","642060779520","715.2","United States"
"16","Tencent","TCEHY","600587567104","65.37","China"
"17","Mastercard","MA","517733875712","570.14","United States"
"18","Netflix","NFLX","505565577216","1187.97","United States"
"19","Costco","COST","451726966784","1018.13","United States"
"20","Exxon Mobil","XOM","443763654656","102.97","United States"
"21","Oracle","ORCL","441133400064","157.31","United States"
"22","Procter & Gamble","PG","386919432192","165.03","United States"
"23","Johnson & Johnson","JNJ","367190343680","152.61","United States"
"24","Home Depot","HD","363906859008","366.13","United States"
"25","SAP","SAP","349997236224","299.84","Germany"
"26","ICBC","1398.HK","332336503061","0.72659","China"
"27","Bank of America","BAC","326205734912","43.31","United States"
"28","AbbVie","ABBV","322438660096","182.54","United States"
"29","Coca-Cola","KO","306205753344","71.14","United States"
"30","Novo Nordisk","NVO","301153910784","68.17","Denmark"
"31","ASML","ASML","295005257728","740.7","Netherlands"
"32","Hermès","RMS.PA","291863266916","2718.19","France"
"33","Alibaba","BABA","290252161024","121.48","China"
"34","Palantir","PLTR","288593379328","122.29","United States"
"35","LVMH","MC.PA","277009407186","546.987","France"
"36","Nestlé","NESN.SW","276529439954","107.485","Switzerland"
"37","Kweichow Moutai","600519.SS","275100962758","218.995","China"
"38","T-Mobile US","TMUS","273439080448","240.82","United States"
"39","Philip Morris International","PM","272748986368","175.23","United States"
"40","Salesforce","CRM","271934128128","283.42","United States"
"41","UnitedHealth","UNH","269121224704","296.67","United States"
"42","Agricultural Bank of China","601288.SS","265151319609","0.769444","China"
"43","Samsung","005930.KS","261564311258","39.6407","South Korea"
"44","Roche","ROG.SW","252515425274","314.83","Switzerland"
"45","Cisco","CSCO","250905608192","63.36","United States"
"46","General Electric","GE","245557641216","230.27","United States"
"47","China Mobile","0941.HK","242583071873","11.0712","China"
"48","IBM","IBM","240128294912","258.37","United States"
"49","International Holding Company","IHC.AE","239572184581","109.22","United Arab Emirates"
"50","Wells Fargo","WFC","238824275968","73.39","United States"
"51","Toyota","TM","238263828480","182.82","Japan"
"52","Chevron","CVX","234353393664","135.29","United States"
"53","L'Oréal","OR.PA","231298735199","426.853","France"
"54","Abbott Laboratories","ABT","228788961280","131.5","United States"
"55","Reliance Industries","RELIANCE.NS","226712212383","16.7532","India"
"56","Prosus","PRX.AS","226358329671","51.8046","Netherlands"
"57","McDonald","MCD","224742031360","314.31","United States"
"58","China Construction Bank","601939.SS","224125929244","1.26111","China"
"59","Novartis","NVS","222586880000","112.5","Switzerland"
"60","AstraZeneca","AZN","217881657344","69.95","United Kingdom"
"61","Linde","LIN","216062312448","459","United Kingdom"
"62","Bank of China","601988.SS","213088775344","0.775658","China"
"63","ServiceNow","NOW","210247139328","1015.77","United States"
"64","HSBC","HSBC","209146363904","59.41","United Kingdom"
"65","PetroChina","0857.HK","206027606416","0.82747","China"
"66","Morgan Stanley","MS","202561454080","126.26","United States"
"67","American Express","AXP","201195143168","287.18","United States"
"68","Walt Disney","DIS","199783956480","111.13","United States"
"69","Accenture","ACN","198105923584","316.45","Ireland"
"70","Shell","SHEL","196582440960","65.95","United Kingdom"
"71","AT&T","T","196076142592","27.23","United States"
"72","Merck","MRK","195458564096","77.84","United States"
"73","Intuitive Surgical","ISRG","194502688768","542.67","United States"
"74","Siemens","SIE.DE","193915322792","247.588","Germany"
"75","Deutsche Telekom","DTE.DE","190210764835","38.8151","Germany"
"76","Commonwealth Bank","CBA.AX","187958227813","112.415","Australia"
"77","Intuit","INTU","186207846400","666.07","United States"
"78","HDFC Bank","HDB","185630883840","72.72","India"
"79","Uber","UBER","184022958080","88","United States"
"80","Fomento Económico Mexicano","FMX","183638523904","105.86","Mexico"
"81","Goldman Sachs","GS","183561486336","598.23","United States"
"82","Verizon","VZ","181846867968","43.13","United States"
"83","AMD","AMD","179505201152","110.71","United States"
"84","RTX","RTX","179110821888","134.07","United States"
"85","Royal Bank Of Canada","RY","178722160640","126.52","Canada"
"86","Pepsico","PEP","178404917248","130.12","United States"
"87","Adobe","ADBE","176587440128","414.33","United States"
"88","Xiaomi","XIACF","176123101184","6.894","China"
"89","BYD","002594.SZ","175033212952","56.3988","China"
"90","Booking Holdings (Booking.com)","BKNG","173827358720","5341.91","United States"
"91","Inditex","IDEXY","170206445568","27.2","Spain"
"92","PDD Holdings (Pinduoduo)","PDD","170074079232","119.8","China"
"93","CATL","300750.SZ","169375615376","37.1801","China"
"94","Blackstone Group","BX","166127566848","136.93","United States"
"95","Texas Instruments","TXN","163715743744","180.21","United States"
"96","Progressive","PGR","162454388736","277.12","United States"
"97","Caterpillar","CAT","162348040192","345.19","United States"
"98","QUALCOMM","QCOM","161812250624","147.37","United States"
"99","Charles Schwab","SCHW","158639652864","87.31","United States"
"100","Mitsubishi UFJ Financial","MUFG","157178789888","13.66","Japan"
"101","S&P Global","SPGI","156813164544","511.32","United States"
"102","CM Bank","3968.HK","156447339021","6.34649","China"
"103","Unilever","UL","155648278528","63.31","United Kingdom"
"104","Boston Scientific","BSX","154602520576","104.5","United States"
"105","Boeing","BA","153372360704","203.41","United States"
"106","Sony","SONY","152969396224","25.33","Japan"
"107","Allianz SE","ALV.DE","152933920018","396.663","Germany"
"108","Thermo Fisher Scientific","TMO","151178805248","400.48","United States"
"109","BlackRock","BLK","150262726656","969.9","United States"
"110","Tata Consultancy Services","TCS.NS","149310051808","41.2676","India"
"111","Amgen","AMGN","146202247168","271.9","United States"
"112","Airbus","AIR.PA","144794766832","182.953","Netherlands"
"113","TJX Companies","TJX","144674766848","129.58","United States"
"114","Stryker Corporation","SYK","144565370880","378.28","United States"
"115","Honeywell","HON","143851569152","223.63","United States"
"116","Schneider Electric","SU.PA","140386185922","249.915","France"
"117","Deere &amp; Company (John Deere)","DE","139954651136","515.65","United States"
"118","Nextera Energy","NEE","137804693504","66.94","United States"
"119","Citigroup","C","137128738816","73.42","United States"
"120","Arm Holdings","ARM","136648957952","129.28","United Kingdom"
"121","Danaher","DHR","134173810688","187.48","United States"
"122","Shopify","SHOP","134001221632","103.29","Canada"
"123","EssilorLuxottica","EL.PA","133386679305","292.816","France"
"124","Union Pacific Corporation","UNP","133159469056","222.87","United States"
"125","Anheuser-Busch Inbev","BUD","133003632640","68.35","Belgium"
"126","Gilead Sciences","GILD","132777082880","106.74","United States"
"127","MercadoLibre","MELI","132117929984","2606.01","Argentina"
"128","Pfizer","PFE","130990923776","23.04","United States"
"129","Spotify","SPOT","130569404416","636.75","Sweden"
"130","Automatic Data Processing","ADP","130565136384","321.65","United States"
"131","Applied Materials","AMAT","130413035520","160.52","United States"
"132","TotalEnergies","TTE","130187665408","58.16","France"
"133","Comcast","CMCSA","129148690432","34.59","United States"
"134","Bharti Airtel","BHARTIARTL.NS","128904003927","21.5074","India"
"135","Sanofi","SNY","128764493824","52.51","France"
"136","Eaton","ETN","125634691072","321.07","Ireland"
"137","Lowe's Companies","LOW","125234216960","223.75","United States"
"138","GE Vernova","GEV","125228040192","458.82","United States"
"139","China Life Insurance","601628.SS","124814758519","5.29313","China"
"140","BHP Group","BHP","124374075000","49.15","Australia"
"141","Palo Alto Networks","PANW","124118155264","186.14","United States"
"142","Safran","SAF.PA","123955540520","295.54","France"
"143","Ping An Insurance","601318.SS","123081308047","7.41262","China"
"144","Air Liquide","AI.PA","121714246138","210.101","France"
"145","Hitachi","6501.T","121352303660","26.5082","Japan"
"146","Capital One","COF","120704417792","188.56","United States"
"147","ICICI Bank","IBN","120444616704","33.78","India"
"148","Santander","SAN","119304060928","7.94","Spain"
"149","AppLovin","APP","118932881408","351.47","United States"
"150","Toronto Dominion Bank","TD","117283676160","66.95","Canada"
"151","Iberdrola","IBE.MC","116355036205","18.4145","Spain"
"152","Arista Networks","ANET","116247953408","92.56","United States"
"153","Chubb","CB","115050741760","287.09","Switzerland"
"154","Compagnie Financière Richemont","CFR.SW","112868310255","191.972","Switzerland"
"155","Marsh & McLennan Companies","MMC","112573562880","228.47","United States"
"156","CNOOC","0883.HK","111943540348","2.27299","China"
"157","Vertex Pharmaceuticals","VRTX","111457599488","434.03","United States"
"158","CrowdStrike","CRWD","110606295040","444.07","United States"
"159","Strategy 
 (MicroStrategy)","MSTR","110501011456","399.46","United States"
"160","Lockheed Martin","LMT","110224556032","470.45","United States"
"161","KKR & Co.","KKR","109359816704","118.2","United States"
"162","ConocoPhillips","COP","108731367424","86.13","United States"
"163","Meituan","3690.HK","106805980234","17.4816","China"
"164","Micron Technology","MU","105979166720","94.83","United States"
"165","Lam Research","LRCX","105604145152","82.56","United States"
"166","Analog Devices","ADI","105169838080","211.93","United States"
"167","China Shenhua Energy","601088.SS","105032788561","5.52848","China"
"168","ABB","ABBN.SW","104769607592","57.3012","Switzerland"
"169","China Yangtze Power","600900.SS","103890184235","4.24593","China"
"170","Keyence","6861.T","103758980560","427.828","Japan"
"171","Medtronic","MDT","103720960000","80.91","Ireland"
"172","Amphenol","APH","103130497024","85.26","United States"
"173","UBS","UBS","102677356544","32.12","Switzerland"
"174","AXA","CS.PA","102224101183","46.8505","France"
"175","UniCredit","UCG.MI","102021565116","64.8394","Italy"
"176","RELX","RELX","101628329984","54.98","United Kingdom"
"177","CME Group","CME","101621243904","282","United States"
"178","KLA","KLAC","101496291328","767.51","United States"
"179","Rio Tinto","RIO","101235499008","61.12","United Kingdom"
"180","SK Hynix","000660.KS","100980780903","146.276","South Korea"
"181","Fast Retailing","9983.T","100735291018","328.353","Japan"
"182","Al Rajhi Bank","1120.SR","100253296284","25.0633","Saudi Arabia"
"183","BNP Paribas","BNP.PA","100188662063","88.1966","France"
"184","Zurich Insurance Group","ZURN.SW","99890213382","702.043","Switzerland"
"185","Altria Group","MO","99887890432","59.3","United States"
"186","Intercontinental Exchange","ICE","99810918400","174","United States"
"187","Intesa Sanpaolo","ISP.MI","99632924444","5.57371","Italy"
"188","Enbridge","ENB","98532933632","45.17","Canada"
"189","American Tower","AMT","98435375104","210.27","United States"
"190","DBS Group","D05.SI","98353976012","34.5871","Singapore"
"191","Southern Company","SO","97740873728","88.84","United States"
"192","British American Tobacco","BTI","97724841984","44.6","United Kingdom"
"193","Prologis","PLD","97515741184","105.09","United States"
"194","TAQA","TAQA.AE","96743970048","0.86","United Arab Emirates"
"195","Sumitomo Mitsui Financial Group","SMFG","96457416704","14.94","Japan"
"196","Nintendo","7974.T","96158410006","82.3149","Japan"
"197","Welltower","WELL","96065544192","146.9","United States"
"198","Bristol-Myers Squibb","BMY","95709806592","47.03","United States"
"199","China Telecom","0728.HK","95560703595","0.741914","China"
"200","Starbucks","SBUX","95423512576","83.97","United States"
"201","Sea Limited","SE","95131688960","160.69","Singapore"
"202","Rolls-Royce Holdings","RR.L","95072355455","1136.98","United Kingdom"
"203","Trane Technologies","TT","94617616384","424.26","Ireland"
"204","Dior","CDI.PA","94173339035","512.087","France"
"205","Waste Management","WM","93889839104","233.32","United States"
"206","Enel","ENEL.MI","93478567064","9.20554","Italy"
"207","Brookfield Asset Management","BAM","92352733184","57.24","Canada"
"208","Constellation Energy","CEG","91351654400","291.47","United States"
"209","Investor AB","INVE-B.ST","91190972986","29.748","Sweden"
"210","HCA Healthcare","HCA","90609795072","376.64","United States"
"211","Nike","NKE","90507706368","61.32","United States"
"212","Duke Energy","DUK","89827590144","115.57","United States"
"213","Intel","INTC","89639092224","20.55","United States"
"214","Sinopec","600028.SS","89612946235","0.792369","China"
"215","Cintas","CTAS","89503432704","221.66","United States"
"216","Fiserv","FI","89452380160","161.34","United States"
"217","Rheinmetall","RHM.F","89439049189","2004.31","Germany"
"218","Banco Bilbao Vizcaya Argentaria","BBVA","89225592832","15.4","Spain"
"219","Ferrari","RACE","89187155968","491.3","Italy"
"220","McKesson","MCK","88830001152","710.64","United States"
"221","Sherwin-Williams","SHW","88447115264","352.94","United States"
"222","Brookfield Corporation","BN","88247042048","57.17","Canada"
"223","AIA","1299.HK","87699170366","8.28108","Hong Kong"
"224","Thomson Reuters","TRI","87469318144","194.17","Canada"
"225","Interactive Brokers","IBKR","87360282624","206.72","United States"
"226","NTT (Nippon Telegraph &amp; Telephone)","9432.T","87037049600","1.05196","Japan"
"227","Elevance Health","ELV","86874275840","384.51","United States"
"228","Chugai Pharmaceutical","4519.T","86785051089","52.7373","Japan"
"229","Cadence Design Systems","CDNS","86453280768","316.63","United States"
"230","Arthur J. Gallagher & Co.","AJG","85900656640","335.48","United States"
"231","Munich RE (Münchener Rück)","MUV2.DE","85605544633","651.458","Germany"
"232","DoorDash","DASH","85117452288","200.87","United States"
"233","Moody's","MCO","84887552000","471.76","United States"
"234","Mondelez International","MDLZ","84797759488","65.49","United States"
"235","Equinix","EQIX","84760166400","866.5","United States"
"236","Parker-Hannifin","PH","83994861568","657.35","United States"
"237","Midea","000333.SZ","83904423874","10.9859","China"
"238","Recruit","6098.T","83794606830","58.1854","Japan"
"239","The Cigna Group","CI","83530276864","312.68","United States"
"240","State Bank of India","SBIN.NS","82837190040","9.28187","India"
"241","Sberbank","SBER.ME","82512764908","3.8","Russia"
"242","United Parcel Service","UPS","82114002944","96.97","United States"
"243","Vinci","DG.PA","81996601848","146.351","France"
"244","London Stock Exchange","LSEG.L","81819594347","15474.2","United Kingdom"
"245","Mitsubishi Corporation","8058.T","81220822151","20.4183","Japan"
"246","3M","MMM","80608747520","149.78","United States"
"247","Fortinet","FTNT","79312404480","103.62","United States"
"248","GlaxoSmithKline","GSK","78974124032","38.92","United Kingdom"
"249","TransDigm Group","TDG","78923202560","1405.15","United States"
"250","Airbnb","ABNB","78787239936","127.65","United States"
"251","Republic Services","RSG","78436745216","251","United States"
"252","Synopsys","SNPS","77848076288","503.48","United States"
"253","Atlas Copco","ATCO-B.ST","77779503559","14.6302","Sweden"
"254","O'Reilly Automotive","ORLY","77778698240","1364.79","United States"
"255","CSL","CSL.AX","77212321555","159.324","Australia"
"256","Tokio Marine","8766.T","77039692060","40.1111","Japan"
"257","Aon","AON","76729958400","355.33","United Kingdom"
"258","Dell","DELL","76515360768","111.95","United States"
"259","CVS Health","CVS","76179505152","60.22","United States"
"260","BP","BP","75741478912","28.94","United Kingdom"
"261","NetEase","NTES","75458912256","119.02","China"
"262","Bank of Montreal","BMO","75432402944","103.64","Canada"
"263","Siemens Energy","ENR.F","75337907906","94.6544","Germany"
"264","Constellation Software","CSU.TO","75215749895","3549.34","Canada"
"265","Mitsubishi Heavy Industries","7011.T","75137761992","22.3785","Japan"
"266","Petrobras","PBR","74964090880","11.81","Brazil"
"267","Infosys","INFY","74925711360","18.04","India"
"268","Canadian Pacific Railway","CP","74813652992","80.4","Canada"
"269","Apollo Global Management","APO","74757128192","130.81","United States"
"270","National Australia Bank","NAB.AX","74475303269","24.379","Australia"
"271","SoftBank","9984.T","74457239469","52.0676","Japan"
"272","General Dynamics","GD","74353745920","277.03","United States"
"273","Itōchū Shōji","8001.T","74305591240","52.4095","Japan"
"274","Colgate-Palmolive","CL","73667174400","90.9","United States"
"275","Ecolab","ECL","73616982016","259.66","United States"
"276","Bank of Communications","601328.SS","73584361077","1.0681","China"
"277","Bank Central Asia","BBCA.JK","73553864377","0.59667","Indonesia"
"278","BAE Systems","BA.L","72845660866","2482.08","United Kingdom"
"279","Workday","WDAY","72773828608","272.07","United States"
"280","Tokyo Electron","8035.T","72718156425","158.735","Japan"
"281","Southern Copper","SCCO","72703827968","90.42","United States"
"282","Postal Savings Bank of China","601658.SS","72248338395","0.746414","China"
"283","National Grid","NGG","72175951872","73.63","United Kingdom"
"284","Zoetis","ZTS","72110342144","161.97","United States"
"285","Illinois Tool Works","ITW","71789600768","244.71","United States"
"286","Marriott International","MAR","71401947136","260.69","United States"
"287","Foxconn (Hon Hai Precision Industry)","2317.TW","71350590881","5.13676","Taiwan"
"288","Williams Companies","WMB","70513328128","57.75","United States"
"289","Motorola Solutions","MSI","70391816192","421.72","United States"
"290","KDDI","9433.T","70014740745","17.5931","Japan"
"291","MediaTek","2454.TW","69911238447","43.8626","Taiwan"
"292","PayPal","PYPL","69487476736","71.45","United States"
"293","Westpac Banking","WBC.AX","69278099836","20.2663","Australia"
"294","Wuliangye Yibin","000858.SZ","69270059849","17.8457","China"
"295","Coinbase","COIN","69267021824","271.95","United States"
"296","PNC Financial Services","PNC","68429139968","172.99","United States"
"297","Chipotle Mexican Grill","CMG","68418940928","50.78","United States"
"298","Enterprise Products","EPD","68081774592","31.39","United States"
"299","Northrop Grumman","NOC","68060672000","472.88","United States"
"300","Snowflake","SNOW","67792625664","203.18","United States"
"301","ADNOC Gas","ADNOCGAS.AE","67712622823","0.88","United Arab Emirates"
"302","Zijin Mining","601899.SS","67563687125","2.58878","China"
"303","Mizuho Financial Group","MFG","67510935552","5.38","Japan"
"304","Bajaj Finance","BAJFINANCE.NS","67389876360","108.535","India"
"305","Itaú Unibanco","ITUB","67383660544","6.61","Brazil"
"306","U.S. Bancorp","USB","67182247936","43.12","United States"
"307","Canadian National Railway","CNI","66667491328","106.22","Canada"
"308","Emerson","EMR","66009370624","117.35","United States"
"309","Industrial Bank","601166.SS","65988267760","3.17644","China"
"310","Howmet Aerospace","HWM","65802895360","163.01","United States"
"311","Hindustan Unilever","HINDUNILVR.NS","65096142523","27.7012","India"
"312","Royal Caribbean Group","RCL","64739901440","238.4","United States"
"313","ING","ING","64608075776","21.42","Netherlands"
"314","Canadian Natural Resources","CNQ","64579301376","30.82","Canada"
"315","AutoZone","AZO","64560234496","3859.25","United States"
"316","Johnson Controls","JCI","64442540032","97.93","Ireland"
"317","Regeneron Pharmaceuticals","REGN","64438906880","596.85","United States"
"318","Scotiabank","BNS","64294256640","51.62","Canada"
"319","Cement Roadstone Holding","CRH","64222818304","95.16","Ireland"
"320","ITC","ITC.NS","64108936401","5.12294","India"
"321","Life Insurance Corporation of India (LIC)","LICI.NS","63887930976","10.1009","India"
"322","BNY Mellon (Bank of New York Mellon)","BK","63802404864","89.18","United States"
"323","Lloyds Banking Group","LYG","63679873024","4.25","United Kingdom"
"324","Equinor","EQNR","63587479552","23.5","Norway"
"325","Diageo","DEO","63498833920","110.86","United Kingdom"
"326","Holcim Group","HOLN.SW","63161146974","114.627","Switzerland"
"327","Autodesk","ADSK","63113773056","295","United States"
"328","CIBC","CM","62957568000","66.95","Canada"
"329","Barclays","BCS","62741069824","17.64","United Kingdom"
"330","Hong Kong Exchanges & Clearing","0388.HK","62489158879","49.4439","Hong Kong"
"331","Shin-Etsu Chemical","4063.T","62070924929","31.6703","Japan"
"332","Carrier Global","CARR","61529137152","71.77","United States"
"333","Siemens Healthineers","SHL.DE","61494232137","54.8292","Germany"
"334","The Travelers Companies","TRV","61418319872","271.08","United States"
"335","CaixaBank","CABK.MC","61404809080","8.67552","Spain"
"336","Energy Transfer Partners","ET","61360226304","17.88","United States"
"337","Compass Group","CPG.L","61342325346","3614.47","United Kingdom"
"338","Monster Beverage","MNST","61313716224","62.87","United States"
"339","Roper Technologies","ROP","61183561728","569.07","United States"
"340","Wesfarmers","WES.AX","60985332107","53.2265","Australia"
"341","Kinder Morgan","KMI","60770529280","27.34","United States"
"342","Grayscale Bitcoin Trust","GBTC","60734697472","87.72","United States"
"343","EOG Resources","EOG","60467744768","110.79","United States"
"344","Crédit Agricole","ACA.PA","60372836500","19.9296","France"
"345","Deutsche Börse","DB1.DE","60112158711","327.091","Germany"
"346","Air Products and Chemicals","APD","59917746176","269.24","United States"
"347","Thales","HO.PA","59756205107","290.886","France"
"348","Walmex","WMMVF","59609227264","3.35","Mexico"
"349","Simon Property Group","SPG","59569106944","157.95","United States"
"350","Mitsui Bussan","8031.T","59216694895","20.6031","Japan"
"351","Nu Holdings","NU","59099025408","12.25","Brazil"
"352","Hilton Worldwide","HLT","58626326528","246.64","United States"
"353","Copart","CPRT","58603200512","60.66","United States"
"354","Newmont","NEM","58599448576","52.65","United States"
"355","Adyen","ADYEN.AS","58192998388","1831.12","Netherlands"
"356","Larsen &amp; Toubro","LT.NS","58132006415","42.2692","India"
"357","Universal Music Group","UMG.AS","58020767423","31.7104","Netherlands"
"358","Agnico Eagle Mines","AEM","57726316544","114.59","Canada"
"359","Digital Realty","DLR","57630527488","167.95","United States"
"360","CSX Corporation","CSX","57558769664","30.64","United States"
"361","Mercedes-Benz","MBG.DE","57527257764","59.7435","Germany"
"362","Volvo Group","VOLV-A.ST","57341083383","28.2645","Sweden"
"363","Robinhood","HOOD","57157513216","64.77","United States"
"364","NatWest Group","NWG","57040052224","14.14","United Kingdom"
"365","OCBC Bank","O39.SI","57010762861","12.6726","Singapore"
"366","CITIC Bank","601998.SS","56981494018","1.0862","China"
"367","DSV","DSV.VI","56980608421","241.97","Denmark"
"368","Lukoil","LKOH.ME","56955690553","81.98","Russia"
"369","Merck KGaA","MRK.DE","56894681212","130.859","Germany"
"370","Saudi Telecom Company","7010.SR","56643854300","11.3585","Saudi Arabia"
"371","Charter Communications","CHTR","56625270784","409.93","United States"
"372","Rosneft","ROSN.ME","56417826687","5.35","Russia"
"373","Generali","G.MI","56417660615","37.3397","Italy"
"374","Axon Enterprise","AXON","56344514560","723.75","United States"
"375","The Saudi National Bank","1180.SR","56290758459","9.4654","Saudi Arabia"
"376","Chandra Asri Petrochemical","TPIA.JK","56283453065","0.650632","Indonesia"
"377","Paychex","PAYX","56254627840","156.18","United States"
"378","Cencora","COR","56229990400","290.11","United States"
"379","Compagnie de Saint-Gobain","SGO.PA","56127709745","111.179","France"
"380","Volkswagen","VOW3.DE","56110779053","110.249","Germany"
"381","Deutsche Bank","DB","55860719616","28.46","Germany"
"382","ANZ Bank","ANZ.AX","55781739973","18.7984","Australia"
"383","3i Group","III.L","55713002443","5574.23","United Kingdom"
"384","Roblox","RBLX","55490416640","81.81","United States"
"385","Aflac","AFL","55389077504","102.45","United States"
"386","SMIC","0981.HK","55206985448","5.34408","China"
"387","Japan Tobacco","2914.T","55093925088","31.0285","Japan"
"388","BMW","BMW.DE","55038311347","88.8889","Germany"
"389","Danone","BN.PA","55023635292","85.7791","France"
"390","Cloudflare","NET","54837166080","158.21","United States"
"391","Atlassian","TEAM","54698373120","208.37","Australia"
"392","American Electric Power","AEP","54381051904","101.8","United States"
"393","Freeport-McMoRan","FCX","54144737280","37.7","United States"
"394","Norfolk Southern","NSC","54025400320","239.64","United States"
"395","Allstate","ALL","53630943232","202.52","United States"
"396","America Movil","AMX","53457149952","17.47","Mexico"
"397","Marvell Technology","MRVL","53427945472","61.85","United States"
"398","ACWA POWER Company","2082.SR","53138770421","72.577","Saudi Arabia"
"399","Manulife Financial","MFC","53048487936","30.94","Canada"
"400","Samsung Biologics","207940.KS","52888059337","743.081","South Korea"
"401","Nongfu Spring","9633.HK","52562460434","4.67367","China"
"402","Vistra","VST","52501446656","154.72","United States"
"403","FedEx","FDX","52426657792","218.81","United States"
"404","HCL Technologies","HCLTECH.NS","52424977079","19.3528","India"
"405","Ma'aden","1211.SR","52312323106","13.7848","Saudi Arabia"
"406","Ares Management","ARES","52213288960","159.88","United States"
"407","MetLife","MET","52133003264","77.66","United States"
"408","ENGIE","ENGI.PA","52046167309","21.4164","France"
"409","Swiss Re","SREN.SW","52004182589","176.842","Switzerland"
"410","Foxconn Industrial Internet","601138.SS","51963344729","2.61663","China"
"411","Public Storage","PSA","51888984064","295.78","United States"
"412","W. W. Grainger","GWW","51792982016","1078.14","United States"
"413","Truist Financial","TFC","51713736704","39.49","United States"
"414","Infineon","IFX.DE","51549403536","39.672","Germany"
"415","TC Energy","TRP","51525550080","49.51","Canada"
"416","Macquarie","MQG.AX","51380872829","133.399","Australia"
"417","MPLX","MPLX","51366653952","50.32","United States"
"418","Oneok","OKE","50826305536","81.37","United States"
"419","DHL Group (Deutsche Post)","DHL.DE","50756859380","44.0132","Germany"
"420","Cheniere Energy","LNG","50680086528","228.51","United States"
"421","Dassault Systèmes","DSY.PA","50606012593","38.3952","France"
"422","Waste Connections","WCN","50363576320","194.91","United States"
"423","Discover Financial Services","DFS","50343182336","200.05","United States"
"424","Nordea Bank","NDA-FI.HE","50291172398","14.5273","Finland"
"425","CITIC Securities","600030.SS","50091712865","3.57471","China"
"426","Ross Stores","ROST","50064973824","152.25","United States"
"427","Sempra Energy","SRE","50054045696","76.75","United States"
"428","Shanghai Pudong Development Bank","600000.SS","49989890674","1.70311","China"
"429","Haleon","HLN","49912455168","11.06","United Kingdom"
"430","Realty Income","O","49831956480","55.18","United States"
"431","Singtel","Z74.SI","49807497017","3.0184","Singapore"
"432","Heineken","HEIA.AS","49694921058","87.6631","Netherlands"
"433","NXP Semiconductors","NXPI","49644122112","196.51","Netherlands"
"434","Coupang","CPNG","49529839616","27.28","United States"
"435","Paccar","PCAR","49519382528","94.33","United States"
"436","Becton Dickinson","BDX","49385250816","172.31","United States"
"437","Jingdong Mall","JD","49083969536","33.69","China"
"438","Kotak Mahindra Bank","KOTAKBANK.NS","49044404179","24.6671","India"
"439","Quanta Services","PWR","49028677632","330.83","United States"
"440","Lonza","LONN.SW","48988157025","679.045","Switzerland"
"441","Daiichi Sankyō","4568.T","48906107544","26.257","Japan"
"442","Marathon Petroleum","MPC","48813236224","158.89","United States"
"443","Loblaw Companies","L.TO","48553493978","162.386","Canada"
"444","First Abu Dhabi Bank","FAB.AE","48552340036","4.39","United Arab Emirates"
"445","Jiangsu Hengrui Medicine","600276.SS","48413243820","7.58947","China"
"446","Ameriprise Financial","AMP","48393129984","508.21","United States"
"447","CoreWeave","CRWV","48074498048","100.16","United States"
"448","Experian","EXPGF","47509217280","51.41","Ireland"
"449","Dominion Energy","D","47466344448","55.66","United States"
"450","Sun Pharmaceutical","SUNPHARMA.NS","47431039384","19.7685","India"
"451","General Motors","GM","47379517440","49.28","United States"
"452","American International Group","AIG","47270584320","82.02","United States"
"453","TE Connectivity","TEL","47124287488","158.91","Switzerland"
"454","SABIC","2010.SR","47033726379","15.6779","Saudi Arabia"
"455","Corteva","CTVA","46790037504","68.59","United States"
"456","Naspers","NPSNY","46764093440","58.31","South Africa"
"457","Fastenal","FAST","46709874688","40.715","United States"
"458","Alimentation Couche-Tard","ATD.TO","46636120104","49.1909","Canada"
"459","Nasdaq","NDAQ","46624444416","81.21","United States"
"460","The People's Insurance Company (PICC)","601319.SS","46460241816","1.14747","China"
"461","Kimberly-Clark","KMB","46371287040","139.75","United States"
"462","E.ON","EOAN.DE","46235295626","17.6938","Germany"
"463","Givaudan","GIVN.SW","46111150344","4997.82","Switzerland"
"464","Phillips 66","PSX","46032232448","112.98","United States"
"465","Maruti Suzuki India","MARUTI.NS","45972108880","146.22","India"
"466","UOB","U11.SI","45970818474","27.4768","Singapore"
"467","LG Energy Solution","373220.KS","45866244626","196.01","South Korea"
"468","United Rentals","URI","45737193472","703.66","United States"
"469","East Money Information","300059.SZ","45732784002","2.89375","China"
"470","Schlumberger","SLB","45594898432","33.75","United States"
"471","Porsche","P911.DE","45296688231","49.7219","Germany"
"472","Bank of China (Hong Kong)","2388.HK","45295990839","4.2842","Hong Kong"
"473","Kroger","KR","45244706816","67.95","United States"
"474","Kenvue","KVUE","45117886464","23.5","United States"
"475","Takeda Pharmaceutical","TAK","45058052096","14.41","Japan"
"476","Reckitt Benckiser","RKT.L","45042687765","6613.49","United Kingdom"
"477","ENI","E","44898975744","29.11","Italy"
"478","Keurig Dr Pepper","KDP","44833849344","33.01","United States"
"479","L3Harris Technologies","LHX","44715614208","239.19","United States"
"480","Cummins","CMI","44328185856","321.79","United States"
"481","Adidas","ADS.DE","44196500120","247.532","Germany"
"482","Axis Bank","AXISBANK.BO","44044904473","14.2087","India"
"483","Verisk Analytics","VRSK","43971137536","314.34","United States"
"484","Edwards Lifesciences","EW","43871813632","74.79","United States"
"485","QNB (Qatar National Bank)","QNBK.QA","43841018374","4.79396","Qatar"
"486","Exelon Corporation","EXC","43834224640","43.42","United States"
"487","MSCI","MSCI","43628244992","563.88","United States"
"488","Crown Castle","CCI","43511062528","99.92","United States"
"489","Suncor Energy","SU","43432587264","35.37","Canada"
"490","Société Générale","GLE.PA","43312803577","55.669","France"
"491","Mitsubishi Electric","6503.T","43228800757","20.8298","Japan"
"492","Target","TGT","43191934976","95.06","United States"
"493","Sika","SIKA.SW","43074827230","268.471","Switzerland"
"494","BASF","BAS.DE","42969903620","48.1444","Germany"
"495","Hoya","7741.T","42942781606","125.286","Japan"
"496","Alcon","ALC","42927267840","86.14","Switzerland"
"497","Goodman Group","GMG.AX","42923921827","21.1328","Australia"
"498","Glencore","GLCNF","42866417664","3.57","Switzerland"
"499","Grupo México","GMBXF","42680360960","5.4","Mexico"
"500","Mahindra &amp; Mahindra","M&M.NS","42436599968","35.3744","India"
"501","Wolters Kluwer","WKL.AS","42242181419","181.818","Netherlands"
"502","Flutter Entertainment","FLUT","42081779712","238.17","Ireland"
"503","Novatek","NVTK.ME","41693812825","14.06","Russia"
"504","Kuwait Finance House","KFH.KW","41610283390","2418.51","Kuwait"
"505","Honda","HMC","41603719168","29.52","Japan"
"506","Corning","GLW","41581666304","48.55","United States"
"507","Ford","F","41515180032","10.44","United States"
"508","FICO","FICO","41388679168","1700.32","United States"
"509","Delta Electronics (Thailand)","DELTA.BK","41387722831","3.31797","Thailand"
"510","Ametek","AME","41221136384","178.54","United States"
"511","Take-Two Interactive","TTWO","41173372928","226.01","United States"
"512","Fujitsu","6702.T","41162794795","23.1598","Japan"
"513","Fidelity National Information Services","FIS","41159442432","78.34","United States"
"514","Vale","VALE","41134698496","9.58","Brazil"
"515","Bayan Resources","BYAN.JK","41062803986","1.23188","Indonesia"
"516","Emirates Telecom (Etisalat Group)","EAND.AE","40872967744","4.7","United Arab Emirates"
"517","DNB","DNB.OL","40733089845","27.4726","Norway"
"518","Coca-Cola European Partners","CCEP","40713658368","88.59","United Kingdom"
"519","Aena","AENA.MC","40653727423","271.025","Spain"
"520","IDEXX Laboratories","IDXX","40599388160","504.83","United States"
"521","UltraTech Cement","ULTRACEMCO.NS","40568564644","137.919","India"
"522","Trip.com","TCOM","40506474496","61.06","China"
"523","China Pacific Insurance","601601.SS","40455725988","4.66648","China"
"524","Yum! Brands","YUM","40443908096","145.5","United States"
"525","Occidental Petroleum","OXY","40428183552","41.08","United States"
"526","Bank Rakyat Indonesia","BBRI.JK","40416773773","0.26827","Indonesia"
"527","Valero Energy","VLO","40315879424","128.72","United States"
"528","Hess","HES","40211419136","130.02","United States"
"529","Orange","ORA.PA","40174851980","15.1118","France"
"530","Datadog","DDOG","39946981376","115.67","United States"
"531","Xcel Energy","XEL","39917629440","69.21","United States"
"532","Diamondback Energy","FANG","39819575296","136.29","United States"
"533","Vertiv Holdings","VRT","39711137792","104.2","United States"
"534","KBC","KBCSF","39622733824","97.5","Belgium"
"535","Emirates NBD Bank PJSC","EMIRATESNBD.AE","39387372447","6.23553","United Arab Emirates"
"536","Cognizant Technology Solutions","CTSH","39386066944","79.9","United States"
"537","Banco Santander Brasil","BSBR","39296778240","5.26","Brazil"
"538","Guotai Junan Securities","601211.SS","39293874284","2.43142","China"
"539","NTPC Limited","NTPC.NS","39252054858","4.04622","India"
"540","Ambev","ABEV","39233306624","2.51","Brazil"
"541","Intact Financial","IFC.TO","39204612966","219.827","Canada"
"542","Mindray","300760.SZ","39153995399","32.2936","China"
"543","7-Eleven","3382.T","39135823697","15.155","Japan"
"544","Zscaler","ZS","39117574144","252.82","United States"
"545","NTT Data","9613.T","38995846062","27.8127","Japan"
"546","Hindustan Aeronautics","HAL.NS","38961488275","58.258","India"
"547","Gazprom","GAZP.ME","38896878874","1.66","Russia"
"548","Ahold Delhaize","AD.AS","38854869377","42.5604","Netherlands"
"549","Garmin","GRMN","38812413952","201.58","Switzerland"
"550","PSEG","PEG","38607478784","77.37","United States"
"551","lululemon athletica","LULU","38505189376","320.46","Canada"
"552","Wheaton Precious Metals","WPM","38392778752","84.56","Canada"
"553","Veeva Systems","VEEV","38380556288","235.53","United States"
"554","Otis Worldwide","OTIS","38354710528","97.18","United States"
"555","Cambricon Technologies","688256.SS","38286749964","91.7142","China"
"556","Bajaj Finserv","BAJAJFINSV.NS","38139597303","23.9121","India"
"557","Ferrovial","FER.MC","38085845493","52.2983","Spain"
"558","Toyota Industries","6201.T","38051310643","126.577","Japan"
"559","Hannover Rück","HNR1.DE","37968002397","314.834","Germany"
"560","Schindler Group","SCHN.SW","37941577302","349.206","Switzerland"
"561","Japan Post Bank","7182.T","37933836663","10.6033","Japan"
"562","BTG Pactual","BPAC3.SA","37696932204","3.86469","Brazil"
"563","Alnylam Pharmaceuticals","ALNY","37682130944","289","United States"
"564","China Unicom","0762.HK","37509520520","1.22588","Hong Kong"
"565","Pacific Gas and Electric","PCG","37404516352","17.02","United States"
"566","Titan Company","TITAN.NS","37284303485","42.032","India"
"567","Pop Mart International Group","9992.HK","37278235205","28.0676","China"
"568","Consolidated Edison","ED","37261811712","103.42","United States"
"569","Fairfax Financial","FFH.TO","37253172515","1664.54","Canada"
"570","Fubon Financial","2881.TW","37149918834","2.71848","Taiwan"
"571","CITIC limited","0267.HK","37072846782","1.27441","China"
"572","Denso","6902.T","37038657140","13.2785","Japan"
"573","Electronic Arts","EA","36769820672","146.63","United States"
"574","Standard Chartered","STAN.L","36678258941","1570.37","United Kingdom"
"575","The Hartford","HIG","36663492608","129.05","United States"
"576","The Trade Desk","TTD","36528660480","74.33","United States"
"577","D. R. Horton","DHI","36523819008","118.9","United States"
"578","Cardinal Health","CAH","36395855872","152.49","United States"
"579","National Bank of Canada","NA.TO","36354686578","92.9274","Canada"
"580","Dubai Electricity and Water Authority (DEWA)","DEWA.AE","36351259987","0.727025","United Arab Emirates"
"581","Gree Electric Appliances","000651.SZ","36318292561","6.48378","China"
"582","Entergy","ETR","36278108160","81.28","United States"
"583","Baker Hughes","BKR","36251541504","36.59","United States"
"584","HeidelbergCement","HEI.DE","36249176965","203.155","Germany"
"585","Imperial Oil","IMO","36249092096","71.21","Canada"
"586","Hikvision","002415.SZ","36233335783","3.92424","China"
"587","Prudential Financial","PRU","36221997056","102.32","United States"
"588","Amadeus IT Group","AMS.MC","36203438066","82.7829","Spain"
"589","Oil &amp; Natural Gas","ONGC.NS","36077922744","2.86781","India"
"590","ResMed","RMD","35995463680","245.49","United States"
"591","Ferguson Enterprises","FERG","35982999552","179.3","United Kingdom"
"592","Argenx","ARGX","35962413056","581.44","Netherlands"
"593","Anglo American","AAL.L","35932522244","2963.92","United Kingdom"
"594","CBRE Group","CBRE","35900784640","120.43","United States"
"595","Vulcan Materials","VMC","35890012160","271.68","United States"
"596","Block","XYZ","35886358528","58.35","United States"
"597","Sun Life Financial","SLF","35836256256","63.11","Canada"
"598","Oriental Land","4661.T","35612632013","21.7297","Japan"
"599","Adani Ports & SEZ","ADANIPORTS.NS","35409465701","16.3845","India"
"600","Chocoladefabriken Lindt &amp; Sprüngli","LISP.SW","35405471792","15566","Switzerland"
"601","UCB","UCB.VI","35396801271","181.705","Belgium"
"602","Swisscom","SCMN.SW","35395290791","683.282","Switzerland"
"603","Carvana","CVNA","35347230720","302.25","United States"
"604","Assa Abloy","ASSA-B.ST","35238607973","31.7242","Sweden"
"605","Telstra","TLS.AX","35115800151","3.07163","Australia"
"606","NEC Corp","6701.T","34909357135","26.1943","Japan"
"607","Sysco","SYY","34892451840","71.98","United States"
"608","Advantest","6857.T","34882186705","47.5403","Japan"
"609","Great-West Lifeco","GWO.TO","34739580141","37.326","Canada"
"610","Daimler Truck","DTG.F","34635168875","44.7055","Germany"
"611","Old Dominion Freight Line","ODFL","34572771328","163.6","United States"
"612","COSCO Shipping","601919.SS","34564761935","2.30609","China"
"613","Dollarama","DOL.TO","34564396286","124.683","Canada"
"614","Rockwell Automation","ROK","34524909568","306.3","United States"
"615","Targa Resources","TRGP","34511712256","159.09","United States"
"616","Arch Capital","ACGL","34466217984","91.97","Bermuda"
"617","Chunghwa Telecom","CHT","34450837504","44.41","Taiwan"
"618","Adani Enterprises","ADANIENT.NS","34422388857","29.8241","India"
"619","Foshan Haitian Flavouring and Food","603288.SS","34357864026","6.1788","China"
"620","EQT","EQT.ST","34281614151","29.1347","Sweden"
"621","Wabtec","WAB","34257715200","200.19","United States"
"622","Exor","EXO.AS","34229789926","98.1727","Netherlands"
"623","Gartner","IT","34147133440","443.66","United States"
"624","MS&amp;AD Insurance","8725.T","34146738148","22.5947","Japan"
"625","Partners Group","PGHN.SW","34145268597","1318.15","Switzerland"
"626","Martin Marietta Materials","MLM","34042562560","564.69","United States"
"627","Tesco","TSCO.L","34021953932","513.018","United Kingdom"
"628","Commerzbank","CBK.F","33986944683","30.0193","Germany"
"629","Quanta Computer","2382.TW","33942403808","8.80587","Taiwan"
"630","Leonardo","LDO.MI","33902358634","58.2","Italy"
"631","WEC Energy Group","WEC","33665445888","105.49","United States"
"632","Live Nation","LYV","33474828288","144.43","United States"
"633","Talanx","TLX.DE","33469243010","129.611","Germany"
"634","EQT Corporation","EQT","33337481216","55.69","United States"
"635","DexCom","DXCM","33262438400","84.83","United States"
"636","eBay","EBAY","33249894400","72.15","United States"
"637","Anta Sports","2020.HK","33234248667","11.9204","China"
"638","HubSpot","HUBS","33108664320","627.8","United States"
"639","Skandinaviska Enskilda Banken","SEB-A.ST","33096746334","16.7323","Sweden"
"640","Seres Group","601127.SS","33091620409","20.2597","China"
"641","Novozymes","NZYM.VI","33001431556","70.9341","Denmark"
"642","Hyundai","HYMTF","32973381632","51.3","South Korea"
"643","VICI Properties","VICI","32969353216","31.2","United States"
"644","Bharat Electronics","BEL.NS","32941471944","4.50649","India"
"645","Constellation Brands","STZ","32895965184","184.76","United States"
"646","China State Construction Engineering","601668.SS","32856075693","0.795154","China"
"647","Ingersoll Rand","IR","32761194496","81.2","Ireland"
"648","Endesa","ELE.MC","32759962338","31.0975","Spain"
"649","KONE","KNEBV.HE","32747248049","63.2391","Finland"
"650","Equifax","EFX","32715259904","263.41","United States"
"651","Emaar Properties","EMAAR.AE","32611465323","3.68958","United Arab Emirates"
"652","Powergrid Corporation of India","POWERGRID.NS","32565375979","3.50022","India"
"653","WEG ON","WEGE3.SA","32467343119","7.73824","Brazil"
"654","Jardine Matheson","J36.SI","32466630000","45.03","Hong Kong"
"655","Barrick Gold","GOLD","32429015040","18.86","Canada"
"656","HEICO","HEI","32376770560","267.08","United States"
"657","Delta Electronics","2308.TW","32360948865","12.4583","Taiwan"
"658","Hapag-Lloyd","HLAG.DE","32315424774","183.861","Germany"
"659","Daikin","6367.T","32312406821","110.358","Japan"
"660","Danske Bank","DANS.VI","32300427956","39.0762","Denmark"
"661","Legrand","LR.PA","32295532838","122.688","France"
"662","Invest Bank","INVESTB.AE","32252571341","0.12","United Arab Emirates"
"663","Monolithic Power Systems","MPWR","32184936448","672.2","United States"
"664","Marubeni","8002.T","32163227301","19.4556","Japan"
"665","Cathay Financial Holding","2882.TW","32146979727","2.19146","Taiwan"
"666","Extra Space Storage","EXR","32078178304","144.78","United States"
"667","Erste Group Bank","EBO.F","32053057169","81.4323","Austria"
"668","GE HealthCare Technologies","GEHC","31795535872","69.44","United States"
"669","China Everbright Bank","601818.SS","31753850706","0.557025","China"
"670","Delta Air Lines","DAL","31668221952","48.5","United States"
"671","Brown &amp; Brown","BRO","31652329472","110.43","United States"
"672","Alpha Dhabi","ALPHADHABI.AE","31640571818","3.16","United Arab Emirates"
"673","DMart","DMART.NS","31638859490","48.6203","India"
"674","Fortescue","FMG.AX","31637628913","10.0297","Australia"
"675","Franco-Nevada","FNV","31600052224","164.03","Canada"
"676","Luxshare Precision","002475.SZ","31589636528","4.35872","China"
"677","Restaurant Brands International","QSR","31556767744","69.43","Canada"
"678","S.F. Express","002352.SZ","31481457865","6.35427","China"
"679","Tradeweb","TW","31474876416","144.09","United States"
"680","Kraft Heinz","KHC","31363809280","26.5","United States"
"681","Henkel","HEN3.DE","31328012639","79.5369","Germany"
"682","CoStar Group","CSGP","31278702592","74.14","United States"
"683","Agilent Technologies","A","31270098944","109.68","United States"
"684","Bank Mandiri","BMRI.JK","31226220022","0.334567","Indonesia"
"685","Microchip Technology","MCHP","31220393984","58.05","United States"
"686","Imperial Brands","IMB.L","31187442988","3746.74","United Kingdom"
"687","The Hershey Company","HSY","31172651008","153.86","United States"
"688","Tata Motors","TATAMOTORS.NS","31047701161","8.43353","India"
"689","Stellantis","STLA","31001253888","10.35","Netherlands"
"690","Sumitomo","8053.T","30985521393","25.6083","Japan"
"691","Haier Smart Home","600690.SS","30970437232","3.58724","China"
"692","Ping An Bank","000001.SZ","30969449309","1.59588","China"
"693","Willis Towers Watson","WTW","30545080320","308.07","United Kingdom"
"694","Beiersdorf","BEI.DE","30526940379","136.761","Germany"
"695","Maybank","MLYBY","30503870464","5.05","Malaysia"
"696","Xylem","XYL","30484580352","125.27","United States"
"697","Carnival Corporation","CCL","30389510144","22.43","United States"
"698","NRG Energy","NRG","30360745984","155.29","United States"
"699","Ansys","ANSS","30212366336","343.65","United States"
"700","LPL Financial","LPLA","30182828032","377.4","United States"
"701","Sun Hung Kai Properties","0016.HK","30141624569","10.4008","Hong Kong"
"702","Swedbank","SWED-A.ST","30073781309","26.7548","Sweden"
"703","Wipro","WIT","30072913920","2.85","India"
"704","Muyuan Foods","002714.SZ","30056264333","5.50202","China"
"705","Kongsberg Gruppen","KOG.OL","30055674137","170.925","Norway"
"706","BeiGene","ONC","30028845056","238.76","China"
"707","Maersk","MAERSK-B.CO","30005739894","1974.92","Denmark"
"708","DSM-Firmenich","DSFIR.AS","29665925012","110.771","Switzerland"
"709","Prudential","PUK","29635379200","22.6","United Kingdom"
"710","ČEZ Group","CEZ.PR","29604934915","55.1497","Czech Republic"
"711","Galderma Group","GALD.SW","29598163726","124.673","Switzerland"
"712","Raymond James","RJF","29551056896","146.47","United States"
"713","Ericsson","ERIC","29546571776","8.77","Sweden"
"714","Telefónica","TEF","29456838656","5.16","Spain"
"715","Texas Pacific Land Corporation","TPL","29398458368","1278.9","United States"
"716","Ryanair","RYAAY","29321066496","55.19","Ireland"
"717","General Mills","GIS","29209038848","53.34","United States"
"718","Li Auto","LI","29069086720","28.67","China"
"719","Coal India","COALINDIA.NS","29053097003","4.71432","India"
"720","Baidu","BIDU","29032986624","84.07","China"
"721","Nokia","NOK","29030672384","5.36","Finland"
"722","Hanwha Aerospace","012450.KS","29023774438","607.045","South Korea"
"723","Capgemini","CAP.PA","29009851431","167.915","France"
"724","M&T Bank","MTB","28990795776","180.61","United States"
"725","Sampo","SAMPO.HE","28943581396","10.7547","Finland"
"726","JSW Steel","JSWSTEEL.NS","28899139807","11.8416","India"
"727","Centene","CNC","28895807488","58.07","United States"
"728","Bridgestone","5108.T","28861275841","42.5805","Japan"
"729","Naturgy","NTGY.MC","28742423679","29.9171","Spain"
"730","Ventas","VTR","28725116928","63.65","United States"
"731","Nutrien","NTR","28714350592","58.89","Canada"
"732","Polyus","PLZL.ME","28682771052","21.02","Russia"
"733","Bajaj Auto","BAJAJ-AUTO.NS","28662423461","102.635","India"
"734","Transurban","TCL.AX","28603207563","9.18256","Australia"
"735","Kellanova 
 (Kellogg's)","K","28476753920","82.08","United States"
"736","Dupont De Nemours","DD","28462118912","68.01","United States"
"737","AvalonBay Communities","AVB","28453668864","199.86","United States"
"738","Las Vegas Sands","LVS","28328716288","40.09","United States"
"739","Iron Mountain","IRM","28265216000","95.8","United States"
"740","Blue Owl Capital","OWL","28219492352","18.23","United States"
"741","Swiss Life","SLHN.SW","28219296214","989.155","Switzerland"
"742","Bank of Jiangsu","600919.SS","28059777765","1.52903","China"
"743","CTBC Financial Holding","2891.TW","28057413098","1.42762","Taiwan"
"744","CRRC","1766.HK","28010725433","0.642311","China"
"745","Keysight","KEYS","27997194240","161.74","United States"
"746","Broadridge Financial Solutions","BR","27960891392","238.04","United States"
"747","DTE Energy","DTE","27935803392","134.62","United States"
"748","Canon","7751.T","27750846828","30.5193","Japan"
"749","Bayer","BAYN.DE","27746704256","28.2431","Germany"
"750","Komatsu","6301.T","27723179000","30.017","Japan"
"751","Terumo","4543.T","27712879911","18.7894","Japan"
"752","Cheniere Energy
Partners","CQP","27711748096","57.25","United States"
"753","Fresenius","FRE.DE","27672828891","49.1318","Germany"
"754","American Water","AWK","27662452736","141.85","United States"
"755","Kühne + Nagel","KNIN.SW","27650630154","232.885","Switzerland"
"756","Japan Post Holdings","6178.T","27634140891","9.29879","Japan"
"757","Lennar","LEN","27628834816","105.29","United States"
"758","Poste Italiane","PST.MI","27593853864","21.3256","Italy"
"759","Rollins","ROL","27503661056","56.75","United States"
"760","RWE","RWE.DE","27491221428","37.1808","Germany"
"761","Dai-ichi Life Holdings","8750.T","27488649806","7.46763","Japan"
"762","State Street Corporation","STT","27480139776","96.36","United States"
"763","Hexagon AB","HEXA-B.ST","27433502851","10.2197","Sweden"
"764","Sandvik","SAND.ST","27419553590","21.8589","Sweden"
"765","Humana","HUM","27414208512","227.14","United States"
"766","Publicis Groupe","PUB.PA","27388177578","109.363","France"
"767","Michelin","ML.PA","27387366374","38.3952","France"
"768","W. R. Berkley","WRB","27385710592","72.19","United States"
"769","Nestlé India","NESTLEIND.NS","27333213700","28.3493","India"
"770","Sompo Holdings","8630.T","27314413803","29.2985","Japan"
"771","Dassault Aviation","AM.PA","27289966088","348.655","France"
"772","Expand Energy","EXE","27222419456","114.39","United States"
"773","SAIC Motor","600104.SS","27193333163","2.34925","China"
"774","Svenska Handelsbanken","SHB-A.ST","26999380425","13.5085","Sweden"
"775","National Bank of Kuwait","NBK.KW","26986291734","3086.7","Kuwait"
"776","Yili Group","600887.SS","26953909100","4.26124","China"
"777","Vonovia","VNA.DE","26868098077","32.6524","Germany"
"778","Banco Bradesco","BBD","26867355648","2.76","Brazil"
"779","HP","HPQ","26867034112","28.5","United States"
"780","Advanced Info Service (AIS)","ADVANC.BK","26772459493","9.00154","Thailand"
"781","Equity Residential","EQR","26746826752","68.3","United States"
"782","SSE","SSE.L","26699500495","2353.19","United Kingdom"
"783","Murata Manufacturing (Murata Seisakusho)","6981.T","26671585725","14.3214","Japan"
"784","Pernod Ricard","RI.PA","26664488153","104.687","France"
"785","Fujifilm","4901.T","26650848569","22.1204","Japan"
"786","Kuaishou Technology","1024.HK","26629137326","6.22518","China"
"787","ASM International","ASM.AS","26627388927","541.482","Netherlands"
"788","PTT PCL","PTT-R.BK","26597968629","0.93702","Thailand"
"789","Venture Global","VG","26570061824","10.98","United States"
"790","VeriSign","VRSN","26466652160","281.86","United States"
"791","Panasonic","6752.T","26456144225","11.3322","Japan"
"792","Mitsui Fudosan","8801.T","26388880131","9.51853","Japan"
"793","Tractor Supply","TSCO","26335182848","49.67","United States"
"794","SAAB AB","SAAB-B.ST","26334807489","49.1274","Sweden"
"795","Samsara","IOT","26268424192","46.14","United States"
"796","Tencent Music","TME","26216443904","16.93","China"
"797","GoDaddy","GDDY","26213517312","183.97","United States"
"798","Woodside Energy","WDS","26210232320","13.77","Australia"
"799","Hang Seng Bank","0011.HK","26199056018","13.9189","Hong Kong"
"800","LY Corporation","4689.T","26179884704","3.67487","Japan"
"801","WSP Global","WSP.TO","26169652385","200.523","Canada"
"802","Geely","0175.HK","26133033379","2.59223","China"
"803","Vodafone","VOD","26127501312","10.54","United Kingdom"
"804","Asian Paints","ASIANPAINT.NS","26066380335","27.1881","India"
"805","China Tower","0788.HK","25936743808","1.47361","China"
"806","Epiroc","EPI-A.ST","25931130900","22.3411","Sweden"
"807","Aeon","8267.T","25890279524","30.2193","Japan"
"808","Ameren","AEE","25864085504","95.4","United States"
"809","KB Financial Group","KB","25800941568","69.75","South Korea"
"810","International Paper","IP","25671876608","48.63","United States"
"811","Verbund AG","OEWA.F","25668996518","73.9417","Austria"
"812","MIXUE Group","2097.HK","25595234558","67.4235","China"
"813","Veolia","VIE.PA","25578292734","34.5137","France"
"814","Cellnex Telecom","CLNX.MC","25571017465","37.5213","Spain"
"815","Nucor","NUE","25541830656","110.69","United States"
"816","Fanuc","6954.T","25427336221","27.2476","Japan"
"817","PPL","PPL","25415897088","34.38","United States"
"818","Banco do Brasil","BBAS3.SA","25338476998","4.43881","Brazil"
"819","WuXi AppTec","2359.HK","25317500955","8.63863","China"
"820","Disco Corp.","6146.T","25272120250","233.202","Japan"
"821","HD Hyundai Heavy Industries","329180.KS","25256520902","284.506","South Korea"
"822","PPG Industries","PPG","25241890816","111.21","United States"
"823","Kia","000270.KS","25219108133","63.7031","South Korea"
"824","Woolworths Group","WOW.AX","25199618854","20.622","Australia"
"825","George Weston","WN.TO","25104450282","194.178","Canada"
"826","Ashtead","AHT.L","25091636264","5783.43","United Kingdom"
"827","Adani Power","ADANIPOWER.NS","25064248817","6.49555","India"
"828","InterGlobe Aviation (IndiGo)","INDIGO.NS","25051425720","64.8263","India"
"829","Dr. Sulaiman Al Habib Medical Services Group Company","4013.SR","25047326682","71.5638","Saudi Arabia"
"830","Fifth Third Bank","FITB","25037623296","37.51","United States"
"831","Veralto","VLTO","25029003264","100.98","United States"
"832","Zoom","ZM","25022978048","82.07","United States"
"833","Rocket Companies","RKT","24980359168","12.57","United States"
"834","Banorte","GFNORTEO.MX","24975566150","8.88128","Mexico"
"835","Luzhou Laojiao","000568.SZ","24974568578","16.967","China"
"836","Shenzhen Inovance","300124.SZ","24959679011","9.26055","China"
"837","Bank of Ningbo","002142.SZ","24865769327","3.76549","China"
"838","United Airlines Holdings","UAL","24821676032","76","United States"
"839","Kering","KER.PA","24795903739","199.478","France"
"840","Toast","TOST","24691019776","42.68","United States"
"841","Atmos Energy","ATO","24665794560","155.29","United States"
"842","Supermicro","SMCI","24660518912","41.32","United States"
"843","China Minsheng Bank","600016.SS","24659383182","0.577778","China"
"844","Dover","DOV","24658155520","179.85","United States"
"845","PKO Bank Polski","PKO.WA","24614027878","19.6912","Poland"
"846","Aristocrat","ALL.AX","24563876830","39.2716","Australia"
"847","SBA Communications","SBAC","24526471168","228.27","United States"
"848","Wanhua Chemical","600309.SS","24519868658","7.8095","China"
"849","Otsuka Holdings","4578.T","24500048850","46.3893","Japan"
"850","Tyler Technologies","TYL","24469135360","567.42","United States"
"851","Check Point Software","CHKP","24367853568","224.86","Israel"
"852","Celltrion","068270.KS","24313750418","111.682","South Korea"
"853","First Citizens BancShares","FCNCA","24286447616","1841.04","United States"
"854","CenterPoint Energy","CNP","24242317312","37.14","United States"
"855","FirstEnergy","FE","24234780672","41.99","United States"
"856","Telus","TU","24213817344","15.99","Canada"
"857","Cenovus Energy","CVE","24203771904","13.32","Canada"
"858","Abu Dhabi Commercial Bank (ADCB)","ADCB.AE","24197183581","3.31","United Arab Emirates"
"859","East Japan Railway","9020.T","24172255484","21.367","Japan"
"860","CDW Corporation","CDW","24148396032","183.38","United States"
"861","Great Wall Motors","601633.SS","24041066165","3.26138","China"
"862","Formula One Group","FWONK","24016021504","97.21","United States"
"863","CGI","GIB","23961411584","106.71","Canada"
"864","Steris","STE","23953545216","243.8","Ireland"
"865","Ajinomoto","2802.T","23942806345","23.8085","Japan"
"866","Fortis","FTS","23937292288","47.7","Canada"
"867","Suzuki Motor","7269.T","23928928542","12.403","Japan"
"868","Cboe Global Markets","CBOE","23918542848","228.42","United States"
"869","Indian Oil","IOC.NS","23886292198","1.69152","India"
"870","IQVIA","IQV","23880919040","138.04","United States"
"871","Tata Steel","TATASTEEL.NS","23865500066","1.91356","India"
"872","Geberit","GEBN.SW","23865094916","724.557","Switzerland"
"873","Darden Restaurants","DRI","23859261440","203.88","United States"
"874","Fortive","FTV","23842721792","70.15","United States"
"875","ArcelorMittal","MT","23818168320","29.96","Luxembourg"
"876","BioNTech","BNTX","23815733248","99.07","Germany"
"877","Ubiquiti","UI","23728881664","392.27","United States"
"878","Fox Corporation","FOX","23666964480","50.51","United States"
"879","SMC corp","6273.T","23661426538","371.254","Japan"
"880","Power Corporation of Canada","POW.TO","23654950370","36.9058","Canada"
"881","H&amp;M","HM-B.ST","23650704202","14.7403","Sweden"
"882","Mettler-Toledo","MTD","23609260032","1136","United States"
"883","Antofagasta","ANTO.L","23584937831","2392.33","United Kingdom"
"884","Markel","MKL","23584155648","1859.26","United States"
"885","Duolingo","DUOL","23536183296","517.8","United States"
"886","FirstRand","FSR.JO","23474447100","4.17085","South Africa"
"887","Church & Dwight","CHD","23448031232","95.21","United States"
"888","ORIX","IX","23380684800","20.57","Japan"
"889","Smurfit Westrock","SW","23219138560","44.48","Ireland"
"890","Estee Lauder","EL","23175223296","64.42","United States"
"891","Eversource Energy","ES","23167297536","63.06","United States"
"892","Nomura Research Institute","4307.T","23128807121","40.4529","Japan"
"893","Seagate Technology","STX","23101941760","108.86","Ireland"
"894","STMicroelectronics","STM","23094921216","25.18","Switzerland"
"895","BT Group","BT-A.L","23064972879","235.454","United Kingdom"
"896","Hewlett Packard Enterprise","HPE","23053328384","17.55","United States"
"897","DiDi","DIDIY","23048980480","4.95","China"
"898","Archer Daniels Midland (ADM)","ADM","23042379776","47.96","United States"
"899","China Resources Land","1109.HK","23037986547","3.23071","Hong Kong"
"900","Corpay","CPAY","22990012416","326.13","United States"
"901","Cameco","CCJ","22989090816","52.81","Canada"
"902","Capitec Bank","CPI.JO","22935955800","196.233","South Africa"
"903","Zomato","ZOMATO.NS","22930977606","2.52671","India"
"904","Teledyne Technologies","TDY","22869213184","488.04","United States"
"905","Klabin","KLBN11.SA","22791160415","3.41992","Brazil"
"906","Cincinnati Financial","CINF","22710972416","145.3","United States"
"907","Trent Limited","TRENT.NS","22692506780","63.8224","India"
"908","Bank Leumi","LUMI.TA","22664455777","1513.66","Israel"
"909","Riyad Bank","1010.SR","22639409453","7.55899","Saudi Arabia"
"910","QBE Insurance","QBE.AX","22624765520","14.9831","Australia"
"911","QNB Finansbank","QNBTR.IS","22619069686","6.75196","Turkey"
"912","Elm Company","7203.SR","22610318624","282.629","Saudi Arabia"
"913","Insulet","PODD","22590341120","321","United States"
"914","DLF","DLF.NS","22575904626","9.11749","India"
"915","ADNOC Drilling Company","ADNOCDRILL.AE","22567733152","1.41","United Arab Emirates"
"916","PT DCI Indonesia Tbk","DCII.JK","22507067240","9.44188","Indonesia"
"917","Huntington Bancshares","HBAN","22478577664","15.43","United States"
"918","Mitsubishi Estate","8802.T","22416026798","17.9907","Japan"
"919","Sany Heavy Industry","600031.SS","22317485792","2.63334","China"
"920","Renesas Electronics","6723.T","22286642668","12.403","Japan"
"921","Hindustan Zinc","HINDZINC.NS","22179381276","5.24916","India"
"922","Dollar General","DG","22135465984","100.64","United States"
"923","EnBW Energie","EBK.DE","22133196922","81.716","Germany"
"924","Hydro One","H.TO","22091758228","36.8334","Canada"
"925","CK Hutchison Holdings","0001.HK","22057540839","5.75909","Hong Kong"
"926","Gulf Energy Development Public Company","GULF.BK","22031041491","1.47465","Thailand"
"927","Philips","PHG","22021582848","23.07","Netherlands"
"928","PKN Orlen","PKN.WA","22019968212","18.9674","Poland"
"929","Coloplast","COLO-B.CO","21945476585","97.3766","Denmark"
"930","Synchrony","SYF","21872549888","57.46","United States"
"931","Toyota Tsusho","8015.T","21809020603","20.6589","Japan"
"932","Aviva","AV.L","21792145205","819.263","United Kingdom"
"933","KE Holdings","BEKE","21761959936","18.32","China"
"934","Standard Bank Group","SBK.JO","21729185300","13.0601","South Africa"
"935","Warner Bros. Discovery","WBD","21711140000","9.02","United States"
"936","Okta","OKTA","21693048832","123.91","United States"
"937","Nidec","6594.T","21681984490","18.8871","Japan"
"938","Bank of Shanghai","601229.SS","21663189007","1.52486","China"
"939","WiseTech Global","WTC.AX","21649519100","64.6982","Australia"
"940","Edison International","EIX","21631432704","56.22","United States"
"941","AngloGold Ashanti","AU","21615722496","42.88","South Africa"
"942","Pembina Pipeline","PBA","21580546048","37.15","Canada"
"943","REA Group","REA.AX","21557725219","163.171","Australia"
"944","CLP Group","0002.HK","21534717777","8.52371","Hong Kong"
"945","ABN AMRO","ABN.AS","21490414073","25.7973","Netherlands"
"946","Pinterest","PINS","21482874880","31.75","United States"
"947","ASE Group","ASX","21469536256","9.88","Taiwan"
"948","Bandai Namco","7832.T","21423102853","33.1003","Japan"
"949","Central Japan Railway","9022.T","21314521712","21.639","Japan"
"950","Itaúsa","ITSA3.SA","21297757102","1.95095","Brazil"
"951","Nutanix","NTNX","21295628288","79.86","United States"
"952","Sandoz Group","SDZ.SW","21238986579","49.3125","Switzerland"
"953","Daiwa House","1925.T","21221859173","34.3072","Japan"
"954","Techtronic Industries","0669.HK","21189902897","11.5693","Hong Kong"
"955","MTU Aero Engines","MTX.DE","21188109191","393.939","Germany"
"956","Grasim Industries","GRASIM.NS","21184207659","31.2261","India"
"957","SBI Life Insurance","SBILIFE.NS","21168506598","21.1199","India"
"958","Jio Financial Services","JIOFIN.NS","21021581175","3.30824","India"
"959","International Consolidated Airlines","BABWF","21003282432","3.8","Spain"
"960","Indian Railway Finance","IRFC.NS","20977793037","1.60522","India"
"961","MTR Corporation","0066.HK","20952315963","3.37117","Hong Kong"
"962","Telenor","TEL.OL","20938759548","15.3032","Norway"
"963","Nippon Steel","5401.T","20918290243","20.0137","Japan"
"964","China Securities","601066.SS","20850185768","3.20986","China"
"965","Natera","NTRA","20820686848","152.48","United States"
"966","T. Rowe Price","TROW","20811048960","94.46","United States"
"967","Straumann","STMN.SW","20805678009","130.483","Switzerland"
"968","GlobalFoundries","GFS","20791431168","37.48","United States"
"969","Amer Sports","AS","20788281344","37.49","Finland"
"970","Bank Hapoalim","POLI.TA","20787015804","1574.92","Israel"
"971","Hubbell","HUBB","20782757888","389.39","United States"
"972","CMS Energy","CMS","20747241472","69.36","United States"
"973","Waters Corporation","WAT","20736540672","348.46","United States"
"974","Northern Trust","NTRS","20698951680","106.4","United States"
"975","Amcor","AMCR","20690800640","9.03","Switzerland"
"976","NVR","NVR","20674988032","7071.2","United States"
"977","United Microelectronics","UMC","20661458944","8.07","Taiwan"
"978","Borouge","BOROUGE.AE","20625019139","0.69","United Arab Emirates"
"979","Industries Qatar","IQCD.QA","20609888211","3.40659","Qatar"
"980","NetApp","NTAP","20592295936","99.78","United States"
"981","Kaō","4452.T","20545922962","44.2338","Japan"
"982","Associated British Foods","ABF.L","20525701378","2820.86","United Kingdom"
"983","Emcor","EME","20513038336","458.31","United States"
"984","CMOC","3993.HK","20459339812","0.801931","China"
"985","Grab Holdings","GRAB","20455041024","4.96","Singapore"
"986","PTC","PTC","20435539968","170.37","United States"
"987","Expedia Group","EXPE","20430886912","160.72","United States"
"988","Terna","TRN.MI","20402154616","10.1714","Italy"
"989","Essity","ESSITY-B.ST","20394858152","29.4911","Sweden"
"990","Lennox","LII","20389564416","574.6","United States"
"991","Leidos","LDOS","20376217600","158.3","United States"
"992","TDK","6762.T","20345372349","10.7219","Japan"
"993","AerCap","AER","20319002624","112.09","Ireland"
"994","Invitation Homes","INVH","20288610304","33.1","United States"
"995","Resona Holdings","8308.T","20288156815","8.83838","Japan"
"996","Dow","DOW","20265734144","28.67","United States"
"997","LabCorp","LH","20246192128","241.89","United States"
"998","Divis Laboratories","DIVISLAB.NS","20208011672","76.1219","India"
"999","PBBank (Public Bank Bhd)","1295.KL","20200350153","1.04068","Malaysia"
"1000","Next plc","NXT.L","20188069266","17299.6","United Kingdom"
"1001","Vedanta","VEDL.NS","20178559486","5.16697","India"
"1002","Nornickel","GMKN.ME","20163812200","1.32","Russia"
"1003","MFHC","2886.TW","20112666129","1.3559","Taiwan"
"1004","Ritchie Bros. Auctioneers","RBA","20110833664","108.54","Canada"
"1005","CVC Capital Partners plc","CVC.AS","20040527232","18.3407","Jersey"
"1006","Devon Energy","DVN","19994992640","31.14","United States"
"1007","Naver","035420.KS","19993452965","133.916","South Korea"
"1008","Snam","SRG.MI","19933762070","5.94257","Italy"
"1009","XPeng","XPEV","19925344256","20.5","China"
"1010","OTP Bank","OTP.BD","19892064345","77.001","Hungary"
"1011","BOE Technology","000725.SZ","19882245240","0.531959","China"
"1012","SGS","SGSN.SW","19818491488","104.919","Switzerland"
"1013","Williams-Sonoma","WSM","19809607680","160.39","United States"
"1014","BCE","BCE","19791583232","21.47","Canada"
"1015","Tenaga Nasional","TNABY","19789998080","13.58","Malaysia"
"1016","Tyson Foods","TSN","19763861504","55.48","United States"
"1017","Gold Fields","GFI","19761969152","22.04","South Africa"
"1018","PulteGroup","PHM","19758094336","98.58","United States"
"1019","HDFC Life","HDFCLIFE.NS","19730192779","9.16328","India"
"1020","Huatai Securities","601688.SS","19711581046","2.32001","China"
"1021","Brambles","BXB.AX","19611504757","14.2653","Australia"
"1022","ZTE","000063.SZ","19601038670","4.3448","China"
"1023","Asahi Group","2502.T","19593913756","13.0378","Japan"
"1024","Coca-Cola HBC","CCH.L","19591306043","5390.67","Switzerland"
"1025","Coca-Cola FEMSA","KOF","19548225536","93.05","Mexico"
"1026","Hansoh Pharma","3692.HK","19475015219","3.2754","China"
"1027","SS&C Technologies","SSNC","19461632000","78.9","United States"
"1028","Teva Pharmaceutical Industries","TEVA","19427471360","16.94","Israel"
"1029","Varun Beverages","VBL.NS","19407850093","5.73879","India"
"1030","Sonova","SOON.SW","19386887189","325.24","Switzerland"
"1031","International Flavors & Fragrances","IFF","19368419328","75.72","United States"
"1032","Steel Dynamics","STLD","19282690048","129.89","United States"
"1033","Pan Pacific International Holdings","7532.T","19238260550","32.2214","Japan"
"1034","Mediobanca","MB.MI","19212472555","23.3685","Italy"
"1035","Regions Financial","RF","19210133504","21.37","United States"
"1036","Shinhan Financial Group","SHG","19209900032","38.92","South Korea"
"1037","On Holding","ONON","19182671872","58.82","Switzerland"
"1038","Summit Therapeutics","SMMT","19138502656","25.77","United Kingdom"
"1039","Deckers Brands","DECK","19137183744","126.09","United States"
"1040","Viking Holdings","VIK","19130482688","43.17","Bermuda"
"1041","McCormick & Company","MKC","19122704384","71.31","United States"
"1042","Doosan Enerbility","034020.KS","19111646950","29.8403","South Korea"
"1043","SM Investments Corporation","SVTMF","19089223680","15.537","Philippines"
"1044","Tatneft","TATN.ME","19073137039","8.63","Russia"
"1045","Carlsberg","CARL-B.CO","18997711693","142.322","Denmark"
"1046","Quest Diagnostics","DGX","18935527424","169.62","United States"
"1047","Abu Dhabi Islamic Bank (ADIB)","ADIB.AE","18928925800","5.21","United Arab Emirates"
"1048","Dollar Tree","DLTR","18907015168","89.97","United States"
"1049","Essex Property Trust","ESS","18903019520","273.76","United States"
"1050","Coles Group","COL.AX","18882549140","14.026","Australia"
"1051","China Merchants Securities","600999.SS","18868027499","2.27684","China"
"1052","Northern Star","NST.AX","18824024449","13.1595","Australia"
"1053","CyberArk Software","CYBR","18800287744","373.81","Israel"
"1054","Uniper","UN0.DE","18788879864","45.1141","Germany"
"1055","New China Life Insurance","601336.SS","18743341632","6.99206","China"
"1056","Legal &amp; General","LGEN.L","18685452128","324.196","United Kingdom"
"1057","Adani Green Energy","ADANIGREEN.NS","18676099400","11.5885","India"
"1058","Coterra Energy","CTRA","18631200768","24.41","United States"
"1059","Watsco","WSO","18563276800","456.08","United States"
"1060","Pro Medicus","PME.AX","18559229720","177.495","Australia"
"1061","Mid-America Apartment Communities","MAA","18547421184","154.41","United States"
"1062","ULTA Beauty","ULTA","18528247808","410.39","United States"
"1063","Sumitomo Mitsui Trust Holdings","8309.T","18518895175","26.0478","Japan"
"1064","Lifco","LIFCO-B.ST","18514432211","40.7613","Sweden"
"1065","Biogen","BIIB","18506487808","126.3","United States"
"1066","Bank of Beijing","601169.SS","18490188183","0.87453","China"
"1067","Evergreen Marine","2603.TW","18487333982","8.53903","Taiwan"
"1068","Global Payments","GPN","18466594816","75.72","United States"
"1069","The Saudi British Bank","1060.SR","18408462607","8.95881","Saudi Arabia"
"1070","Loews Corporation","L","18367358976","87.59","United States"
"1071","Pure Storage","PSTG","18336364544","56.05","United States"
"1072","Weyerhaeuser","WY","18313144320","25.25","United States"
"1073","Konami Holdings","9766.T","18293081438","134.948","Japan"
"1074","Shandong Gold Mining","600547.SS","18288736397","4.29188","China"
"1075","ST Engineering","S63.SI","18287688053","5.85787","Singapore"
"1076","China Overseas Land &amp; Investment","0688.HK","18252915396","1.66771","Hong Kong"
"1077","Rivian","RIVN","18239541248","15.91","United States"
"1078","Erie Indemnity","ERIE","18236626944","348.76","United States"
"1079","KPN","KPN.AS","18220659231","4.68846","Netherlands"
"1080","Arca Continental","AC.MX","18214350429","10.7257","Mexico"
"1081","Xero","XRO.AX","18203238396","117.123","New Zealand"
"1082","Prysmian Group","PRY.MI","18184432804","62.6717","Italy"
"1083","InterContinental Hotels Group","IHG","18181070848","117.75","United Kingdom"
"1084","Chewy","CHWY","18171117568","43.93","United States"
"1085","Weichai Power","2338.HK","18169791352","1.96396","China"
"1086","Royalty Pharma","RPRX","18165975040","32.31","United Kingdom"
"1087","Reddit","RDDT","18142103552","98.32","United States"
"1088","Zimmer Biomet","ZBH","18136725504","91.67","United States"
"1089","NiSource","NI","18122065920","38.5","United States"
"1090","Pidilite","PIDILITIND.NS","18106651997","35.5975","India"
"1091","LyondellBasell","LYB","18104463360","56.33","United States"
"1092","Alinma Bank","1150.SR","18081692344","7.27903","Saudi Arabia"
"1093","Kerry Group","KRZ.IR","18049450986","109.692","Ireland"
"1094","Ryan Specialty Group","RYAN","18046009344","68.72","United States"
"1095","Nomura Holdings","NMR","18022711296","5.99","Japan"
"1096","China Railway Group","0390.HK","18011238268","0.44949","China"
"1097","Bolloré","BOL.PA","18008475878","6.43514","France"
"1098","Bajaj Holdings &amp; Investment","BAJAJHLDNG.NS","17965736438","161.426","India"
"1099","GFL Environmental","GFL","17891635200","48.79","Canada"
"1100","Al Dar Properties","ALDAR.AE","17876911419","2.27","United Arab Emirates"
"1101","Alfa Laval","ALFA.ST","17796688562","43.0573","Sweden"
"1102","Kinross Gold","KGC","17795629056","14.48","Canada"
"1103","Southwest Airlines","LUV","17785516032","31.21","United States"
"1104","Traton","8TRA.DE","17773238289","35.5465","Germany"
"1105","Tenaris","TS","17726431232","32.39","Luxembourg"
"1106","Jabil","JBL","17722660864","165.1","United States"
"1107","Fresenius Medical Care","FMS","17705146368","29.32","Germany"
"1108","Twilio","TWLO","17691863040","115.88","United States"
"1109","Teck Resources","TECK","17674418176","35.47","Canada"
"1110","ON Semiconductor","ON","17672355840","42.29","United States"
"1111","Ems-Chemie","EMSN.SW","17651594151","754.696","Switzerland"
"1112","CIMB Group","1023.KL","17643324307","1.64144","Malaysia"
"1113","Rubrik","RBRK","17618397184","91.11","United States"
"1114","Genuine Parts Company","GPC","17611063296","126.89","United States"
"1115","FactSet","FDS","17607073792","463.99","United States"
"1116","OMV","OMV.F","17580085693","53.5694","Austria"
"1117","LTIMindtree","LTIM.NS","17564202046","59.2466","India"
"1118","US Foods","USFD","17557151744","75.89","United States"
"1119","Galaxy Entertainment","0027.HK","17541793810","4.00965","Hong Kong"
"1120","DocuSign","DOCU","17522585600","86.53","United States"
"1121","Sungrow Power Supply","300274.SZ","17495685544","8.43894","China"
"1122","Guidewire Software","GWRE","17447186432","208","United States"
"1123","Corebridge Financial","CRBG","17415917568","31.65","United States"
"1124","Ecopetrol","EC","17412880384","8.47","Colombia"
"1125","Astellas Pharma","4503.T","17395202793","9.71734","Japan"
"1126","Eicher Motors","EICHERMOT.NS","17389107978","63.4056","India"
"1127","Western Digital","WDC","17388081152","49.84","United States"
"1128","Sumitomo Realty &amp; Development","8830.T","17382323447","37.2021","Japan"
"1129","TPG Capital","TPG","17365954560","46.99","United States"
"1130","Symbotic","SYM","17352251392","29.43","United States"
"1131","Principal","PFG","17341173760","77.35","United States"
"1132","Continental","CON.DE","17337938922","86.6871","Germany"
"1133","Nippon Paint","4612.T","17326455645","7.37695","Japan"
"1134","Packaging Corporation of America","PKG","17323849728","192.53","United States"
"1135","DraftKings","DKNG","17305493504","34.87","United States"
"1136","China Tourism Group Duty Free","601888.SS","17293362195","8.47793","China"
"1137","China Communications Construction","601800.SS","17280427938","1.21849","China"
"1138","Tourmaline Oil","TOU.TO","17269150958","46.0979","Canada"
"1139","Moncler","MONC.MI","17248410106","61.5821","Italy"
"1140","Citizens Financial Group","CFG","17246220288","39.77","United States"
"1141","Gen Digital","GEN","17217585152","27.76","United States"
"1142","KeyCorp (KeyBank)","KEY","17195296768","15.69","United States"
"1143","Amundi","AMUN.PA","17180767531","83.532","France"
"1144","Halliburton","HAL","17159910400","19.96","United States"
"1145","Investment AB Latour","LATO-B.ST","17145068634","26.8177","Sweden"
"1146","Banco BPM","BAMI.MI","17111330546","11.3721","Italy"
"1147","Hindalco Industries","HINDALCO.NS","17073921725","7.63333","India"
"1148","ASICS Corporation","7936.T","17070691896","24.0318","Japan"
"1149","Euronext","ENX.PA","17050858645","165.929","Netherlands"
"1150","Hanwha Ocean (DSME)","042660.KS","17031018763","55.5848","South Korea"
"1151","Air China","601111.SS","17019563804","1.09028","China"
"1152","Emirates Islamic Bank","EIB.AE","17004718268","3.13138","United Arab Emirates"
"1153","Elbit Systems","ESLT","17004659712","376.53","Israel"
"1154","Telkom Indonesia","TLK","16955882496","17.06","Indonesia"
"1155","Grupo ACS","ACS.MC","16920271043","67.9832","Spain"
"1156","Bouygues","EN.PA","16894333429","44.7963","France"
"1157","Trimble","TRMB","16889574400","70.79","United States"
"1158","Banco Sabadell","SAB.MC","16874657660","3.20395","Spain"
"1159","Kyocera","6971.T","16848747633","11.9601","Japan"
"1160","Ørsted","DOGEF","16847221760","40.09","Denmark"
"1161","Carlisle Companies","CSL","16845979648","389.47","United States"
"1162","JD Health","6618.HK","16813273730","5.25469","China"
"1163","Snap-on","SNA","16792732672","321.14","United States"
"1164","Molina Healthcare","MOH","16789533696","309.77","United States"
"1165","First Solar","FSLR","16767599616","156.35","United States"
"1166","Ralph Lauren","RL","16735029248","277.42","United States"
"1167","Symrise","SY1.DE","16704110698","119.51","Germany"
"1168","Metro","MRU.TO","16693870259","76.0572","Canada"
"1169","Anhui Conch Cement","AHCHF","16687553536","2.89","China"
"1170","CK Infrastructure","1038.HK","16682430404","6.62104","Hong Kong"
"1171","Bank of Nanjing","601009.SS","16656455584","1.50397","China"
"1172","HMM","011200.KS","16643180320","16.2366","South Korea"
"1173","Centrais Electricas Brasileiras","EBR","16619672576","7.35","Brazil"
"1174","JBS","JBSS3.SA","16610154593","7.48839","Brazil"
"1175","Hong Kong and China Gas","0003.HK","16608074648","0.890041","Hong Kong"
"1176","Hua Xia Bank","600015.SS","16599721906","1.04303","China"
"1177","EDP Group","EDP.F","16568598924","3.91669","Portugal"
"1178","Lodha Group","LODHA.NS","16552467057","16.5888","India"
"1179","Prada","1913.HK","16533602777","6.46142","Italy"
"1180","Domino's Pizza","DPZ","16513306624","482.26","United States"
"1181","Ambuja Cements","AMBUJACEM.NS","16511227533","6.70338","India"
"1182","TransUnion","TRU","16482049024","84.48","United States"
"1183","News Corp","NWS","16464231424","31.98","United States"
"1184","Tech Mahindra","TECHM.NS","16431680314","18.5555","India"
"1185","Tapestry","TPR","16405432320","78.99","United States"
"1186","NN Group","NN.AS","16382675111","61.0146","Netherlands"
"1187","AIER Eye Hospital","300015.SZ","16339476178","1.75185","China"
"1188","F5","FFIV","16338142208","284.48","United States"
"1189","Burlington Stores","BURL","16320657408","259.1","United States"
"1190","Comfort Systems USA","FIX","16305423360","462.24","United States"
"1191","Singapore Airlines","C6L.SI","16301299324","5.48446","Singapore"
"1192","Solar Industries India","SOLARINDS.NS","16292594648","180.048","India"
"1193","Knorr-Bremse","KBX.DE","16291975975","101.067","Germany"
"1194","Sage Group","SGE.L","16255453731","1674.29","United Kingdom"
"1195","Dynatrace","DT","16246865920","54.19","United States"
"1196","Bharat Petroleum","BPCL.NS","16245342181","3.74445","India"
"1197","Credicorp","BAP","16224059392","204.42","Bermuda"
"1198","Renault","RNO.PA","16219019898","54.5682","France"
"1199","AIB Group (Allied Irish Banks)","A5G.IR","16211902685","7.58711","Ireland"
"1200","Hormel Foods","HRL","16194938880","29.45","United States"
"1201","CNH Industrial","CNH","16192613376","12.96","United Kingdom"
"1202","Casey's General Stores","CASY","16165062656","444.05","United States"
"1203","Brown Forman","BF-A","16154090496","34.08","United States"
"1204","Clorox","CLX","16133817344","130.9","United States"
"1205","Cholamandalam Investment and Finance","CHOLAFIN.NS","16076667356","19.1156","India"
"1206","Pentair","PNR","16066062336","97.65","United Kingdom"
"1207","Saudi Electricity","5110.SR","16064229141","3.85549","Saudi Arabia"
"1208","Carlyle Group","CG","16045273088","44.43","United States"
"1209","E.SUN Bank","2884.TW","16033147406","1.00233","Taiwan"
"1210","OBIC","4684.T","16018239145","36.4139","Japan"
"1211","Booz Allen Hamilton","BAH","16018060288","129.13","United States"
"1212","Hyundai Mobis","012330.KS","16016269499","176.994","South Korea"
"1213","Sartorius","SRT.DE","15996439650","206.333","Germany"
"1214","Vestas Wind Systems","VWS.CO","15936294428","15.8161","Denmark"
"1215","Aselsan","ASELS.IS","15914434796","3.49001","Turkey"
"1216","bioMérieux","BIM.PA","15886756246","133.697","France"
"1217","Industrivarden","INDU-A.ST","15883200762","36.7565","Sweden"
"1218","AMH (American Homes 4 Rent)","AMH","15862474752","37.63","United States"
"1219","Telefonica Brasil","VIV","15860191232","9.79","Brazil"
"1220","Cooper Companies","COO","15856589824","79.3","United States"
"1221","Kaspi.kz Joint Stock Company","KKS.F","15853188896","81.943","Kazakhstan"
"1222","Nemetschek","NEM.F","15852371881","135.399","Germany"
"1223","Equitable Holdings","EQH","15842046976","52.13","United States"
"1224","Yum China","YUMC","15840230400","42.52","China"
"1225","Sprouts Farmers Market","SFM","15830586368","161.77","United States"
"1226","Sun Communities","SUI","15818153984","118.98","United States"
"1227","Affirm","AFRM","15797722112","48.97","United States"
"1228","Grupo Financiero Inbursa","GFINBURO.MX","15789841635","2.59928","Mexico"
"1229","Banco de Chile","BCH","15783040000","30.9","Chile"
"1230","Inpex","1605.T","15751958695","13.1529","Japan"
"1231","Nippon Yūsen","9101.T","15750201340","36.4069","Japan"
"1232","Power Finance Corp","PFC.NS","15726309927","4.76481","India"
"1233","Alliant Energy","LNT","15723379712","61.21","United States"
"1234","Dubai Islamic Bank","DIB.AE","15703835360","2.17291","United Arab Emirates"
"1235","LONGi Green Energy Technology","601012.SS","15703404089","2.07222","China"
"1236","Tryg","TRYG.CO","15698851294","25.9722","Denmark"
"1237","Curtiss-Wright","CW","15676109824","415.93","United States"
"1238","Zillow","Z","15656882176","65.03","United States"
"1239","Kingspan Group","KRX.IR","15638392954","85.9153","Ireland"
"1240","Jerónimo Martins","JEM.F","15605646106","24.8326","Portugal"
"1241","Chongqing Changan","000625.SZ","15571706332","1.78387","China"
"1242","Expeditors","EXPD","15569618944","113.69","United States"
"1243","Reliance","RS","15556612096","295.82","United States"
"1244","Astera Labs","ALAB","15551673344","94.3","United States"
"1245","Baxter","BAX","15533807616","30.27","United States"
"1246","Britannia Industries","BRITANNIA.NS","15517017341","64.4212","India"
"1247","Futu Holdings","FUTU","15515569152","111.44","Hong Kong"
"1248","TVS Motor","TVSMOTOR.NS","15510253357","32.6492","India"
"1249","Flex","FLEX","15470214144","41.44","Singapore"
"1250","Bureau Veritas","BVI.PA","15440872873","34.298","France"
"1251","Secom","9735.T","15438300974","37.2231","Japan"
"1252","BDO Unibank","BDOUY","15436004352","29.275","Philippines"
"1253","Vodacom","VOD.JO","15417677300","7.92312","South Africa"
"1254","ASUS","2357.TW","15410164114","20.7472","Taiwan"
"1255","MongoDB","MDB","15409644544","188.58","United States"
"1256","Yankuang Energy (Yanzhou Coal Mining)","600188.SS","15409238700","1.79641","China"
"1257","Fortum","FORTUM.HE","15377013206","17.1377","Finland"
"1258","Telia Company","TELIA.ST","15376454923","3.91048","Sweden"
"1259","Godrej","GODREJCP.NS","15358618539","14.9989","India"
"1260","Sumitomo Denki Kōgyō","5802.T","15357654648","19.6928","Japan"
"1261","BJ's Wholesale Club","BJ","15314070528","115.97","United States"
"1262","Computershare","CPU.AX","15298507423","25.8599","Australia"
"1263","Jacobs Engineering","J","15236981760","126.81","United States"
"1264","Oracle Corp Japan","4716.T","15203522166","118.764","Japan"
"1265","Evergy","EVRG","15167598592","65.92","United States"
"1266","Repsol","REP.MC","15162119641","13.2618","Spain"
"1267","AMEC","688012.SS","15150075449","24.2403","China"
"1268","Uni-President Enterprises","1216.TW","15143208748","2.66511","Taiwan"
"1269","UDR Apartments","UDR","15117539328","40.1","United States"
"1270","Tata Power","TATAPOWER.NS","15084499441","4.72078","India"
"1271","International Container Terminal Services","ICTEF","15061293056","7.46","Philippines"
"1272","UPM-Kymmene","UPM.HE","15057849688","28.5552","Finland"
"1273","Brookfield Renewable Partners","BEP","15050449920","22.87","Bermuda"
"1274","Lenovo","0992.HK","15048287972","1.21311","Hong Kong"
"1275","Brookfield Infrastructure Partners","BIP","15048079360","32.36","Bermuda"
"1276","Henderson Land Development","0012.HK","15022893201","3.10301","Hong Kong"
"1277","Nippon Sanso","4091.T","14998016763","34.649","Japan"
"1278","Tenet Healthcare","THC","14985137152","161.33","United States"
"1279","West Pharmaceutical","WST","14979047424","208.49","United States"
"1280","Best Buy","BBY","14978902016","70.76","United States"
"1281","Ares Capital","ARCC","14938797056","21.52","United States"
"1282","Airports of Thailand","AOT.BK","14922083571","1.04455","Thailand"
"1283","HD Korea Shipbuilding &amp; Offshore Engineering","009540.KS","14920982778","211.003","South Korea"
"1284","Wilmar International","F34.SI","14909315729","2.38827","Singapore"
"1285","Wise PLC","WISE.L","14898155835","1481.96","United Kingdom"
"1286","ABB India","ABB.NS","14832017395","69.9927","India"
"1287","Ball Corporation","BALL","14791926784","53.32","United States"
"1288","GAIL","GAIL.NS","14767410962","2.24597","India"
"1289","Bank of Baroda","BANKBARODA.NS","14761898200","2.85372","India"
"1290","Western Midstream","WES","14753541120","38.69","United States"
"1291","Grupo Carso","GCARSOA1.MX","14753237872","6.54156","Mexico"
"1292","Fidelity National Financial","FNF","14726196224","53.62","United States"
"1293","monday.com","MNDY","14708517888","289.69","Israel"
"1294","China Longyuan Power Group","0916.HK","14706156301","0.850455","China"
"1295","Halma","HLMA.L","14682082175","3892.51","United Kingdom"
"1296","Zebra Technologies","ZBRA","14664345600","288.36","United States"
"1297","Paycom","PAYC","14648576000","261.5","United States"
"1298","Aker BP","AKRBP.OL","14644887816","23.1723","Norway"
"1299","Qatar Islamic Bank","QIBK.QA","14599531464","6.17857","Qatar"
"1300","Aptiv","APTV","14581378048","66.97","Ireland"
"1301","Sekisui House","1928.T","14580238035","22.4971","Japan"
"1302","SoFi","SOFI","14579697664","13.19","United States"
"1303","Shriram Transport Finance","SHRIRAMFIN.NS","14569988821","7.74781","India"
"1304","IHI Corporation","7013.T","14560535908","96.1968","Japan"
"1305","Emaar Development","EMAARDEV.AE","14540504441","3.63513","United Arab Emirates"
"1306","Q Holding","QHOLDING.AE","14510954935","0.89","United Arab Emirates"
"1307","CK Asset Holdings","1113.HK","14502160218","4.14373","Hong Kong"
"1308","Aluminum Corporation of China","601600.SS","14491540766","0.921877","China"
"1309","Bentley Systems","BSY","14456104960","47.65","United States"
"1310","RPM International","RPM","14446303232","112.49","United States"
"1311","YPF 
 (Yacimientos Petrolíferos Fiscales)","YPF","14424413184","36.12","Argentina"
"1312","IHH Healthcare","Q0F.SI","14413012894","1.63367","Malaysia"
"1313","Suncorp","SUN.AX","14405424155","13.3018","Australia"
"1314","CF Industries","CF","14404310016","88.91","United States"
"1315","Rogers Communication","RCI","14356137984","26.04","Canada"
"1316","Omnicom Group","OMC","14321339392","73.13","United States"
"1317","Everest Group","EG","14304418816","336.3","Bermuda"
"1318","Huaneng Power","600011.SS","14282736599","1.0291","China"
"1319","Olympus","7733.T","14255760054","12.6402","Japan"
"1320","Sabesp","SBS","14245672960","20.51","Brazil"
"1321","Hochtief","HOT.F","14241825936","188.514","Germany"
"1322","UL Solutions","ULS","14235429888","71","United States"
"1323","Rede D'Or Sao Luiz","RDOR3.SA","14206168253","6.43229","Brazil"
"1324","AECOM","ACM","14205158400","107.37","United States"
"1325","Meritz Financial Group","138040.KS","14180793725","79.8666","South Korea"
"1326","Power Assets","0006.HK","14150977815","6.64019","Hong Kong"
"1327","Wiwynn","6669.TW","14133337899","76.0507","Taiwan"
"1328","Chow Tai Fook","1929.HK","14130759075","1.41487","Hong Kong"
"1329","Pandora","PNDORA.CO","14128065875","181.668","Denmark"
"1330","Graco","GGG","14126080000","84.52","United States"
"1331","YANGHE","002304.SZ","14124673551","9.37613","China"
"1332","Yuanta Financial Holding","2885.TW","14095586933","1.08906","Taiwan"
"1333","Avery Dennison","AVY","14095060992","180.3","United States"
"1334","Hana Financial Group","086790.KS","14088102333","50.2457","South Korea"
"1335","Snap","SNAP","14088048640","8.43","United States"
"1336","Nexon","3659.T","14079754810","17.4745","Japan"
"1337","Cipla","CIPLA.NS","14074855977","17.4271","India"
"1338","Intra-Cellular Therapies","ITCI","14047055872","131.87","United States"
"1339","Informa plc","INF.L","14003753870","1074.62","United Kingdom"
"1340","Unum","UNM","14001103872","79.63","United States"
"1341","XPO Logistics","XPO","13993115648","118.78","United States"
"1342","Kimco Realty","KIM","13942583296","20.61","United States"
"1343","United Therapeutics","UTHR","13925309440","308.72","United States"
"1344","China Railway Construction","601186.SS","13925032195","1.09316","China"
"1345","Mizrahi-Tefahot","MZTF.TA","13922262142","5368.53","Israel"
"1346","Korea Electric Power","KEP","13904961536","10.83","South Korea"
"1347","Evolution Gaming","EVO.ST","13902477903","68.0403","Sweden"
"1348","Shionogi","4507.T","13883167846","16.32","Japan"
"1349","Liberty Broadband","LBRDA","13881055232","95.91","United States"
"1350","Dino Polska","DNP.WA","13811180717","140.873","Poland"
"1351","GameStop","GME","13803708416","30.86","United States"
"1352","Unicharm","8113.T","13800847370","7.88967","Japan"
"1353","Dick's Sporting Goods","DKS","13799929856","172.4","United States"
"1354","J. B. Hunt","JBHT","13791025152","139.03","United States"
"1355","Unipol Assicurazioni","UNI.MI","13789400631","19.2543","Italy"
"1356","Siemens India","SIEMENS.NS","13704004985","38.4813","India"
"1357","IDEX","IEX","13683393536","181.13","United States"
"1358","Almarai","2280.SR","13648989240","13.7315","Saudi Arabia"
"1359","Santander Polska","SPL.WA","13647764124","133.554","Poland"
"1360","ZTO Express","ZTO","13642530816","16.91","China"
"1361","Celestica","CLS","13610586112","118.32","Canada"
"1362","Warner Music Group","WMG","13589430272","26.07","United States"
"1363","Punjab National Bank","PNB.NS","13550109350","1.17864","India"
"1364","Accton Technology","2345.TW","13534597243","24.2161","Taiwan"
"1365","Bank of the Philippine Islands","BPHLY","13513318400","51.15","Philippines"
"1366","Power Financial","PWF-PS.TO","13495860715","14.6827","Canada"
"1367","Powszechny Zakład Ubezpieczeń","PZU.WA","13493267529","15.6258","Poland"
"1368","Santos","STO.AX","13483283155","4.15155","Australia"
"1369","True Corporation","TRUE.BK","13481157286","0.390169","Thailand"
"1370","China Southern Airlines","600029.SS","13462284014","0.836931","China"
"1371","SharkNinja","SN","13451079680","95.37","United States"
"1372","Max Healthcare Institute","MAXHEALTH.NS","13450902716","13.8212","India"
"1373","EVE Energy","300014.SZ","13446315261","6.5729","China"
"1374","Seven Group Holdings
 (SGH)","SGH.AX","13433161513","32.6563","Australia"
"1375","Vingroup Company","VIC.VN","13430196578","3.61025","Vietnam"
"1376","Subaru","7270.T","13414425819","18.3499","Japan"
"1377","Reinsurance Group of America","RGA","13408188416","202.89","United States"
"1378","Eiffage","FGR.PA","13405413996","140.506","France"
"1379","Admiral Group","ADM.L","13393458660","4470.18","United Kingdom"
"1380","Somnigroup International","SGI","13386984448","64.18","United States"
"1381","Julius Bär","BAER.SW","13380141067","65.3142","Switzerland"
"1382","Shree Cement","SHREECEM.NS","13367791131","369.807","India"
"1383","Textron","TXT","13266007040","73.48","United States"
"1384","Tata Consumer Products","TATACONSUM.NS","13254396291","13.395","India"
"1385","Jack Henry &amp; Associates","JKHY","13240860672","181.84","United States"
"1386","Bank of Ireland Group","BIRG.IR","13237970065","13.5853","Ireland"
"1387","B3","B3SA3.SA","13233665470","2.54102","Brazil"
"1388","Accor","AC.PA","13231053910","53.1949","France"
"1389","Insurance Australia Group","IAG.AX","13230431485","5.5936","Australia"
"1390","Link REIT","0823.HK","13223459848","5.12061","Hong Kong"
"1391","Masco","MAS","13221844992","62.68","United States"
"1392","Emera","EMA.TO","13212523934","44.3522","Canada"
"1393","Fannie Mae","FNMA","13190645760","11.39","United States"
"1394","FinecoBank","FBK.MI","13189698767","21.5696","Italy"
"1395","W. P. Carey","WPC","13186735104","60.22","United States"
"1396","CP All","CPALL.BK","13177386340","1.46697","Thailand"
"1397","United Spirits","UNITDSPR.BO","13157935265","18.5309","India"
"1398","Budweiser APAC","1876.HK","13157553325","0.997306","Hong Kong"
"1399","ASR Nederland","ASRNL.AS","13144395687","62.9213","Netherlands"
"1400","China Resources Power Holdings","0836.HK","13116020593","2.53349","Hong Kong"
"1401","Genmab","GMAB","13091596288","21.03","Denmark"
"1402","Performance Food Group","PFGC","13064816640","83.7","United States"
"1403","Lundbergföretagen","LUND-B.ST","13013001696","52.4718","Sweden"
"1404","BB Seguridade Participações","BBSE3.SA","12988638531","6.691","Brazil"
"1405","Mobileye","MBLY","12983831552","15.99","Israel"
"1406","Regency Centers","REG","12980843520","71.08","United States"
"1407","Mashreqbank","MASQ.AE","12973417781","64.6698","United Arab Emirates"
"1408","Porsche SE","PAH3.DE","12971568521","42.3561","Germany"
"1409","Morningstar","MORN","12956562432","306.67","United States"
"1410","Aéroports de Paris","ADP.PA","12955769797","130.746","France"
"1411","POSCO","PKX","12931148800","42.75","South Korea"
"1412","Unibail-Rodamco-Westfield","URW.PA","12913083954","90.1827","France"
"1413","Logitech","LOGI","12903374848","86.54","Switzerland"
"1414","Indian Hotels Company","INDHOTEL.NS","12886217034","9.04645","India"
"1415","Gjensidige Forsikring","GJF.OL","12869984582","25.7426","Norway"
"1416","Covestro","1COV.F","12844002597","68.0513","Germany"
"1417","Fisher & Paykel Healthcare","FPH.NZ","12836584328","21.5145","New Zealand"
"1418","Ivanhoe Mines","IVN.TO","12776750941","9.44558","Canada"
"1419","TKO Group Holdings","TKO","12771411968","156.23","United States"
"1420","Akelius Residential Property","AKEL-D.ST","12751378885","2.10419","Sweden"
"1421","Illumina","ILMN","12749481984","80.54","United States"
"1422","CNA Financial","CNA","12749003776","47.11","United States"
"1423","ENEOS Holdings","5020.T","12741935744","4.73729","Japan"
"1424","Falabella","FALABELLA.SN","12734215795","5.07574","Chile"
"1425","Banca Mediolanum","BMED.MI","12723118066","17.0809","Italy"
"1426","Equity LifeStyle Properties","ELS","12696572928","63.39","United States"
"1427","JDE Peet's","JDEP.AS","12692716504","26.1945","Netherlands"
"1428","Smith & Nephew","SNN","12659838976","28.4","United Kingdom"
"1429","APi Group","APG","12657125376","45.72","United States"
"1430","Gaming and Leisure Properties","GLPI","12650562560","46.03","United States"
"1431","Nitto Denko","6988.T","12630849320","18.3464","Japan"
"1432","Krafton","259960.KS","12621910465","277.558","South Korea"
"1433","Kubota","6326.T","12620482571","10.98","Japan"
"1434","SCB (Siam Commercial Bank)","SCB.BK","12620197439","3.74808","Thailand"
"1435","Torrent Pharmaceuticals","TORNTPHARM.NS","12616082453","37.2766","India"
"1436","Union Bank of India","UNIONBANK.NS","12596932453","1.6489","India"
"1437","KEPCO","9503.T","12593489522","11.3043","Japan"
"1438","BPER Banca","BPE.MI","12592573465","8.8957","Italy"
"1439","Teradyne","TER","12591365120","78.49","United States"
"1440","Alteogen","196170.KQ","12590191210","236.235","South Korea"
"1441","MTN Group","MTN.JO","12579301800","6.90306","South Africa"
"1442","Solventum","SOLV","12571124736","72.66","United States"
"1443","Albertsons","ACI","12568623104","21.83","United States"
"1444","Taiwan Cooperative Financial","5880.TW","12568344558","0.82555","Taiwan"
"1445","Hua Nan Financial Holdings","2880.TW","12547436651","0.910607","Taiwan"
"1446","Swire Properties","1972.HK","12542653819","2.17849","Hong Kong"
"1447","East West Bancorp","EWBC","12533805056","90.94","United States"
"1448","Texas Roadhouse","TXRH","12520669184","188.73","United States"
"1449","Align Technology","ALGN","12511601664","172.61","United States"
"1450","CG Power and Industrial Solutions","CGPOWER.NS","12503733376","8.17756","India"
"1451","Incyte","INCY","12487200768","64.51","United States"
"1452","WuXi Biologics","WXXWY","12483993600","6.05","China"
"1453","Grupo Bimbo","BIMBOA.MX","12476890177","2.88896","Mexico"
"1454","ageas","AGS.BR","12464269554","64.9756","Belgium"
"1455","Rural Electrification Corp","RECLTD.NS","12444767443","4.72606","India"
"1456","Origin Energy","ORG.AX","12443745791","7.14558","Australia"
"1457","TechnipFMC","FTI","12392438784","29.56","United Kingdom"
"1458","Shinkin Central Bank","8421.T","12392410423","1423.07","Japan"
"1459","JAC Motors","600418.SS","12379090489","5.66806","China"
"1460","Orient Overseas Container Line","0316.HK","12370767329","18.733","Hong Kong"
"1461","Adani Energy Solutions","ADANIENSOL.NS","12363877431","10.2923","India"
"1462","Scentre Group","SCG.AX","12361393255","2.37324","Australia"
"1463","SPEEH Hidroelectrica","H2O.RO","12360891203","27.4807","Romania"
"1464","ARC Resources","ARX.TO","12357272464","21.1222","Canada"
"1465","First Financial Holding","2892.TW","12357128676","0.907271","Taiwan"
"1466","Bank Pekao (Bank Polska Kasa Opieki)","PEO.WA","12356519763","47.0778","Poland"
"1467","PTT Exploration and Production","PTTEP.BK","12318555658","3.10292","Thailand"
"1468","Recordati","REC.MI","12268677535","58.6199","Italy"
"1469","Instacart (Maplebear Inc.)","CART","12262367232","47.03","United States"
"1470","Coherent Corp.","COHR","12261184512","78.88","United States"
"1471","Woodward","WWD","12257267712","206","United States"
"1472","Samvardhana Motherson","MOTHERSON.NS","12246561943","1.74048","India"
"1473","SEGRO","SGRO.L","12239741766","891.336","United Kingdom"
"1474","Camden Property Trust","CPT","12222267392","114.4","United States"
"1475","GarantiBank","GARAN.IS","12215027120","2.90834","Turkey"
"1476","Formosa Petrochemical","6505.TW","12201362632","1.28085","Taiwan"
"1477","Clean Harbors","CLH","12201146368","227.72","United States"
"1478","Mitsui O.S.K. Lines","9104.T","12188876329","35.2419","Japan"
"1479","Allegion","ALLE","12187162624","141.63","Ireland"
"1480","Saudi Arabian Fertilizer Company","2020.SR","12184871009","25.5966","Saudi Arabia"
"1481","Hyatt Hotels","H","12174496768","127.54","United States"
"1482","Hologic","HOLX","12140595200","54.48","United States"
"1483","Builders FirstSource","BLDR","12138967040","109.84","United States"
"1484","Helvetia Holding","HELN.SW","12135125090","229.495","Switzerland"
"1485","SM Prime Holdings","SPHXF","12127374336","0.42","Philippines"
"1486","Antero Resources","AR","12126078976","39.05","United States"
"1487","Capcom","9697.T","12120237987","28.9776","Japan"
"1488","Abu Dhabi National Oil Company (ADNOC)","ADNOCDIST.AE","12117086453","0.97","United Arab Emirates"
"1489","First Quantum Minerals","FM.TO","12091256024","14.4943","Canada"
"1490","Mapfre","MAP.MC","12086980583","3.94053","Spain"
"1491","Houlihan Lokey","HLI","12084098048","173.14","United States"
"1492","Samsung Life Insurance","032830.KS","12083041282","67.2869","South Korea"
"1493","Rakuten","4755.T","12062560713","5.59462","Japan"
"1494","Banco Santander-Chile","BSAC","12057910272","24.91","Chile"
"1495","Insmed","INSM","12050317312","66.16","United States"
"1496","Shimano","7309.T","12041905847","137.389","Japan"
"1497","Universal Health Services","UHS","12027800576","186.65","United States"
"1498","Juniper Networks","JNPR","12027757568","35.97","United States"
"1499","Fujikura","5803.T","12023182060","43.578","Japan"
"1500","Kakao","035720.KS","12010080861","27.3536","South Korea"
"1501","Tōkyō Gas","9531.T","11987323603","32.8771","Japan"
"1502","Hims &amp; Hers Health","HIMS","11979488256","53.52","United States"
"1503","HealthSouth","EHC","11955531776","118.61","United States"
"1504","Bankinter","BKT.MC","11948701650","13.2959","Spain"
"1505","Kasikornbank","KBANK.BK","11937638468","5.0384","Thailand"
"1506","Apollo Hospitals","APOLLOHOSP.NS","11926931776","82.9498","India"
"1507","J.M. Smucker Company","SJM","11917639680","111.99","United States"
"1508","Rocket Lab","RKLB","11914174464","25.82","United States"
"1509","BELIMO Holding","BEAN.SW","11902984875","967.73","Switzerland"
"1510","MasTec","MTZ","11896175616","150.77","United States"
"1511","Dr. Reddy's","RDY","11883630592","14.28","India"
"1512","Indus Towers","INDUSTOWER.NS","11878511194","4.50414","India"
"1513","IDBI Bank","IDBI.NS","11877896356","1.10302","India"
"1514","Alexandria Real Estate Equities","ARE","11868774400","68.61","United States"
"1515","Rentokil Initial","RTO","11850465280","23.34","United Kingdom"
"1516","Wan Hai Lines","2615.TW","11840492736","4.21948","Taiwan"
"1517","Astra International","ASII.JK","11834243609","0.292322","Indonesia"
"1518","Wärtsilä","WRT1V.HE","11807475419","20.0658","Finland"
"1519","Taiwan Mobile","3045.TW","11803457682","3.9026","Taiwan"
"1520","Kajima","1812.T","11798811147","25.0642","Japan"
"1521","Neurocrine Biosciences","NBIX","11788806144","119.12","United States"
"1522","CapitaLand Mall Trust","C38U.SI","11778138096","1.61033","Singapore"
"1523","Galp Energia","GZ5.F","11777862980","15.5998","Portugal"
"1524","Tsingtao","600600.SS","11774977283","10.0223","China"
"1525","Nitori Holdings","9843.T","11766170241","104.114","Japan"
"1526","AkzoNobel","AKZA.AS","11761860874","68.8231","Netherlands"
"1527","Hikari Tsushin","9435.T","11760437350","268.151","Japan"
"1528","Elia Group","ELI.BR","11756876268","107.366","Belgium"
"1529","Salik Company","SALIK.AE","11742682707","1.56569","United Arab Emirates"
"1530","Lamar Advertising","LAMR","11739014144","114.65","United States"
"1531","Plains All American Pipeline","PAA","11688829952","16.62","United States"
"1532","Exelixis","EXEL","11688264704","42.86","United States"
"1533","Healthpeak Properties","DOC","11685392384","16.82","United States"
"1534","BSE","BSE.NS","11673717158","28.7439","India"
"1535","Primo Brands","PRMB","11668263936","31.26","United States"
"1536","ITT","ITT","11668061184","148.26","United States"
"1537","Pilgrim's Pride","PPC","11664080896","49.19","United States"
"1538","Etihad Etisalat (Mobily)","7020.SR","11661378073","15.1446","Saudi Arabia"
"1539","Full Truck Alliance","YMM","11651214336","11.14","China"
"1540","WH Group","0288.HK","11648774822","0.907918","Hong Kong"
"1541","Hotai Motor","2207.TW","11632636721","20.8806","Taiwan"
"1542","Royal Gold","RGLD","11631750144","176.73","United States"
"1543","RenaissanceRe","RNR","11616184320","238.77","Bermuda"
"1544","Suzano","SUZ","11615203328","9.4","Brazil"
"1545","Kirin Holdings","2503.T","11600240073","14.3214","Japan"
"1546","CTS Eventim","EVD.F","11592319201","119.964","Germany"
"1547","Hongkong Land","H78.SI","11587465216","5.27","Hong Kong"
"1548","Havells India","HAVELLS.NS","11583917771","18.4769","India"
"1549","FTAI Aviation","FTAI","11581648896","112.93","United States"
"1550","China Zheshang Bank","2016.HK","11566206249","0.362657","China"
"1551","Banque Saudi Fransi","1050.SR","11547667522","4.65538","Saudi Arabia"
"1552","Viper Energy","VNOM","11544565760","40.01","United States"
"1553","Grupo Aeroportuario del Pacífico","PAC","11542373376","227.2","Mexico"
"1554","Arab National Bank","1080.SR","11532222746","5.78056","Saudi Arabia"
"1555","Stantec","STN","11499269120","100.71","Canada"
"1556","Owens Corning","OC","11493994496","135.14","United States"
"1557","Singapore Exchange","S68.SI","11492610619","10.7355","Singapore"
"1558","T&amp;D Holdings","8795.T","11487260058","22.5319","Japan"
"1559","Evolution Mining","EVN.AX","11472440659","5.6712","Australia"
"1560","Eurofins Scientific","ERF.PA","11464843927","64.1017","Luxembourg"
"1561","C. H. Robinson","CHRW","11459915776","96.52","United States"
"1562","Lineage","LINE","11454772224","45.64","United States"
"1563","Mankind Pharma","MANKIND.NS","11441128103","28.5607","India"
"1564","GAC (Guangzhou Automobile Group)","601238.SS","11431088965","1.12101","China"
"1565","BXP, Inc.","BXP","11422900224","64.63","United States"
"1566","Canara Bank","CANBK.NS","11420597959","1.25884","India"
"1567","Crown Holdings","CCK","11415727104","98.08","United States"
"1568","Cochlear","COH.AX","11411420878","173.537","Australia"
"1569","Kazatomprom","0ZQ.F","11410972067","38.5881","Kazakhstan"
"1570","POOLCORP","POOL","11409015808","303.47","United States"
"1571","Ooredoo Qatar","ORDS.QA","11396000352","3.55769","Qatar"
"1572","Ciena","CIEN","11388737536","80.12","United States"
"1573","Manhattan Associates","MANH","11383455744","187.49","United States"
"1574","Franklin Resources","BEN","11356509184","21.61","United States"
"1575","VAT Group","VACN.SW","11353115367","378.74","Switzerland"
"1576","IonQ","IONQ","11345984512","45.79","United States"
"1577","Swiss Prime Site","SPSN.SW","11343226881","141.377","Switzerland"
"1578","Annaly Capital Management","NLY","11333317632","18.73","United States"
"1579","Jindal Steel &amp; Power","JINDALSTEL.NS","11328831707","11.1946","India"
"1580","RBC Bearings","RBC","11323976704","359.77","United States"
"1581","Ooredoo","ORDS.AE","11321316814","3.53","United Arab Emirates"
"1582","Info Edge","NAUKRI.NS","11314781243","17.4835","India"
"1583","Red Eléctrica","RED.MC","11303733896","20.917","Spain"
"1584","DWS Group","DWS.F","11272273585","56.3614","Germany"
"1585","LATAM Airlines","LTM","11266361344","36.88","Chile"
"1586","Dutch Bros","BROS","11260437504","68.46","United States"
"1587","Carpenter Technology","CRS","11250121728","226","United States"
"1588","Orkla","ORK.OL","11237390352","11.2896","Norway"
"1589","Pershing Square Holdings","PSHZF","11227624448","52.06","United States"
"1590","Banco Comercial Português (Millennium bcp)","BCP.LS","11225618885","0.749064","Portugal"
"1591","Shanghai Airport (AVINEX)","600009.SS","11224323387","4.51051","China"
"1592","AEGON","AEG","11198419968","6.97","Netherlands"
"1593","ServiceTitan","TTAN","11153313792","123.05","United States"
"1594","Nordson","NDSN","11145586688","195.84","United States"
"1595","Chongqing Rural Commercial Bank","3618.HK","11145313757","0.845347","China"
"1596","D'Ieteren Group","DIE.BR","11144425250","208.489","Belgium"
"1597","BOSCH India","BOSCHLTD.NS","11139337817","377.263","India"
"1598","BioMarin Pharmaceutical","BMRN","11124925440","58.01","United States"
"1599","Japan Exchange Group","8697.T","11107845070","10.68","Japan"
"1600","The Mosaic Company","MOS","11106256896","35.01","United States"
"1601","Enel Américas","ENELAM.SN","11095371942","0.101303","Chile"
"1602","TMX Group","X.TO","11087518102","39.8757","Canada"
"1603","Emirates Integrated Telecommunications Company","DU.AE","11083875263","2.4452","United Arab Emirates"
"1604","Entegris","ENTG","11077938176","73.17","United States"
"1605","Eurobank Ergasias Services and Holdings","EUROB.AT","11058728153","3.00987","Greece"
"1606","MakeMyTrip","MMYT","11058340864","100.73","India"
"1607","ICICI Lombard","ICICIGI.NS","11033685007","22.2518","India"
"1608","EDP Renováveis","EDPR.LS","11023689479","9.93644","Spain"
"1609","China Eastern Airlines","600115.SS","11019773219","0.540315","China"
"1610","Norsk Hydro","NHY.OL","11003226426","5.60129","Norway"
"1611","Severn Trent","SVT.L","10997064950","3663.06","United Kingdom"
"1612","Molson Coors","TAP","10992669696","54.31","United States"
"1613","Klépierre","LI.PA","10992018813","38.3838","France"
"1614","China Merchants Shekou Industrial Zone","001979.SZ","10990101318","1.21292","China"
"1615","Akamai","AKAM","10971258880","77.08","United States"
"1616","Vinhomes","VHM.VN","10970100511","2.67081","Vietnam"
"1617","Pearson","PSO","10925890560","16.56","United Kingdom"
"1618","AtkinsRéalis","ATRL.TO","10925339151","62.8232","Canada"
"1619","Bunzl","BNZL.L","10922401307","3225.76","United Kingdom"
"1620","Hong Kong Telecom","6823.HK","10911628721","1.44041","Hong Kong"
"1621","Wistron Corporation","3231.TW","10908834446","3.76918","Taiwan"
"1622","Service Corporation International","SCI","10903198720","76.59","United States"
"1623","ICICI Prulife","ICICIPRULI.NS","10900645372","7.54057","India"
"1624","Huazhu Hotels","HTHT","10880988160","35.45","China"
"1625","Gap Inc.","GAP","10880089088","28.89","United States"
"1626","Celcomdigi","6947.KL","10876887311","0.927152","Malaysia"
"1627","Paylocity","PCTY","10875359232","196.91","United States"
"1628","BKW AG","BKW.SW","10869470708","206.013","Switzerland"
"1629","Ahli United Bank","AUB.BH","10861061648","0","Bahrain"
"1630","Talen Energy","TLN","10860003328","238.63","United States"
"1631","Lincoln Electric","LECO","10853191680","194.41","United States"
"1632","National Bank of Greece","ETE.AT","10845093233","11.8942","Greece"
"1633","Strabag","XD4.F","10835473840","93.86","Austria"
"1634","Leonardo DRS","DRS","10833515520","40.72","United States"
"1635","GEA Group","G1A.F","10826156613","65.9971","Germany"
"1636","Essential Utilities","WTRG","10809833472","38.56","United States"
"1637","Alamos Gold","AGI","10808763392","25.68","Canada"
"1638","Bancolombia","CIB","10793462784","40.53","Colombia"
"1639","Obayashi","1802.T","10777878325","15.2457","Japan"
"1640","GMR Airports","GMRAIRPORT.NS","10771370945","1.01989","India"
"1641","Evonik Industries","EVK.DE","10768085784","23.1075","Germany"
"1642","Penske Automotive Group","PAG","10762951680","162.66","United States"
"1643","Swedish Orphan Biovitrum","SOBI.ST","10759068458","31.3258","Sweden"
"1644","Bank Albilad","1140.SR","10758565286","7.17238","Saudi Arabia"
"1645","Lundin Gold","LUG.TO","10746869393","44.6202","Canada"
"1646","HELLA","HLE.F","10744092503","96.4703","Germany"
"1647","Zydus Lifesciences","ZYDUSLIFE.NS","10740482086","10.6686","India"
"1648","Getlink","GET.PA","10736847450","19.7821","France"
"1649","Carrefour","CA.PA","10735051876","16.5702","France"
"1650","Kawasaki Heavy Industries","7012.T","10733517451","64.073","Japan"
"1651","Pinnacle West Capital","PNW","10732776448","89.89","United States"
"1652","Fresnillo","FNLPF","10721808384","14.55","Mexico"
"1653","Omega Healthcare Investors","OHI","10713780224","36","United States"
"1654","Far EasTone","4904.TW","10704046469","2.96865","Taiwan"
"1655","Puig Brands","PUIG.MC","10695730555","18.9876","Spain"
"1656","nVent Electric","NVT","10673351680","64.83","United Kingdom"
"1657","Aurora Innovation","AUR","10666286080","6.03","United States"
"1658","Revvity","RVTY","10664878080","90.48","United States"
"1659","Exact Sciences","EXAS","10654274560","56.48","United States"
"1660","Marico","MARICO.NS","10651082844","8.22922","India"
"1661","Conagra Brands","CAG","10649946112","22.31","United States"
"1662","Auto Trader Group","AUTO.L","10636883443","1212.83","United Kingdom"
"1663","Dixon Technologies","DIXON.NS","10622724900","176.35","India"
"1664","INWIT","INW.MI","10613445629","11.3948","Italy"
"1665","Lupin Limited","LUPIN.NS","10609860249","23.2358","India"
"1666","Allegheny Technologies","ATI","10601260032","75.15","United States"
"1667","Bangkok Dusit Medical Services (BDMS)","BDMS.BK","10594666862","0.666667","Thailand"
"1668","Toray Industries","3402.T","10592233229","6.8412","Japan"
"1669","Sysmex","6869.T","10568694545","16.9478","Japan"
"1670","Kinsale Capital Group","KNSL","10563560448","453.15","United States"
"1671","Skyworks Solutions","SWKS","10563076096","70.36","United States"
"1672","Swire Pacific","0019.HK","10540809202","8.60671","Hong Kong"
"1673","PhosAgro","PHOR.ME","10532057982","80.65","Russia"
"1674","Bâloise","BALN.SW","10517784913","231.19","Switzerland"
"1675","SEI Investments","SEIC","10515417088","84.47","United States"
"1676","Hensoldt","HAG.F","10506502654","90.7956","Germany"
"1677","Banca Monte dei Paschi di Siena","BMPS.MI","10498131445","8.3339","Italy"
"1678","ING Bank Slaski","ING.WA","10494737984","80.6667","Poland"
"1679","Sanrio Company","8136.T","10492401376","44.4012","Japan"
"1680","Core &amp; Main","CNM","10491845632","53.23","United States"
"1681","U-Haul","UHAL","10489695232","61.62","United States"
"1682","Severstal","CHMF.ME","10472536854","12.48","Russia"
"1683","DaVita","DVA","10468926464","138.52","United States"
"1684","United Utilities","UU.L","10468850338","1535.27","United Kingdom"
"1685","LKQ Corporation","LKQ","10457575424","40.51","United States"
"1686","Bunge","BG","10456709120","77.8","United States"
"1687","Hai Di Lao Hot Pot","6862.HK","10455082497","1.93076","China"
"1688","China Steel","2002A.TW","10453506801","1.34757","Taiwan"
"1689","Novatek Microelectronics","3034.TW","10453091463","17.1781","Taiwan"
"1690","Freedom Holding","FRHC","10441526272","172.245","Kazakhstan"
"1691","NICE","NICE","10441137152","161.61","Israel"
"1692","CACI","CACI","10439799808","474.75","United States"
"1693","Host Hotels & Resorts","HST","10427151360","14.83","United States"
"1694","Ally Financial","ALLY","10422448128","33.93","United States"
"1695","Grupo Aeroportuario del Sureste","ASR","10396214272","342.42","Mexico"
"1696","Polycab India","POLYCAB.NS","10391908379","69.0827","India"
"1697","Topicus","TOI.V","10382559219","124.987","Canada"
"1698","Edison","EDNR.MI","10374204317","2.19044","Italy"
"1699","DT Midstream","DTM","10371425280","102.09","United States"
"1700","Tele2","TEL2-A.ST","10366100732","14.9919","Sweden"
"1701","Bank Negara Indonesia","BBNI.JK","10362513940","0.278138","Indonesia"
"1702","China Resources Beer","0291.HK","10356143733","3.1924","Hong Kong"
"1703","Sanlam","SLM.JO","10351795200","4.93403","South Africa"
"1704","Vanke","2202.HK","10348462327","0.642311","China"
"1705","AptarGroup","ATR","10345275392","156.65","United States"
"1706","Centrica","CNA.L","10344494549","212.085","United Kingdom"
"1707","Korea Zinc","010130.KS","10343346000","569.013","South Korea"
"1708","Birkenstock","BIRK","10339985408","55.05","Germany"
"1709","GBL","GBLB.VI","10335268841","82.1133","Belgium"
"1710","Moderna","MRNA","10333746176","26.72","United States"
"1711","Penumbra","PEN","10330133504","266.75","United States"
"1712","Credo Technology","CRDO","10320503808","60.78","United States"
"1713","Permian Resources","PR","10278330368","12.85","United States"
"1714","Persistent Systems","PERSISTENT.NS","10275447045","66.4819","India"
"1715","TD Synnex","SNX","10264426496","122.31","United States"
"1716","Stanley Black &amp; Decker","SWK","10263659520","66.34","United States"
"1717","Largan Precision","3008.TW","10261632564","76.8846","Taiwan"
"1718","Tempus AI","TEM","10257123328","59.25","United States"
"1719","Intertek","ITRK.L","10242435923","6427.23","United Kingdom"
"1720","Toll Brothers","TOL","10239565824","104.14","United States"
"1721","EPAM Systems","EPAM","10233177088","180.63","United States"
"1722","Roku","ROKU","10232747008","69.77","United States"
"1723","Monotaro","3064.T","10222220366","20.5717","Japan"
"1724","Cemex","CX","10220980224","7","Mexico"
"1725","James Hardie Industries","JHX","10213379072","23.76","Ireland"
"1726","Jones Lang LaSalle","JLL","10206910464","215","United States"
"1727","Marks &amp; Spencer","MKS.L","10198424143","503.84","United Kingdom"
"1728","Hindustan Petroleum","HINDPETRO.NS","10196126831","4.79182","India"
"1729","Amdocs","DOX","10189885440","91.62","United States"
"1730","Aramark","ARMK","10189321216","38.88","United States"
"1731","JSW Energy","JSWENERGY.NS","10176492810","5.83097","India"
"1732","Indutrade","INDT.ST","10175190303","27.929","Sweden"
"1733","Galicia Financial Group","GGAL","10174126080","62.33","Argentina"
"1734","Campbell's","CPB","10170988544","34.11","United States"
"1735","HD Hyundai Electric","267260.KS","10161182688","282.312","South Korea"
"1736","NHPC Limited","NHPC.NS","10141039994","1.00944","India"
"1737","American Financial Group","AFG","10139085824","121.4","United States"
"1738","West Japan Railway","9021.T","10138091331","21.5484","Japan"
"1739","Hero MotoCorp","HEROMOTOCO.NS","10119400632","50.593","India"
"1740","SRF Limited","SRF.NS","10094306945","34.0535","India"
"1741","Procore","PCOR","10094265344","67.67","United States"
"1742","ICON plc","ICLR","10091171840","126.99","Ireland"
"1743","Jefferies Financial Group","JEF","10083855360","48.89","United States"
"1744","Banque Cantonale Vaudoise","BCVN.SW","10065930164","117.169","Switzerland"
"1745","Raiffeisen Bank International","RAW.F","10065127391","30.1441","Austria"
"1746","Turkish Airlines","THYAO.IS","10062027190","7.3221","Turkey"
"1747","Suntory","2587.T","10053406380","32.5353","Japan"
"1748","Magna International","MGA","10051305472","35.67","Canada"
"1749","Skanska","SKA-B.ST","10048212697","24.396","Sweden"
"1750","Deutsche Wohnen","DWNI.DE","10046136148","25.3093","Germany"
"1751","SBI Card","SBICARD.NS","10033905109","10.5406","India"
"1752","Dabur","DABUR.NS","10030486180","5.65895","India"
"1753","Ayala Corporation","AYALY","10025856000","9.6","Philippines"
"1754","Klaviyo","KVYO","10023357440","33.7","United States"
"1755","First Horizon National","FHN","10022924288","19.76","United States"
"1756","Qantas Airways","QAN.AX","10010304724","6.61532","Australia"
"1757","Hyundai Rotem Company","064350.KS","10009951786","91.7149","South Korea"
"1758","Osaka Gas","9532.T","10008080880","25.2107","Japan"
"1759","China Development Financial","2883.TW","9994209396","0.588726","Taiwan"
"1760","CCL Industries","CCL-B.TO","9988350298","56.8835","Canada"
"1761","Trend Micro","4704.T","9983378246","76.0366","Japan"
"1762","PMetal (Press Metal Aluminium)","8869.KL","9977969347","1.21097","Malaysia"
"1763","Viatris","VTRS","9976280064","8.5","United States"
"1764","Suzlon","SUZLON.NS","9969845027","0.730456","India"
"1765","Metso","METSO.HE","9948914838","12.0191","Finland"
"1766","LG Chem","051910.KS","9941525316","133.404","South Korea"
"1767","Sinopac Financial Holdings","2890.TW","9922760291","0.782188","Taiwan"
"1768","Alstom","ALO.PA","9905742041","21.144","France"
"1769","SKF (Svenska Kullagerfabriken)","SKF-B.ST","9897695177","21.7331","Sweden"
"1770","Surgutneftegas","SNGS.ME","9875441294","0.28","Russia"
"1771","Advantech","2395.TW","9872487971","11.4243","Taiwan"
"1772","Globe Life","GL","9868828672","119.56","United States"
"1773","UWM Holdings","UWMC","9868603392","4.11","United States"
"1774","Buzzi Unicem","BZU.MI","9854363064","53.2743","Italy"
"1775","Coca-Cola Consolidated","COKE","9853184000","1130.24","United States"
"1776","Muthoot Finance","MUTHOOTFIN.NS","9852050904","24.5403","India"
"1777","XP Inc.","XP","9848546304","18.69","Brazil"
"1778","Koç Holding","KCHOL.IS","9841054342","3.88206","Turkey"
"1779","BWX Technologies","BWXT","9832239104","107.62","United States"
"1780","Brookfield Property Partners","BPYPP","9826586624","14.87","Bermuda"
"1781","Crane Company","CR","9816030208","170.71","United States"
"1782","Scout24 (ImmoScout24)","G24.F","9814456003","133.81","Germany"
"1783","Bharti Hexacom","BHARTIHEXA.NS","9807317809","19.6146","India"
"1784","Svenska Cellulosa Aktiebolaget (SCA)","SCA-B.ST","9804907086","13.9645","Sweden"
"1785","Assurant","AIZ","9786558464","193.02","United States"
"1786","Telecom Italia","TIT.MI","9784570451","0.440586","Italy"
"1787","Ryohin Keikaku","7453.T","9783207997","36.9022","Japan"
"1788","CapitaLand Investment Limited","9CI.SI","9779901414","1.9604","Singapore"
"1789","BIDV  (Commercial Bank for Investment and Development of Vietnam)","BID.VN","9771574235","1.39169","Vietnam"
"1790","Descartes Systems Group","DSGX","9759485952","114.2","Canada"
"1791","Israel Discount Bank","DSCT.TA","9758012584","794.141","Israel"
"1792","CAVA Group","CAVA","9757077504","84.36","United States"
"1793","Yang Ming","2609.TW","9749458231","2.79186","Taiwan"
"1794","Krung Thai Bank","KTB.BK","9746773947","0.697389","Thailand"
"1795","BAWAG Group","0B2.F","9733957353","122.347","Austria"
"1796","Walgreens Boots Alliance","WBA","9719654400","11.24","United States"
"1797","Ipsen","IPN.PA","9715715719","116.218","France"
"1798","U.S. Steel","X","9713376256","42.9","United States"
"1799","Elastic NV","ESTC","9710408704","93","United States"
"1800","Sodexo","SW.PA","9705346136","66.5078","France"
"1801","BE Semiconductor","BESI.AS","9704317603","122.007","Netherlands"
"1802","Stifel","SF","9687156736","94.3","United States"
"1803","Rockwool","ROCK-B.CO","9681109967","46.2311","Denmark"
"1804","Smiths Group","SMIN.L","9676937517","2885.64","United Kingdom"
"1805","Ascendis Pharma","ASND","9676158976","160.05","Denmark"
"1806","Sofina","SOF.VI","9661231969","289.184","Belgium"
"1807","Boubyan Bank","BOUBYAN.KW","9659890482","2190.35","Kuwait"
"1808","Tingyi (master kang)","0322.HK","9655628407","1.71368","China"
"1809","Woori Financial Group","WF","9636870144","39.3","South Korea"
"1810","Altair Engineering","ALTR","9632991232","111.85","United States"
"1811","ZOZO","3092.T","9632485991","10.8125","Japan"
"1812","CarMax","KMX","9630619648","63.22","United States"
"1813","Doximity","DOCS","9627960320","51.26","United States"
"1814","SailPoint","SAIL","9595352064","17.24","United States"
"1815","(HLBank) Hong Leong Bank","5819.KL","9590446865","4.67833","Malaysia"
"1816","SK Square","402340.KS","9585218236","72.4797","South Korea"
"1817","Mowi","MNHVF","9584596992","18.4","Norway"
"1818","Sociedad Química y Minera","SQM","9581875200","33.3","Chile"
"1819","“K” Line","9107.T","9579418803","15.1655","Japan"
"1820","Cummins India","CUMMINSIND.NS","9579000654","34.5255","India"
"1821","Taisei Corporation","1801.T","9578552926","56.3229","Japan"
"1822","Element Fleet Management","EFN.TO","9575135805","23.8313","Canada"
"1823","A. O. Smith","AOS","9573882880","67.37","United States"
"1824","PB Fintech","POLICYBZR.NS","9562880980","20.8722","India"
"1825","ENKA","ENKAI.IS","9554479497","1.6297","Turkey"
"1826","Isuzu","7202.T","9553682968","13.418","Japan"
"1827","Sino Biopharmaceutical","1177.HK","9551105638","0.533769","China"
"1828","Harmony Gold","HMY","9550481408","15.18","South Africa"
"1829","Keppel","BN4.SI","9543934915","5.25886","Singapore"
"1830","Cencosud","CENCOSUD.SN","9543267635","3.40928","Chile"
"1831","Akeso","9926.HK","9530380592","10.6179","China"
"1832","Endeavor Group","EDR","9522161664","29.25","United States"
"1833","Yara International","YAR.OL","9506082634","37.3189","Norway"
"1834","Wynn Resorts","WYNN","9505004544","90.91","United States"
"1835","Addtech AB","ADDT-B.ST","9483475483","35.1419","Sweden"
"1836","Everbright Securities Company","6178.HK","9471773653","0.906641","Hong Kong"
"1837","iA Financial","IAG.TO","9463366161","101.475","Canada"
"1838","Aisin Seiki","7259.T","9463362959","12.4902","Japan"
"1839","CubeSmart","CUBE","9456978944","41.27","United States"
"1840","Brenntag","BNR.DE","9435578327","65.3501","Germany"
"1841","KT&amp;G (Korea Tobacco)","033780.KS","9420189151","87.3267","South Korea"
"1842","Range Resources","RRC","9417965568","39.41","United States"
"1843","Kesko","KESKOA.HE","9402729207","23.2096","Finland"
"1844","Indian Bank","INDIANB.NS","9396944068","6.97579","India"
"1845","Eastman Chemical","EMN","9393825792","81.36","United States"
"1846","Empresas Copec","COPEC.SN","9388449397","7.22272","Chile"
"1847","Asahi Kasei","3407.T","9388410208","6.91305","Japan"
"1848","StandardAero","SARO","9364936704","28","United States"
"1849","Orion Corporation","ORNAV.HE","9358237912","66.1673","Finland"
"1850","Leapmotor","9863.HK","9354286116","8.01292","China"
"1851","Sino Land","0083.HK","9347448486","1.02157","Hong Kong"
"1852","Tetra Tech","TTEK","9341181952","35.45","United States"
"1853","Hamilton Lane","HLNE","9340331008","163.86","United States"
"1854","Daiwa Securities Group","8601.T","9331535722","6.59356","Japan"
"1855","Dayforce","DAY","9329055744","58.35","United States"
"1856","KT Corporation","KT","9322890240","19.11","South Korea"
"1857","Kunlun Energy Company","0135.HK","9321215801","1.07648","Hong Kong"
"1858","Hasbro","HAS","9304565760","66.4","United States"
"1859","Rational AG","RAA.F","9304017705","818.295","Germany"
"1860","Daifuku","6383.T","9302928869","25.3014","Japan"
"1861","Boliden","BOL.ST","9301264233","32.7411","Sweden"
"1862","Allegro.eu","ALE.WA","9295644323","8.82526","Poland"
"1863","Skechers","SKX","9282866176","62.05","United States"
"1864","Westlake Chemical","WLK","9276736512","72.34","United States"
"1865","Ovintiv","OVV","9267600384","35.67","United States"
"1866","Alibaba Health Information Technology","0241.HK","9246862137","0.574632","Hong Kong"
"1867","M3, Inc","2413.T","9246291196","13.6168","Japan"
"1868","SCSK Corporation","9719.T","9215261352","29.4869","Japan"
"1869","Old Republic International","ORI","9209330688","37.26","United States"
"1870","Celsius Holdings","CELH","9188466688","35.65","United States"
"1871","ANA Holdings","9202.T","9172920247","19.5184","Japan"
"1872","Frontier Communications","FYBR","9171553280","36.65","United States"
"1873","Qiagen","QGEN","9164649472","42.32","Netherlands"
"1874","Banco de Crédito e Inversiones","BCI.SN","9161834088","41.9106","Chile"
"1875","Kyndryl","KD","9156508672","39.35","United States"
"1876","SK Innovation","096775.KS","9148242557","41.1035","South Korea"
"1877","Lufthansa","LHA.DE","9147314366","7.63364","Germany"
"1878","Bid Corp","BID.JO","9146271300","26.7888","South Africa"
"1879","Chubu Electric Power","9502.T","9137946869","12.0996","Japan"
"1880","Barratt Redrow","BTRW.L","9092449966","617.484","United Kingdom"
"1881","Thai Beverage","Y92.SI","9090732565","0.361741","Thailand"
"1882","Unity Software","U","9087092736","21.86","United States"
"1883","ENN Energy","2688.HK","9081655949","8.17254","China"
"1884","Sembcorp","U96.SI","9080607675","5.10327","Singapore"
"1885","JD Logistics","2618.HK","9079009353","1.47617","China"
"1886","Meridian Energy","MEZ.AX","9067177952","3.42729","New Zealand"
"1887","President Chain Store (PSCS)","2912.TW","9050727630","8.7058","Taiwan"
"1888","MACOM","MTSI","9041445888","121.54","United States"
"1889","Smithfield Foods","SFD","9014081536","22.93","United States"
"1890","Toho Co.","9602.T","9012948812","53.1559","Japan"
"1891","Nebius Group (Yandex)","NBIS","9000519680","37.8","Netherlands"
"1892","Hitachi Energy India","POWERINDIA.NS","8998328424","201.442","India"
"1893","mBank","MBK.WA","8990230401","211.55","Poland"
"1894","AGNC Investment","AGNC","8989548544","8.81","United States"
"1895","South32","S32.AX","8985898808","1.95938","Australia"
"1896","Zalando","ZAL.DE","8978270108","34.6385","Germany"
"1897","ADNOC Logistics &amp; Services","ADNOCLS.AE","8964824915","1.21","United Arab Emirates"
"1898","ASX","ASX.AX","8962279551","45.7511","Australia"
"1899","CTP N.V.","CTPNV.AS","8961425418","18.4088","Netherlands"
"1900","Wingstop Restaurants","WING","8960737280","321.14","United States"
"1901","Swatch","UHR.SW","8958636584","172.848","Switzerland"
"1902","Industrial Bank of Korea (IBK)","024110.KS","8958269837","11.234","South Korea"
"1903","Regal Rexnord","RRX","8955305984","135","United States"
"1904","New York Times","NYT","8949814272","54.89","United States"
"1905","Azrieli Group","AZRG.TA","8938536004","7370.59","Israel"
"1906","Lumine Group","LMN.V","8935019723","33.5014","Canada"
"1907","South State Corp","SSB","8923264000","87.92","United States"
"1908","Airtel Africa","AAF.L","8918988725","244.024","United Kingdom"
"1909","Henry Schein","HSIC","8916606976","71.33","United States"
"1910","Lasertec","6920.T","8908812261","98.7778","Japan"
"1911","Interpublic Group","IPG","8895823872","24.06","United States"
"1912","Washington H. Soul Pattinson and Company (Soul Patts)","SOL.AX","8880060776","24.1398","Australia"
"1913","Luckin Coffee","LKNCY","8867180544","31.26","China"
"1914","Ascendas Reit","A17U.SI","8866445139","2.01486","Singapore"
"1915","Antero Midstream","AM","8865551360","18.5","United States"
"1916","Realtek","2379.TW","8861342143","17.2782","Taiwan"
"1917","Kikkoman","2801.T","8856473800","9.39645","Japan"
"1918","Novolipetsk Steel","NLMK.ME","8849586340","1.54","Russia"
"1919","CAR Group (Carsales)","CAR.AX","8835455746","23.3832","Australia"
"1920","Zhejiang Century Huatong","002602.SZ","8831817902","1.18507","China"
"1921","Sainsbury's","SBRY.L","8831061910","385.89","United Kingdom"
"1922","Ingredion","INGR","8826042368","137.24","United States"
"1923","Primerica","PRI","8825296896","268.58","United States"
"1924","Planet Fitness","PLNT","8823427072","104.8","United States"
"1925","Mengniu Dairy","2319.HK","8818498502","2.25511","China"
"1926","OGE Energy","OGE","8816240640","43.79","United States"
"1927","Komerční banka","KOMB.PR","8811670749","46.6581","Czech Republic"
"1928","Huntington Ingalls Industries","HII","8808785920","224.49","United States"
"1929","Zensho Holdings","7550.T","8805191397","56.2043","Japan"
"1930","Shoprite","SHP.JO","8800220500","16.1582","South Africa"
"1931","General Insurance Corporation of India","GICRE.NS","8798162214","5.01491","India"
"1932","QXO, Inc.","QXO","8788584448","16.82","United States"
"1933","NIO","NIO","8778462208","3.88","China"
"1934","LG Electronics","066570.KS","8773959954","51.1965","South Korea"
"1935","Avantor","AVTR","8763190272","12.86","United States"
"1936","Ackermans &amp; Van Haaren","ACKB.BR","8749646506","263.307","Belgium"
"1937","Allison Transmission","ALSN","8722898944","103.53","United States"
"1938","Evercore","EVR","8718468096","225.52","United States"
"1939","EastGroup Properties","EGP","8717114368","165.99","United States"
"1940","Embraer","ERJ","8707225600","47.41","Brazil"
"1941","Swiggy","SWIGGY.NS","8702971647","3.80023","India"
"1942","Murphy USA","MUSA","8681270272","439.3","United States"
"1943","SPIE","SPIE.PA","8679288489","51.64","France"
"1944","Bangkok Bank","BBL.BK","8679210595","4.54685","Thailand"
"1945","HealthEquity","HQY","8670020608","100.08","United States"
"1946","HYBE","352820.KS","8669425224","208.809","South Korea"
"1947","Arabian Internet and Communications Services","7202.SR","8662045078","72.7903","Saudi Arabia"
"1948","Indoritel","DNET.JK","8659981409","0.610546","Indonesia"
"1949","NIBE Industrier","NIBE-B.ST","8657396183","4.29419","Sweden"
"1950","WPP","WPP","8650461184","39.96","United Kingdom"
"1951","Cathay Pacific","0293.HK","8650457422","1.34336","Hong Kong"
"1952","Pan American Silver","PAAS","8639662080","23.85","Canada"
"1953","Webster Financial","WBS","8630147072","51.3","United States"
"1954","Sunny Optical","2382.HK","8629415413","7.94269","China"
"1955","Nissan","7201.T","8628918252","2.47084","Japan"
"1956","Wix.com","WIX","8628015104","154.99","Israel"
"1957","Advanced Drainage Systems","WMS","8611946496","111","United States"
"1958","Empire Company","EMP-A.TO","8610585423","36.8189","Canada"
"1959","Securitas AB","SECU-B.ST","8609035827","15.0391","Sweden"
"1960","Ayvens","AYV.PA","8602110199","10.5323","France"
"1961","Medibank","MPL.AX","8601761572","3.1169","Australia"
"1962","Vodafone Idea","IDEA.NS","8599660453","0.0793744","India"
"1963","Longfor Group","0960.HK","8579226847","1.25781","China"
"1964","InPost","INPST.AS","8567045375","16.5134","Luxembourg"
"1965","Indian Overseas Bank","IOB.NS","8564932513","0.444544","India"
"1966","MGM Resorts","MGM","8531871232","31.35","United States"
"1967","Stockland","SGP.AX","8519740126","3.55016","Australia"
"1968","Elisa","ELISA.HE","8514838924","53.0473","Finland"
"1969","Diploma plc","DPLM.L","8509560103","6348.95","United Kingdom"
"1970","Pegasystems","PEGA","8507726848","99.41","United States"
"1971","Adani Total Gas","ATGL.NS","8503685756","7.73196","India"
"1972","Zurich Airport","FHZN.SW","8502179065","276.944","Switzerland"
"1973","Applied Industrial Technologies","AIT","8502006272","223.24","United States"
"1974","Phoenix Group","PHNX.L","8495577557","850.981","United Kingdom"
"1975","Trelleborg AB","TREL-B.ST","8482923930","37.0605","Sweden"
"1976","Rexford Industrial","REXR","8475597824","34.54","United States"
"1977","TIM S.A.","TIMB","8472165888","17.06","Brazil"
"1978","Demant","DEMANT.CO","8472048284","39.7723","Denmark"
"1979","Rexel","RXL.PA","8471880549","28.419","France"
"1980","Japan Airlines","9201.T","8450845693","19.3579","Japan"
"1981","Kingdom Holding","4280.SR","8448553432","2.2797","Saudi Arabia"
"1982","Commerce Bancshares","CBSH","8436652544","63.23","United States"
"1983","Paramount Global","PARA","8433064960","11.86","United States"
"1984","PetGas (Petronas Gas)","6033.KL","8424110865","4.25733","Malaysia"
"1985","Swissquote","SQN.SW","8423426900","563.813","Switzerland"
"1986","Medpace","MEDP","8422151168","293.03","United States"
"1987","Mueller Industries","MLI","8420464640","76.1","United States"
"1988","SBI Holdings","8473.T","8416725390","27.7987","Japan"
"1989","The Weir Group","WEIR.L","8393187923","3158.28","United Kingdom"
"1990","ICL Group","ICL","8381353472","6.34","Israel"
"1991","Industrias Peñoles","PE&OLES.MX","8344252209","20.9931","Mexico"
"1992","Acciona","ANA.MC","8328945327","152.991","Spain"
"1993","The Ensign Group","ENSG","8316275200","144.65","United States"
"1994","Zoomlion","1157.HK","8313829730","0.735529","China"
"1995","VZ Holding","VZN.SW","8300256493","210.613","Switzerland"
"1996","MatsukiyoCocokara","3088.T","8297790300","20.5613","Japan"
"1997","Torrent Power","TORNTPOWER.NS","8294660190","16.4608","India"
"1998","VinFast Auto","VFS","8279387648","3.54","Vietnam"
"1999","Nextracker","NXT","8268944384","56.05","United States"
"2000","Stora Enso","STEAV.HE","8266654609","11.009","Finland"
"2001","Coromandel","COROMANDEL.NS","8265808221","28.057","India"
"2002","Brunello Cucinelli","BC.MI","8262930973","119.68","Italy"
"2003","OPAP (Organization of Football Prognostics)","OPAP.AT","8261991347","23.0394","Greece"
"2004","Ashok Leyland","ASHOKLEY.NS","8261770608","2.81345","India"
"2005","Pure Health Holding","PUREHEALTH.AE","8259587021","0.74","United Arab Emirates"
"2006","SITC International","1308.HK","8249665985","3.1094","Hong Kong"
"2007","Yageo","2327.TW","8248219308","16.044","Taiwan"
"2008","Donaldson Company","DCI","8225228800","68.82","United States"
"2009","Pinnacle Financial Partners","PNFP","8224048640","106.04","United States"
"2010","Agree Realty","ADC","8222266880","74.5","United States"
"2011","Bharat Dynamics","BDL.NS","8216935168","22.4162","India"
"2012","Delivery Hero","DHER.F","8215224497","28.0331","Germany"
"2013","Chemed","CHE","8213586432","561.44","United States"
"2014","Piraeus Financial Holdings","TPEIR.AT","8191743739","6.56679","Greece"
"2015","Hess Midstream","HESM","8190508544","38.01","United States"
"2016","CPFL Energia","CPFE3.SA","8185438010","7.10387","Brazil"
"2017","Fabrinet","FN","8178357248","228.25","Cayman Islands"
"2018","Technology One","TNE.AX","8173587455","24.9675","Australia"
"2019","Cullen/Frost Bankers","CFR","8170349056","127.09","United States"
"2020","Aurobindo Pharma","AUROPHARMA.NS","8163798266","14.0561","India"
"2021","Sonic Healthcare","SHL.AX","8160966326","16.9425","Australia"
"2022","Mr. Cooper Group","COOP","8158138368","127.5","United States"
"2023","Fastighets AB Balder","BALD-B.ST","8154188761","6.85226","Sweden"
"2024","AltaGas","ALA.TO","8151477329","27.2575","Canada"
"2025","Melrose Industries","MRO.L","8140520819","621.893","United Kingdom"
"2026","Oil India","OIL.NS","8139243235","5.00141","India"
"2027","Federal Realty Investment Trust","FRT","8136048128","93.66","United States"
"2028","Nan Ya Plastics","1303.TW","8134513364","1.02568","Taiwan"
"2029","Aaon","AAON","8131727872","99.94","United States"
"2030","Masimo","MASI","8127985664","149.91","United States"
"2031","Lotus Bakeries","LOTB.BR","8120189254","9896.72","Belgium"
"2032","MarketAxess","MKTX","8115743232","216.41","United States"
"2033","Lucid Motors","LCID","8113691648","2.66","United States"
"2034","Acuity Brands","AYI","8109445632","262.4","United States"
"2035","Hainan Airlines","900945.SS","8107585536","0.234","China"
"2036","WESCO International","WCC","8093605376","165.84","United States"
"2037","MISC Berhad","3816.KL","8087108411","1.81173","Malaysia"
"2038","Neste","NESTE.HE","8084392836","10.5232","Finland"
"2039","Ganfeng Lithium","002460.SZ","8083038186","4.37683","China"
"2040","Intermediate Capital Group (ICG)","ICG.L","8081597733","2683.19","United Kingdom"
"2041","MBME GROUP","MBME.AE","8073257081","2.94","United Arab Emirates"
"2042","Corcept Therapeutics","CORT","8068963840","76.09","United States"
"2043","PSP Swiss Property","PSPN.SW","8044759098","175.39","Switzerland"
"2044","A2A","A2A.MI","8042949368","2.56725","Italy"
"2045","kyowa Kirin","4151.T","8041186275","15.3643","Japan"
"2046","Saputo","SAP.TO","8031925363","19.0071","Canada"
"2047","Makita","6586.T","8030953019","29.8775","Japan"
"2048","IMCD","IMCD.AS","8026570133","135.853","Netherlands"
"2049","TopBuild","BLD","8025743872","280.75","United States"
"2050","Equatorial Energia","EQTL3.SA","8015044729","6.40394","Brazil"
"2051","AST SpaceMobile","ASTS","8011118080","24.41","United States"
"2052","Alchip Technologies","3661.TW","8010084043","99.066","Taiwan"
"2053","Toppan","7911.T","8007695036","27.3313","Japan"
"2054","Lithia Motors","LAD","8006491648","307.58","United States"
"2055","Discovery Limited","DSY.JO","7994109800","11.9701","South Africa"
"2056","CAE","CAE","7981562368","24.91","Canada"
"2057","Watts Water Technologies","WTS","7977412096","239.02","United States"
"2058","Floor &amp; Decor","FND","7974680576","74.11","United States"
"2059","Western Alliance Bancorporation","WAL","7974481408","72.23","United States"
"2060","Intouch Holdings","INTUCH.BK","7962986924","2.48324","Thailand"
"2061","Japan Post Insurance","7181.T","7956788425","21.4228","Japan"
"2062","Jardine Cycle &amp; Carriage","C07.SI","7954222811","20.1252","Singapore"
"2063","Wintrust Financial","WTFC","7945295872","118.71","United States"
"2064","RENK Group","R3NK.DE","7939940965","79.1738","Germany"
"2065","Ford Otosan","FROTO.IS","7939730809","2.26261","Turkey"
"2066","Globus Medical","GMED","7933209600","58.6","United States"
"2067","KakaoBank","323410.KS","7927275191","16.6389","South Korea"
"2068","Colgate-Palmolive India","COLPAL.NS","7918207173","29.1126","India"
"2069","OTE Group","OTE.F","7915630407","18.806","Greece"
"2070","International Games System","3293.TWO","7914518543","28.0854","Taiwan"
"2071","Kanzhun","BZ","7910884352","17.25","China"
"2072","Samsung SDI","006405.KS","7892646293","70.7975","South Korea"
"2073","Rightmove","RMV.L","7892357236","1018.75","United Kingdom"
"2074","St. James's Place","STJ.L","7891817532","1490.06","United Kingdom"
"2075","Loar Holdings","LOAR","7888650240","84.32","United States"
"2076","Gecina","GFC.PA","7888194157","105.096","France"
"2077","GitLab","GTLB","7886254080","47.77","United States"
"2078","Middleby","MIDD","7869267968","147.14","United States"
"2079","Auckland Airport","AIA.AX","7866798668","4.62361","New Zealand"
"2080","SK Telecom","SKM","7860436992","20.37","South Korea"
"2081","Copenhagen Airport","KBHL.CO","7857121048","1001.15","Denmark"
"2082","Spring Airlines","601021.SS","7852821996","8.02674","China"
"2083","Dropbox","DBX","7849928704","28.74","United States"
"2084","FirstService","FSV","7846120448","172.36","Canada"
"2085","AXIS Capital","AXS","7844083712","99.73","Bermuda"
"2086","CPI Property Group","O5G.DE","7836704192","0.93633","Luxembourg"
"2087","Convatec Group","CTEC.L","7830690022","383.042","United Kingdom"
"2088","Berry Global","BERY","7825764352","67.58","United States"
"2089","SIG Combibloc","SIGN.SW","7818970543","20.4561","Switzerland"
"2090","Roivant Sciences","ROIV","7806225920","10.94","United Kingdom"
"2091","Davide Campari-Milano","CPR.MI","7805994652","6.41471","Italy"
"2092","Norwegian Cruise Line","NCLH","7792314368","17.44","United States"
"2093","Wharf Holdings","0004.HK","7789245060","2.54881","Hong Kong"
"2094","Yes Bank","YESBANK.NS","7788095521","0.248339","India"
"2095","Hulic","3003.T","7785576134","10.2231","Japan"
"2096","Indofood CBP","ICBP.JK","7785387674","0.667592","Indonesia"
"2097","Autoliv","ALV","7778449408","100.62","Sweden"
"2098","Avolta AG","AVOL.SW","7774857829","53.5732","Switzerland"
"2099","Lundin Mining","LUN.TO","7762608185","9.06167","Canada"
"2100","Shift4 Payments","FOUR","7757777408","87.54","United States"
"2101","Vornado Realty Trust","VNO","7757155840","37.17","United States"
"2102","UMB Financial","UMBF","7753555968","102.13","United States"
"2103","Syensqo","SYENS.BR","7752240754","75.6781","Belgium"
"2104","Sanwa Holdings","5929.T","7749394916","36.1488","Japan"
"2105","Commvault","CVLT","7739594752","175.4","United States"
"2106","Nippon Building Fund","8951.T","7736527456","909.649","Japan"
"2107","Otsuka","4768.T","7724111678","20.3694","Japan"
"2108","Beacon Roofing Supply","BECN","7718630400","124.17","United States"
"2109","Formosa Plastics","1301.TW","7718300196","1.21247","Taiwan"
"2110","Godrej Properties","GODREJPROP.NS","7717940158","25.6252","India"
"2111","H&amp;R Block","HRB","7711488000","57.6","United States"
"2112","NNN REIT","NNN","7707870720","41.01","United States"
"2113","Choice Properties REIT","CHP-UN.TO","7701902062","10.6408","Canada"
"2114","BellRing Brands","BRBR","7699828224","60.63","United States"
"2115","The Lottery Corporation","TLC.AX","7697321937","3.45963","Australia"
"2116","Galaxy Digital Holdings","7LX.F","7696445480","21.8307","United States"
"2117","Beazley","BEZ.L","7691322725","1244.42","United Kingdom"
"2118","Want Want China","0151.HK","7686763204","0.65125","Hong Kong"
"2119","Abbott India","ABBOTINDIA.NS","7683490781","361.588","India"
"2120","JB Hi-Fi","JBH.AX","7682459994","70.266","Australia"
"2121","New Oriental","EDU","7679321088","46.96","China"
"2122","Old National Bank","ONB","7676047360","20.75","United States"
"2123","Lite-On Technology","2301.TW","7663771205","3.36891","Taiwan"
"2124","LPP SA","LPP.WA","7656451118","4125.49","Poland"
"2125","AGCO","AGCO","7654842880","102.63","United States"
"2126","AeroVironment","AVAV","7651877376","167.64","United States"
"2127","Ezdan Holding Group","ERES.QA","7644155499","0.288187","Qatar"
"2128","Sime Darby Plantation","5285.KL","7638686395","1.10454","Malaysia"
"2129","EVA Air","2618.TW","7637713650","1.41428","Taiwan"
"2130","UGI Corporation","UGI","7631954944","35.59","United States"
"2131","Eisai","4523.T","7631883906","27.0523","Japan"
"2132","Beijer Ref","BEIJ-B.ST","7615446022","15.0234","Sweden"
"2133","Sagax","SAGA-B.ST","7612375673","21.1145","Sweden"
"2134","Genpact","G","7610516480","43.52","Bermuda"
"2135","China Merchants Port","0144.HK","7601459118","1.81073","Hong Kong"
"2136","Berger Paints","BERGEPAINT.NS","7600408438","6.51551","India"
"2137","Brixmor Property Group","BRX","7599469568","24.83","United States"
"2138","LG Corp","003550.KS","7590936056","49.3681","South Korea"
"2139","Zhuzhou CRRC Times Electric","3898.HK","7579918648","4.29059","Hong Kong"
"2140","Localiza","RENT3.SA","7574688076","7.18716","Brazil"
"2141","ESAB","ESAB","7572406784","124.91","United States"
"2142","Whitecap Resources","WCP.TO","7572085172","6.14977","Canada"
"2143","IGM Financial","IGM.TO","7571875260","32.0092","Canada"
"2144","Türkiye Is Bankasi","ISCTR.IS","7560920212","0.286734","Turkey"
"2145","Shanghai Commercial and Savings Bank","5876.TW","7555228025","1.55771","Taiwan"
"2146","Pegatron","4938.TW","7550653840","2.83522","Taiwan"
"2147","Shimizu Corporation","1803.T","7546840992","11.0602","Japan"
"2148","Nexi","NEXI.MI","7544516118","6.0765","Italy"
"2149","Daito Trust Construction","1878.T","7530100858","114.16","Japan"
"2150","American Airlines","AAL","7518436352","11.4","United States"
"2151","National Mineral Development Corporation","NMDC.NS","7514791332","0.851161","India"
"2152","AppFolio","APPF","7505478144","208.32","United States"
"2153","Mitsubishi Chemical Holdings","4188.T","7494444012","5.26606","Japan"
"2154","Qatar Gas Transport Company","QGTS.QA","7493049108","1.35247","Qatar"
"2155","Vipshop","VIPS","7491547648","14.55","China"
"2156","Wharf REIC","1997.HK","7490641006","2.46709","Hong Kong"
"2157","Ebara Corporation","6361.T","7490535223","16.2118","Japan"
"2158","Bilibili","BILI","7490470400","18.35","China"
"2159","Sunoco","SUN","7484626944","54.9","United States"
"2160","The Toro Company","TTC","7483512832","74.97","United States"
"2161","Edenred","EDEN.PA","7480256080","31.0294","France"
"2162","Taiwan Cement","1101.TW","7473402569","0.992328","Taiwan"
"2163","Zeekr","ZK","7473391616","29.4","China"
"2164","Jabal Omar Development","4250.SR","7469317290","6.32982","Saudi Arabia"
"2165","A1 Telekom Austria","TA1.F","7469165943","11.2473","Austria"
"2166","EXL Service","EXLS","7461147136","45.86","United States"
"2167","Confluent","CFLT","7451137024","21.89","United States"
"2168","Sirius XM","SIRI","7447866880","22.04","United States"
"2169","Tokyo Metro","9023.T","7447314527","12.8181","Japan"
"2170","TIS","3626.T","7444130807","32.047","Japan"
"2171","Impala Platinum","IMP.JO","7444041300","8.30041","South Africa"
"2172","Concordia Financial Group","7186.T","7434113334","6.51264","Japan"
"2173","Alkem Laboratories","ALKEM.NS","7423851533","62.0905","India"
"2174","Oberoi Realty","OBEROIRLTY.NS","7423524492","20.4107","India"
"2175","China State Construction International","3311.HK","7419701242","1.40466","Hong Kong"
"2176","Bio-Techne","TECH","7418214912","47.32","United States"
"2177","Comerica","CMA","7406436864","56.36","United States"
"2178","Kingfisher","KGF.L","7402146485","403.288","United Kingdom"
"2179","Taishin Financial Holdings","2887.TW","7401311330","0.57038","Taiwan"
"2180","Gildan","GIL","7397779968","48.92","Canada"
"2181","Schaeffler India","SCHAEFFLER.NS","7396203845","47.3194","India"
"2182","Investec","INVR.L","7376337444","836.404","United Kingdom"
"2183","Sinopharm","1099.HK","7372171303","2.36238","China"
"2184","Randstad","RAND.AS","7360289674","42.0043","Netherlands"
"2185","Indian Railway Catering & Tourism","IRCTC.NS","7358348622","9.1944","India"
"2186","Square Enix","9684.T","7350489927","61.199","Japan"
"2187","Schibsted","SCHA.OL","7346683345","33.4733","Norway"
"2188","Zegona Communications","ZEG.L","7336847153","966.379","United Kingdom"
"2189","Casella Waste Systems","CWST","7330022912","115.5","United States"
"2190","Idemitsu Kosan","5019.T","7321254468","5.97829","Japan"
"2191","Generac Power Systems","GNRC","7318437888","123.87","United States"
"2192","Pony AI","PONY","7315482624","20.59","China"
"2193","JFE Holdings","5411.T","7314764049","11.4997","Japan"
"2194","BİM Birleşik Mağazalar","BIMAS.IS","7309760201","12.306","Turkey"
"2195","OpenText","OTEX","7293771264","28.13","Canada"
"2196","TFI International","TFII","7291459072","86.75","Canada"
"2197","National Fuel Gas","NFG","7277853696","80.55","United States"
"2198","Blue Owl Capital Corporation","OBDC","7277323264","14.24","United States"
"2199","Prestige Group","PRESTIGE.NS","7264153800","16.8635","India"
"2200","Dolby","DLB","7259722752","75.57","United States"
"2201","Parsons","PSN","7257881600","67.91","United States"
"2202","IndusInd Bank","INDUSINDBK.NS","7257608356","9.31592","India"
"2203","Chart Industries","GTLS","7256591360","158.79","United States"
"2204","Schroders","SDR.L","7253344390","462.674","United Kingdom"
"2205","Yamaha Motor","7272.T","7249609787","7.4781","Japan"
"2206","Alcoa","AA","7244078080","27.98","United States"
"2207","Bright Horizons","BFAM","7243700224","126.52","United States"
"2208","BorgWarner","BWA","7241971200","32.96","United States"
"2209","Patanjali Foods","PATANJALI.NS","7237876608","19.9704","India"
"2210","Revolution Medicines","RVMD","7227198464","38.8","United States"
"2211","Match Group","MTCH","7221876224","29.45","United States"
"2212","Kobe Bussan","3038.T","7216846817","32.612","Japan"
"2213","Lamb Weston","LW","7199738368","51.02","United States"
"2214","Sekisui Chemical","4204.T","7195870561","17.2338","Japan"
"2215","Chailease Holding","5871.TW","7191627827","4.28619","Taiwan"
"2216","Akbank","AKBNK.IS","7188595924","1.38242","Turkey"
"2217","Mytilineos","MYTIL.AT","7182703366","52.0486","Greece"
"2218","Vår Energi","VAR.OL","7179116929","2.87578","Norway"
"2219","Badger Meter","BMI","7176885760","243.67","United States"
"2220","Mondi","MNDI.L","7173716991","1628.4","United Kingdom"
"2221","The AZEK Company","AZEK","7159613440","49.77","United States"
"2222","Madras Rubber Factory","MRF.NS","7155209799","1686.94","India"
"2223","Endeavour Mining","EDV.TO","7153832048","29.7058","United Kingdom"
"2224","Saia","SAIA","7138977792","268.04","United States"
"2225","Neoen","NEOEN.PA","7126999008","43.9783","France"
"2226","AAK","AAK.ST","7124058369","27.4468","Sweden"
"2227","Vicinity Centres","VCX.AX","7111012888","1.55845","Australia"
"2228","Compagnie de l'Odet","ODET.PA","7104239700","1657.02","France"
"2229","Hargreaves Lansdown","HL.L","7102308847","1496.13","United Kingdom"
"2230","Hera Group","HER.MI","7093539476","4.88253","Italy"
"2231","Shin Kong Financial Holding","2888.TW","7089726779","0.400267","Taiwan"
"2232","Levi Strauss &amp; Co.","LEVI","7088230912","17.93","United States"
"2233","Qorvo","QRVO","7079217664","76.1","United States"
"2234","Linde India","LINDEINDIA.NS","7063789826","82.8265","India"
"2235","Sallie Mae","SLM","7061654528","33.65","United States"
"2236","Knight-Swift","KNX","7047554560","43.49","United States"
"2237","Pirelli","PIRC.MI","7045738282","7.04574","Italy"
"2238","Liberty Live Group","LLYVA","7042525696","75.48","United States"
"2239","MOL Group","MOL.BD","7031920690","8.80092","Hungary"
"2240","Ollie's Bargain Outlet","OLLI","7018843136","114.3","United States"
"2241","Sportradar","SRAD","7017021440","23.71","Switzerland"
"2242","Banco Popular","BPOP","6999063552","102.16","United States"
"2243","SPX Corporation","SPXC","6998020096","149.83","United States"
"2244","Bharat Forge","BHARATFORG.NS","6991761479","14.6197","India"
"2245","China Oilfield Services","2883.HK","6990548859","0.7981","China"
"2246","Commercial Bank of Dubai","CBD.AE","6990506295","2.34173","United Arab Emirates"
"2247","Eagle Materials","EXP","6987600896","213.66","United States"
"2248","M&G plc","MNG.L","6980245935","294.773","United Kingdom"
"2249","Française des Jeux","FDJ.VI","6975841071","37.4078","France"
"2250","Keyera","KEY.TO","6971493381","30.4229","Canada"
"2251","APA Group","APA.AX","6959348768","5.25734","Australia"
"2252","ESR","1821.HK","6951613034","1.63962","Hong Kong"
"2253","Zions Bancorporation","ZION","6929934336","46.96","United States"
"2254","Tube Investments of India","TIINDIA.NS","6925579861","35.7748","India"
"2255","Sunway","5211.KL","6920338286","1.11164","Malaysia"
"2256","Light &amp; Wonder","LNW","6919889408","82.01","United States"
"2257","Universal Display Corporation","OLED","6915047424","145.5","United States"
"2258","Alpha Services and Holdings","ALPHA.AT","6914859553","2.99285","Greece"
"2259","Chang Hwa Commercial Bank","2801.TW","6914852991","0.617078","Taiwan"
"2260","Nordnet AB","SAVE.ST","6911399135","27.5726","Sweden"
"2261","Canadian Tire","CTC.TO","6906115045","173.845","Canada"
"2262","Banca Transilvania","TLV.RO","6901597095","6.55671","Romania"
"2263","Axalta","AXTA","6899907584","31.57","United States"
"2264","Toromont","TIH.TO","6898749579","84.8943","Canada"
"2265","Nedbank","NED.JO","6891305700","14.5601","South Africa"
"2266","Banca Generali","BGN.MI","6879575658","59.5279","Italy"
"2267","Bupa Arabia for Cooperative Insurance Company","8210.SR","6871083958","45.8072","Saudi Arabia"
"2268","AES","AES","6855818752","9.63","United States"
"2269","Maxis Berhad","6012.KL","6854906430","0.875118","Malaysia"
"2270","Graphic Packaging","GPK","6825811456","22.62","United States"
"2271","Nykaa","NYKAA.NS","6825369788","2.38699","India"
"2272","Shimadzu","7701.T","6818083550","23.5993","Japan"
"2273","ADT","ADT","6817556480","8.15","United States"
"2274","Albemarle","ALB","6817277952","57.94","United States"
"2275","OneStream","OS","6813968384","28.44","United States"
"2276","Whitbread","WTB.L","6808548925","3808.83","United Kingdom"
"2277","AutoNation","AN","6808441344","180.59","United States"
"2278","Aditya Birla Capital","ABCAPITAL.NS","6806433711","2.61008","India"
"2279","LIG Nex1","079550.KS","6806366122","312.299","South Korea"
"2280","SCREEN Holdings","7735.T","6805533364","72.0604","Japan"
"2281","MINISO Group","MNSO","6805450752","22.19","China"
"2282","UNO Minda","UNOMINDA.NS","6804065163","11.8504","India"
"2283","Comstock Resources","CRK","6801555968","23.22","United States"
"2284","Vienna Insurance Group","WSV2.F","6799704587","52.5479","Austria"
"2285","RLI Corp.","RLI","6799461376","74.09","United States"
"2286","Indra Sistemas","IDR.MC","6796932198","38.6789","Spain"
"2287","Starwood Property Trust","STWD","6794555904","19.46","United States"
"2288","Gaztransport & Technigaz","GTT.PA","6791620438","183.407","France"
"2289","KBR","KBR","6790382080","52.34","United States"
"2290","Compagnie du Cambodge","CBDG.PA","6786778200","108.955","France"
"2291","Zain (Mobile Telecommunications Company)","ZAIN.KW","6783949935","1567.8","Kuwait"
"2292","Urban Outfitters","URBN","6783696896","73.21","United States"
"2293","Tokyu","9005.T","6778873135","11.7996","Japan"
"2294","Repligen","RGEN","6767254016","120.45","United States"
"2295","Andritz","AZ2.F","6765001784","69.0047","Austria"
"2296","StepStone Group","STEP","6763121152","56.71","United States"
"2297","Lottomatica Group","LTMC.MI","6756969352","26.8528","Italy"
"2298","Armstrong World Industries","AWI","6739405312","155.19","United States"
"2299","Quiñenco","QUINENCO.SN","6735904185","3.96724","Chile"
"2300","Games Workshop Group","GAW.L","6733096112","20420.8","United Kingdom"
"2301","Churchill Downs","CHDN","6729864192","93.17","United States"
"2302","Lyft","LYFT","6721364480","15.99","United States"
"2303","Stride (K12 Education)","LRN","6719562240","154.39","United States"
"2304","Gruma (Maseca)","GRUMAB.MX","6718147226","18.8688","Mexico"
"2305","Phoenix Mills","PHOENIXLTD.NS","6710656009","18.7692","India"
"2306","Kalyan Jewellers India","KALYANKJIL.NS","6707604136","6.50025","India"
"2307","OUTsurance Group","OUT.JO","6699746000","4.33598","South Africa"
"2308","Merlin Properties","MRL.MC","6695812925","11.9056","Spain"
"2309","Holmen","HOLM-B.ST","6693516872","42.6065","Sweden"
"2310","FPT Corporation","FPT.VN","6687200957","4.54581","Vietnam"
"2311","Bath &amp; Body Works","BBWI","6684159488","31.38","United States"
"2312","HF Sinclair","DINO","6679134720","35.45","United States"
"2313","Barito Pacific","BRPT.JK","6674881346","0.0712303","Indonesia"
"2314","Genting Singapore","G13.SI","6673817337","0.552336","Singapore"
"2315","IMI plc","IMI.L","6668736597","2583.31","United Kingdom"
"2316","Prosperity Bancshares","PB","6661234688","69.91","United States"
"2317","Charles River Laboratories","CRL","6660089344","135.6","United States"
"2318","DCC plc","DCC.L","6658934856","6116.8","Ireland"
"2319","Alfamart","AMRT.JK","6658260366","0.160345","Indonesia"
"2320","Jazz Pharmaceuticals","JAZZ","6644940288","107.815","Ireland"
"2321","KGHM Polska Miedź","KGH.WA","6629627309","33.1481","Poland"
"2322","Brinker International","EAT","6623228928","149","United States"
"2323","Halozyme Therapeutics","HALO","6623128576","53.75","United States"
"2324","Toyo Suisan","2875.T","6616886044","66.4169","Japan"
"2325","First Industrial Realty Trust","FR","6616744448","48.48","United States"
"2326","Waystar","WAY","6609326080","38.2","United States"
"2327","YTL Power International","6742.KL","6602025415","0.801798","Malaysia"
"2328","Italgas","IG.MI","6601086242","8.13188","Italy"
"2329","UiPath","PATH","6600259072","12.34","United States"
"2330","BlueScope Steel","BSL.AX","6600096213","15.0478","Australia"
"2331","Dai Nippon Printing","7912.T","6595642802","14.6144","Japan"
"2332","Dillard's","DDS","6594899968","422.75","United States"
"2333","Multiply Group","MULTIPLY.AE","6587338325","0.59","United Arab Emirates"
"2334","Bosideng","3998.HK","6582248620","0.570801","Hong Kong"
"2335","Grifols","GRFS","6579584512","8.125","Spain"
"2336","Grupo Catalana Occidente","GCO.MC","6570227942","55.669","Spain"
"2337","Synovus","SNV","6569753600","47.26","United States"
"2338","PI Industries","PIIND.NS","6556471038","43.2191","India"
"2339","SentinelOne","S","6551479296","19.79","United States"
"2340","Wyndham Hotels &amp; Resorts","WH","6550956032","85.08","United States"
"2341","Central Pattana","CPN.BK","6549309154","1.45929","Thailand"
"2342","Coforge","COFORGE.NS","6539763459","97.7092","India"
"2343","TAL Education Group","TAL","6538341888","10.82","China"
"2344","STAG Industrial","STAG","6532444160","34.27","United States"
"2345","Acciona Energías Renovables","ANE.MC","6529868791","20.1453","Spain"
"2346","Simpson Manufacturing Company","SSD","6526599680","155.49","United States"
"2347","Invesco","IVZ","6525366272","14.58","United States"
"2348","Lattice Semiconductor","LSCC","6522004480","47.43","United States"
"2349","Fomento de Construcciones y Contratas","FCC.MC","6514547143","14.323","Spain"
"2350","Reece Group","REH.AX","6499900606","10.062","Australia"
"2351","Hankyu Hanshin Holdings","9042.T","6492517965","27.2058","Japan"
"2352","Kingsoft","3888.HK","6483380989","4.87799","China"
"2353","Blueprint Medicines","BPMC","6480177664","100.34","United States"
"2354","Flowserve","FLS","6455398400","49.38","United States"
"2355","Niterra","5334.T","6453470759","32.5213","Japan"
"2356","Dycom Industries","DY","6452562432","224.21","United States"
"2357","Technip Energies","TE.PA","6448861105","36.2047","France"
"2358","Financière de Tubize","TUB.BR","6436020138","142.549","Belgium"
"2359","Infratil","IFT.NZ","6431219676","6.64323","New Zealand"
"2360","Voya Financial","VOYA","6424729600","66.72","United States"
"2361","CP Axtra","CPAXT.BK","6407189149","0.614439","Thailand"
"2362","JSC Halyk Bank","H4L1.F","6407183457","23.6069","Kazakhstan"
"2363","China Resources Gas Group","1193.HK","6406745290","2.82208","Hong Kong"
"2364","Bombardier","BBD-B.TO","6399783412","65.3295","Canada"
"2365","Mohawk Industries","MHK","6397527040","102.32","United States"
"2366","Quebecor","QBR-B.TO","6390102980","27.6703","Canada"
"2367","Entain","ENT.L","6389281246","999.042","Isle of Man"
"2368","HK Electric Investments","2638.HK","6386445478","0.722759","Hong Kong"
"2369","Air Lease Corporation","AL","6382556672","57.11","United States"
"2370","Türkiye Petrol Rafinerileri","TUPRS.IS","6378938987","3.31064","Turkey"
"2371","Fortis Healthcare","FORTIS.NS","6376694892","8.44292","India"
"2372","Samsung Electro-Mechanics","009155.KS","6368727836","38.9825","South Korea"
"2373","Hitachi Construction Machinery","6305.T","6368418701","29.9403","Japan"
"2374","Louisiana-Pacific","LPX","6366011392","91.48","United States"
"2375","Shiseido","4911.T","6358357340","15.9189","Japan"
"2376","Georg Fischer","GF.SW","6357628120","77.5879","Switzerland"
"2377","PChem (Petronas Chemicals Group)","5183.KL","6357615894","0.794702","Malaysia"
"2378","Howden Joinery","HWDN.L","6356551419","1134.42","United Kingdom"
"2379","Hoa Phat Group","HPG.VN","6356521769","0.993789","Vietnam"
"2380","Oshkosh Corporation","OSK","6336244224","98.43","United States"
"2381","Covivio","COV.PA","6334005983","56.9175","France"
"2382","Paytm","PAYTM.NS","6327444780","9.90947","India"
"2383","Chiba Bank","CHBAY","6326443008","42.34","Japan"
"2384","Siam Cement","SCC.BK","6322580761","5.26882","Thailand"
"2385","Life Time Group","LTH","6319208960","28.8","United States"
"2386","Virtu Financial","VIRT","6319033856","40.98","United States"
"2387","Sweco","SWEC-A.ST","6304598093","17.3968","Sweden"
"2388","Sectra AB","SECT-B.ST","6302076590","32.7097","Sweden"
"2389","Elis","ELIS.PA","6295641721","27.0117","France"
"2390","Elanco","ELAN","6292505088","12.67","United States"
"2391","Jindal Stainless","JSL.NS","6287061719","7.63039","India"
"2392","Clearwater Analytics","CWAN","6285701120","22.18","United States"
"2393","United Breweries","UBL.NS","6285540400","23.7724","India"
"2394","Teleperformance","TEP.PA","6284122156","105.323","France"
"2395","Yakult","2267.T","6284051025","21.1577","Japan"
"2396","Essential Properties Realty Trust","EPRT","6280672768","31.71","United States"
"2397","Mattel","MAT","6277428736","19.44","United States"
"2398","Valmont Industries","VMI","6274595840","312.62","United States"
"2399","Nissin Foods","2897.T","6274268536","21.353","Japan"
"2400","Kunlun Tech","300418.SZ","6271543542","5.09261","China"
"2401","Bank of India","BANKINDIA.NS","6262983014","1.37449","India"
"2402","Copel","ELP","6262629376","8.71","Brazil"
"2403","BridgeBio Pharma","BBIO","6260376576","32.97","United States"
"2404","Axfood","AXFO.ST","6258519719","29.0089","Sweden"
"2405","Sumitomo Metal Mining","5713.T","6258151066","22.7552","Japan"
"2406","Reply","REY.MI","6258124109","165.021","Italy"
"2407","Gamuda Berhad","5398.KL","6247594505","1.08325","Malaysia"
"2408","Crocs","CROX","6245588992","111.38","United States"
"2409","Korea Aerospace Industries","047810.KS","6245113621","64.0688","South Korea"
"2410","Charoen Pokphand Foods","CPF.BK","6244814895","0.806452","Thailand"
"2411","Samyang Foods","003230.KS","6234745045","835.966","South Korea"
"2412","Sulzer","SUN.SW","6234497996","184.71","Switzerland"
"2413","Fraport","FRA.DE","6233869917","67.4725","Germany"
"2414","KION Group","KGX.DE","6232567690","47.5315","Germany"
"2415","Webull","BULL","6229591767","13.5","United States"
"2416","Ypsomed","YPSN.SW","6226961402","456.328","Switzerland"
"2417","Telekom Malaysia","4863.KL","6226796746","1.62252","Malaysia"
"2418","Page Industries","PAGEIND.NS","6224551813","557.676","India"
"2419","MSA Safety","MSA","6222516736","158.31","United States"
"2420","Idacorp","IDA","6219403264","115.13","United States"
"2421","Bio-Rad Laboratories","BIO","6217934848","227.14","United States"
"2422","AGC","5201.T","6216467370","29.2846","Japan"
"2423","Ryder","R","6214349312","150.32","United States"
"2424","AUTO1","AG1.F","6206043754","28.3055","Germany"
"2425","Tianqi Lithium","002466.SZ","6205835854","4.20136","China"
"2426","MGIC Investment","MTG","6204228608","26.13","United States"
"2427","TPG Telecom","TPG.AX","6204172192","3.33676","Australia"
"2428","AirTAC International","1590.TW","6204136057","31.0207","Taiwan"
"2429","LEG Immobilien","LEG.DE","6191017301","83.1347","Germany"
"2430","Vertex","VERX","6188878336","39.05","United States"
"2431","Hanwha Systems","272210.KS","6188514768","33.0949","South Korea"
"2432","Fluor Corporation","FLR","6188110848","37.58","United States"
"2433","Arrow Electronics","ARW","6180787200","119.15","United States"
"2434","Verona Pharma","VRNA","6177116160","72.69","United Kingdom"
"2435","Konecranes","KCR.HE","6171901124","77.914","Finland"
"2436","Hikma Pharmaceuticals","HIK.L","6170437889","2799.26","United Kingdom"
"2437","Stevanato Group","STVN","6170246656","22.61","Italy"
"2438","Yonyou","600588.SS","6147839893","1.79919","China"
"2439","Millicom","TIGO","6144448000","36.82","Luxembourg"
"2440","Thyssenkrupp","TKA.F","6142804113","9.80592","Germany"
"2441","Metropolitan Bank (Metrobank)","MTPOY","6138978304","27.3","Philippines"
"2442","Trex","TREX","6131239936","57.18","United States"
"2443","Spirax-Sarco Engineering","SPX.L","6115971333","7792.88","United Kingdom"
"2444","Zabka Group","ZAB.WA","6111437577","6.11144","Poland"
"2445","Steel Authority of India","SAIL.NS","6107088964","1.47852","India"
"2446","NewMarket Corp","NEU","6104599552","647.05","United States"
"2447","Fortune Brands Innovations","FBIN","6100840448","50.73","United States"
"2448","Amorepacific","090430.KS","6099147532","98.9556","South Korea"
"2449","Land Securities Group","LAND.L","6098013222","818.588","United Kingdom"
"2450","Banca Popolare di Sondrio","BPSO.MI","6090095018","13.5399","Italy"
"2451","Capital Power","CPX.TO","6088283182","39.3687","Canada"
"2452","AU Small Finance Bank","AUBANK.NS","6087364141","8.17462","India"
"2453","Babcock International Group","BAB.L","6087007685","1203.92","United Kingdom"
"2454","Alaska Airlines","ALK","6083003392","50.11","United States"
"2455","Madrigal Pharmaceuticals","MDGL","6069272064","273.35","United States"
"2456","Castellum","CAST.ST","6068802647","12.3238","Sweden"
"2457","Meiji Holdings","2269.T","6067820452","22.3994","Japan"
"2458","Cemig","CIG","6066479104","1.82","Brazil"
"2459","Five Below","FIVE","6057811456","110.03","United States"
"2460","APA Corporation","APA","6040545280","16.74","United States"
"2461","Balkrishna Industries","BALKRISIND.NS","6038346805","31.2355","India"
"2462","SalMar ASA","SALM.OL","6037640775","45.1781","Norway"
"2463","SSAB","SSAB-B.ST","6025686360","6.01774","Sweden"
"2464","Korean Air Lines","003495.KS","6024350370","16.4926","South Korea"
"2465","Post Holdings","POST","6014265856","107.94","United States"
"2466","Kirby Corporation","KEX","6013359104","107.19","United States"
"2467","Zurn Water Solutions","ZWS","6013326848","35.74","United States"
"2468","Ryman Hospitality Properties","RHP","6007442432","95.37","United States"
"2469","UPL","UPL.NS","6005111713","7.40319","India"
"2470","BOK Financial","BOKF","6003979776","93.43","United States"
"2471","EchoStar","SATS","6003244032","20.95","United States"
"2472","Hanover Insurance Group","THG","5997663232","166.99","United States"
"2473","Colliers International","CIGI","5991493120","118.15","Canada"
"2474","Masraf Al Rayan","MARK.QA","5991345793","0.644231","Qatar"
"2475","Choice Hotels International","CHH","5989260288","129.08","United States"
"2476","OneMain Financial","OMF","5988899328","50.34","United States"
"2477","Carl Zeiss Meditec","AFXA.F","5986815826","66.9618","Germany"
"2478","RTL Group","RRTL.F","5980024025","38.6449","Luxembourg"
"2479","Ecopro BM","247540.KQ","5975503408","61.1433","South Korea"
"2480","Boyd Gaming","BYD","5969289728","73.33","United States"
"2481","Max Financial Services","MFSL.NS","5969253750","17.2604","India"
"2482","Valmet","VALMT.HE","5968961780","32.4027","Finland"
"2483","APL Apollo","APLAPOLLO.NS","5964600529","21.4898","India"
"2484","LandBridge","LB","5964305408","78.07","United States"
"2485","First International Bank of Israel","FIBI.TA","5953366003","5933.78","Israel"
"2486","BRF","BRFS","5953153536","3.72","Brazil"
"2487","Rumo","RAIL3.SA","5952314545","3.21615","Brazil"
"2488","JBT Marel Corporation","JBTM","5950416384","114.5","United States"
"2489","Banco Macro","BMA","5949154304","93","Argentina"
"2490","Rithm Capital","RITM","5921462784","11.17","United States"
"2491","Ayala Land","AYAAF","5917157888","0.39","Philippines"
"2492","IONOS Group","IOS.DE","5915394993","42.22","Germany"
"2493","New Hope Liuhe","000876.SZ","5911895235","1.30622","China"
"2494","Universal Forest Products","UFPI","5899977728","97.69","United States"
"2495","Yaskawa","6506.T","5894476842","22.7273","Japan"
"2496","PJT Partners","PJT","5892932608","147.83","United States"
"2497","CorVel Corporation","CRVL","5885239296","114.59","United States"
"2498","ALK-Abelló","ALK-B.CO","5884983195","26.5808","Denmark"
"2499","Silgan Holdings","SLGN","5874985472","54.91","United States"
"2500","Yapı Kredi","YKBNK.IS","5870080597","0.694927","Turkey"
"2501","Federal Bank","FEDERALBNK.NS","5864395457","2.38863","India"
"2502","Essent Group","ESNT","5862049792","57.81","Bermuda"
"2503","Celanese","CE","5859838976","53.56","United States"
"2504","National Marine Dredging","NMDC.AE","5858350867","6.94","United Arab Emirates"
"2505","Fuchs Petrolub","FPE.F","5858055758","38.0774","Germany"
"2506","Rambus","RMBS","5856102400","54.52","United States"
"2507","Croda International","CRDA.L","5853713255","4171.9","United Kingdom"
"2508","Ricoh Company","7752.T","5850291977","10.2754","Japan"
"2509","Orica","ORI.AX","5849302599","12.002","Australia"
"2510","Dar Al Arkan Real Estate Development Company","4300.SR","5845620516","5.41261","Saudi Arabia"
"2511","Hyundai Glovis","086280.KS","5841890266","77.8919","South Korea"
"2512","Australian Foundation Investment Company","AFI.AX","5838834213","4.65595","Australia"
"2513","Supreme Industries","SUPREMEIND.NS","5838806591","45.9597","India"
"2514","Scor","SCR.PA","5835699412","32.5729","France"
"2515","FS KKR Capital","FSK","5833774592","20.83","United States"
"2516","CD Projekt","CDR.WA","5831092208","58.3632","Poland"
"2517","Persimmon","PSN.L","5829920676","1787.67","United Kingdom"
"2518","JD Sports Fashion","JD.L","5826741882","113.698","United Kingdom"
"2519","GPT Group","GPT.AX","5822017519","3.0393","Australia"
"2520","Archer Aviation","ACHR","5819516928","10.6","United States"
"2521","West Fraser Timber","WFG","5815394304","73.37","Canada"
"2522","360 DigiTech","QFIN","5812058112","42.96","China"
"2523","easyJet","EZJ.L","5806401749","773.373","United Kingdom"
"2524","ENGIE Brasil","EGIE3.SA","5806369959","7.11628","Brazil"
"2525","Jackson Financial","JXN","5805092352","81.26","United States"
"2526","CCC Intelligent Solutions","CCCS","5799727616","8.8","United States"
"2527","Clearway Energy","CWEN","5799202304","29.3","United States"
"2528","Caesars Entertainment","CZR","5796068352","27.87","United States"
"2529","Informatica","INFA","5793100800","19.2","United States"
"2530","Mirvac Group","MGR.AX","5792190997","1.46792","Australia"
"2531","Jyske Bank","JYSK.CO","5790225934","95.5508","Denmark"
"2532","SG Holdings","9143.T","5779316591","9.71036","Japan"
"2533","Volvo Car","VOLCAR-B.ST","5776532057","1.94161","Sweden"
"2534","SAIC","SAIC","5775635968","122.45","United States"
"2535","IDFC FIRST Bank","IDFCFIRSTB.NS","5771562666","0.787756","India"
"2536","Janus Henderson","JHG","5757169664","36.54","United Kingdom"
"2537","Stericycle","SRCL","5754061824","61.98","United States"
"2538","Regencell Bioscience","RGC","5745195520","441.5","Hong Kong"
"2539","Arkema","AKE.PA","5740974473","76.0413","France"
"2540","Hiscox","HSX.L","5729604859","1699.26","Bermuda"
"2541","Petrovietnam Gas","GAS.VN","5729356089","2.44565","Vietnam"
"2542","eMemory Technology","3529.TWO","5728212007","76.7178","Taiwan"
"2543","TMBThanachart Bank (ttb)","TTB.BK","5726701458","0.0596006","Thailand"
"2544","Posco International","047050.KS","5721855972","33.5703","South Korea"
"2545","MinebeaMitsumi","6479.T","5721855100","14.2481","Japan"
"2546","Far Eastern New Century","1402.TW","5712714973","1.06738","Taiwan"
"2547","FTI Consulting","FCN","5712214528","166.6","United States"
"2548","Terreno Realty","TRNO","5711068160","55.56","United States"
"2549","First American","FAF","5703747072","55.43","United States"
"2550","Globe Telecom, Inc.","GTMEY","5702557696","34.05","Philippines"
"2551","Japan Real Estate Investment","8952.T","5702294695","801.524","Japan"
"2552","Yuhan","000100.KS","5694313673","76.0634","South Korea"
"2553","MKS Instruments","MKSI","5693758976","84.89","United States"
"2554","Corporación Financiera Alba","ALB.MC","5692443428","94.9722","Spain"
"2555","Nippon Television Holdings","9404.T","5678778870","22.6436","Japan"
"2556","Pepkor","PPH.JO","5677296300","1.52579","South Africa"
"2557","Federal Signal","FSS","5676195328","93.1","United States"
"2558","Mphasis","MPHASIS.NS","5676149326","29.8405","India"
"2559","The Berkeley Group","BKG.L","5674166352","5593.12","United Kingdom"
"2560","Taylor Morrison","TMHC","5672799232","56.52","United States"
"2561","POSCO Chemical","003670.KS","5668197055","73.211","South Korea"
"2562","GDS Holdings","GDS","5661286400","28.16","China"
"2563","DiaSorin","DIA.MI","5661024955","103.62","Italy"
"2564","GamaLife","BTRVB.LS","5660538000","113.211","Portugal"
"2565","Isetan Mitsukoshi Holdings","3099.T","5660143316","15.4898","Japan"
"2566","Turkcell","TKC","5655482880","6.49","Turkey"
"2567","Storebrand","STB.OL","5655396896","13.1382","Norway"
"2568","Definity Financial","DFY.TO","5644087745","49.4662","Canada"
"2569","Makkah Construction &amp; Development","4100.SR","5641914821","28.2096","Saudi Arabia"
"2570","FirstCash","FCFS","5634304000","127","United States"
"2571","Petronet LNG","PETRONET.NS","5634290732","3.75619","India"
"2572","Dentsu","4324.T","5631353596","21.6948","Japan"
"2573","Prio SA (Petro Rio)","PRIO3.SA","5629720614","6.90718","Brazil"
"2574","Cadence Bancorp","CADE","5626876416","30.66","United States"
"2575","Construction Partners","ROAD","5626632704","100.42","United States"
"2576","Avanza Bank","AZA.ST","5624520587","35.771","Sweden"
"2577","Merit Medical","MMSI","5620953600","95.11","United States"
"2578","Unicaja Banco","UNI.MC","5615980461","2.1859","Spain"
"2579","KBC Ancora","KBCA.BR","5611346254","72.8635","Belgium"
"2580","Canadian Utilities","CU.TO","5609797905","27.3371","Canada"
"2581","Tata Communications","TATACOMM.NS","5605070938","19.6628","India"
"2582","Oberbank","OBS.VI","5604678806","79.4461","Austria"
"2583","Taylor Wimpey","TW.L","5603389475","158.228","United Kingdom"
"2584","McDonald's Japan","2702.T","5602100765","42.134","Japan"
"2585","Public Power Corporation","PPC.AT","5589958007","15.1856","Greece"
"2586","BOC Aviation","2588.HK","5587635253","8.05123","Singapore"
"2587","Credit Acceptance","CACC","5586620928","481.46","United States"
"2588","Lincoln National Corporation","LNC","5577879552","32.67","United States"
"2589","VPBank (Vietnam Prosperity Joint Stock Commercial Bank)","VPB.VN","5574687872","0.70264","Vietnam"
"2590","L&amp;T Technology Services","LTTS.NS","5572624593","52.6325","India"
"2591","Home BancShares","HOMB","5570459136","28.21","United States"
"2592","The Company for Cooperative Insurance","8010.SR","5565666752","37.1684","Saudi Arabia"
"2593","eToro","ETOR","5564642304","66.48","Israel"
"2594","D-Wave Quantum","QBTS","5563317248","19.04","Canada"
"2595","ALS Global","ALQ.AX","5562350042","11.4394","Australia"
"2596","Glaukos","GKOS","5553485312","97.19","United States"
"2597","Fortnox AB","FNOX.ST","5546801254","9.0979","Sweden"
"2598","Lundbeck","HLUN-B.CO","5546595569","5.79087","Denmark"
"2599","Sterling Infrastructure","STRL","5543858176","182.29","United States"
"2600","Vail Resorts","MTN","5540958720","148.4","United States"
"2601","Fertiglobe","FERTIGLB.AE","5537979950","0.67","United Arab Emirates"
"2602","Chagee","CHA","5535409664","29.8","China"
"2603","Saudi Tadawul Group Holding Company","1111.SR","5535262102","46.1272","Saudi Arabia"
"2604","SPS Commerce","SPSC","5532167680","145.67","United States"
"2605","Bechtle","BC8.F","5531394412","43.877","Germany"
"2606","Oklo","OKLO","5529222656","39.72","United States"
"2607","Group 1 Automotive","GPI","5517425664","426.56","United States"
"2608","Telix Pharmaceuticals","TLX.AX","5517368894","16.4833","Australia"
"2609","InterDigital","IDCC","5511808000","212.51","United States"
"2610","Warehouses De Pauw","WDP.BR","5510113667","23.4707","Belgium"
"2611","Marathon Digital Holdings","MARA","5507673088","15.65","United States"
"2612","Bruker","BRKR","5506673152","36.34","United States"
"2613","Fincantieri","FCT.MI","5502475215","17.0469","Italy"
"2614","Türk Telekom","TTKOM.IS","5502143490","1.57204","Turkey"
"2615","Accelleron Industries","ACLN.SW","5499888680","58.6327","Switzerland"
"2616","Porto Seguro","PSSA3.SA","5499079596","8.56576","Brazil"
"2617","China Taiping Insurance","0966.HK","5488945457","1.52724","Hong Kong"
"2618","Grand Canyon Education","LOPE","5487911936","193.41","United States"
"2619","SK Group","034730.KS","5482813503","100.565","South Korea"
"2620","Motilal Oswal Financial Services","MOTILALOFS.NS","5479367802","9.14273","India"
"2621","Knife River Corporation","KNF","5477154304","96.68","United States"
"2622","Charter Hall Group","CHC.AX","5475033152","11.5752","Australia"
"2623","Seek Limited","SEK.AX","5468559029","15.3258","Australia"
"2624","SFS Group","SFSN.SW","5466474446","140.651","Switzerland"
"2625","Balchem","BCPC","5465028608","167.55","United States"
"2626","Matador Resources","MTDR","5458850816","43.6","United States"
"2627","Seatrium","5E2.SI","5451872151","1.61033","Singapore"
"2628","Global-e","GLBE","5449902080","32.11","Israel"
"2629","Ternium","TX","5447546880","27.75","Luxembourg"
"2630","Abu Dhabi Ports","ADPORTS.AE","5446889040","1.07","United Arab Emirates"
"2631","Gerdau","GGB","5443672064","2.72","Brazil"
"2632","LondonMetric Property","LMP.L","5439627010","265.214","United Kingdom"
"2633","Q2","QTWO","5439121920","87.3","United States"
"2634","HANMI Semiconductor","042700.KS","5438882412","57.3401","South Korea"
"2635","NEXTDC","NXT.AX","5436562547","8.4777","Australia"
"2636","TG Therapeutics","TGTX","5435771904","34.24","United States"
"2637","Nova Measuring Instruments","NVMI","5430492672","184.71","Israel"
"2638","Cirrus Logic","CRUS","5430345728","102.18","United States"
"2639","Riyadh Cables Group Company","4142.SR","5429048961","36.2618","Saudi Arabia"
"2640","CareTrust REIT","CTRE","5428632064","28.32","United States"
"2641","Trump Media &amp; Technology Group","DJT","5422962176","24.58","United States"
"2642","PGE Polska","PGE.WA","5420191352","2.41573","Poland"
"2643","American Healthcare REIT","AHR","5419707904","33.98","United States"
"2644","Gates Industrial Corp","GTES","5418346496","21.02","United States"
"2645","Colruyt","COLR.BR","5414467116","44.7395","Belgium"
"2646","Richter Gedeon","RIG2.F","5414270126","29.4632","Hungary"
"2647","Vanguard International Semiconductor","5347.TWO","5413539744","2.8986","Taiwan"
"2648","Groupe SEB","SK.PA","5412232818","97.435","France"
"2649","Unimicron","3037.TW","5405045531","3.53569","Taiwan"
"2650","Mobile TeleSystems","MTSS.ME","5404530741","2.71","Russia"
"2651","Unite Group (Unite Students)","UTG.L","5404478190","1095.95","United Kingdom"
"2652","South Bow","SOBO","5403950592","25.94","Canada"
"2653","Kratos Defense &amp; Security Solutions","KTOS","5401193984","35.2","United States"
"2654","Getinge","GETI-B.ST","5401163227","19.8302","Sweden"
"2655","H&amp;K AG (Heckler &amp; Koch)","MLHK.PA","5396317294","152.083","Germany"
"2656","Emmi AG","EMMN.SW","5394102450","1008.28","Switzerland"
"2657","Ramsay Health Care","RHC.AX","5393064018","23.3638","Australia"
"2658","IOI Corporation Berhad","1961.KL","5384952976","0.868023","Malaysia"
"2659","Procter &amp; Gamble India","PGHH.NS","5384071812","165.864","India"
"2660","Kimberly-Clark de México","KIMBERA.MX","5380071653","1.77958","Mexico"
"2661","Fielmann","FIE.F","5376870476","63.6704","Germany"
"2662","Bank Muscat","BKMB.OM","5363105201","0.714471","Oman"
"2663","The Phoenix Holdings","PHOE.TA","5357805915","2130.7","Israel"
"2664","Hudco","HUDCO.NS","5354164462","2.67454","India"
"2665","Legend Biotech","LEGN","5346041856","29.05","United States"
"2666","MGM China Holdings","2282.HK","5345244172","1.40721","Macau"
"2667","Teleflex","TFX","5344217600","120.94","United States"
"2668","Galenica","GALE.SW","5319479578","106.759","Switzerland"
"2669","British Land","BLND.L","5317606597","520.441","United Kingdom"
"2670","Enact Holdings","ACT","5301832192","35.33","United States"
"2671","Beijing Enterprises Holdings","0392.HK","5301171021","4.21397","Hong Kong"
"2672","Vontier","VNT","5296299008","35.81","United States"
"2673","Ionis Pharmaceuticals","IONS","5293628416","33.26","United States"
"2674","Freddie Mac","FMCC","5291488768","8.14","United States"
"2675","Koei Tecmo","3635.T","5290182569","16.749","Japan"
"2676","Doosan","000150.KS","5286891888","321.075","South Korea"
"2677","IG Group","IGG.L","5286005588","1517.05","United Kingdom"
"2678","CSN Mineração","CMIN3.SA","5284385078","0.972818","Brazil"
"2679","Dukhan Bank","DUBK.QA","5278676114","1.00852","Qatar"
"2680","Commercial Metals Company","CMC","5278276608","46.71","United States"
"2681","Vopak","VPK.AS","5271390689","45.0119","Netherlands"
"2682","Technoprobe","TPRO.MI","5270124490","8.14891","Italy"
"2683","Lumentum","LITE","5266072064","75.88","United States"
"2684","Aritzia","ATZ.TO","5262595935","45.9893","Canada"
"2685","Selective Insurance","SIGI","5260632064","86.56","United States"
"2686","Nuvalent","NUVL","5258558464","73.23","United States"
"2687","Joby Aviation","JOBY","5257538560","6.64","United States"
"2688","Eurazeo","RF.PA","5256890124","73.3174","France"
"2689","Romgaz","SNG.RO","5256857149","1.36392","Romania"
"2690","HD Hyundai Marine Solution","443060.KS","5255778490","117.24","South Korea"
"2691","Vista Oil &amp; Gas","VIST","5251558400","49.36","Mexico"
"2692","Option Care Health","OPCH","5244816384","32.03","United States"
"2693","Tokyo Century","8439.T","5244658659","10.7498","Japan"
"2694","ACEA","ACE.MI","5244346095","24.6737","Italy"
"2695","Direct Line Group","DLG.L","5236078487","402.478","United Kingdom"
"2696","Element Solutions","ESI","5235661312","21.59","United States"
"2697","Varonis","VRNS","5233612800","46.76","United States"
"2698","Kuala Lumpur Kepong","2445.KL","5225878887","4.69253","Malaysia"
"2699","Tokyu Fudosan Holdings","3289.T","5224156030","7.31416","Japan"
"2700","TXNM Energy","TXNM","5224131072","56.38","United States"
"2701","Chord Energy","CHRD","5206595072","90.15","United States"
"2702","Enel Chile","ENIC","5202775552","3.67","Chile"
"2703","Jet2","JET2.L","5194499866","2438.89","United Kingdom"
"2704","Gujarat Fluorochemicals","FLUOROCHEM.NS","5192613751","47.27","India"
"2705","Iveco Group","IVG.MI","5191578890","19.6402","Italy"
"2706","Omron","6645.T","5189136477","26.3547","Japan"
"2707","SiteOne Landscape Supply","SITE","5187595776","115.77","United States"
"2708","Temenos","TEMN.SW","5186289610","73.3514","Switzerland"
"2709","Clicks Group","CLS.JO","5185694600","21.8009","South Africa"
"2710","GATX","GATX","5184407552","145.32","United States"
"2711","Taiwan High Speed Rail","2633.TW","5181480987","0.920614","Taiwan"
"2712","Mercury NZ","MCY.AX","5179821569","3.62129","New Zealand"
"2713","U.S. Cellular","USM","5176583680","60.88","United States"
"2714","Lantheus Holdings","LNTH","5171638784","74.75","United States"
"2715","Mallplaza","MALLPLAZA.SN","5169981926","2.36072","Chile"
"2716","Nexstar Media Group","NXST","5169330688","171.46","United States"
"2717","Amentum","AMTM","5160859648","21.21","United States"
"2718","Container Corporation of India","CONCOR.NS","5160606795","8.46465","India"
"2719","Littelfuse","LFUS","5145189376","208.18","United States"
"2720","Ringkjøbing Landbobank","RILBA.CO","5145147471","205.556","Denmark"
"2721","Axsome Therapeutics","AXSM","5137818112","104.35","United States"
"2722","Sojitz Corporation","2768.T","5137184323","24.3666","Japan"
"2723","Onex","ONEX.TO","5135870613","73.7175","Canada"
"2724","United Bankshares","UBSI","5132627968","36.13","United States"
"2725","Jubilant FoodWorks","JUBLFOOD.NS","5130720222","7.80182","India"
"2726","Fukuoka Financial Group","8354.T","5130603384","27.136","Japan"
"2727","GlobalWafers","6488.TWO","5127206118","10.7238","Taiwan"
"2728","Flughafen Wien (Vienna Airport)","FLU.VI","5121392877","61.06","Austria"
"2729","Itron","ITRI","5118175744","112.27","United States"
"2730","YTL Corporation Berhad","1773.T","5112740445","0.446453","Malaysia"
"2731","Permata Bank","BNLI.JK","5109785926","0.141227","Indonesia"
"2732","Global Unichip Corp.","3443.TW","5095815292","38.0253","Taiwan"
"2733","Remgro Limited","REM.JO","5091817800","9.10947","South Africa"
"2734","Healthcare Realty Trust","HR","5088425472","14.33","United States"
"2735","Asia Cement","1102.TW","5080878965","1.43262","Taiwan"
"2736","CSW Industrials","CSWI","5071181312","302.16","United States"
"2737","DKSH Holding","DKSH.SW","5064617101","77.951","Switzerland"
"2738","Ibiden","4062.T","5064261399","36.2743","Japan"
"2739","Ono Pharmaceutical","4528.T","5057440904","10.7672","Japan"
"2740","Krones","KRN.F","5055756813","160.027","Germany"
"2741","Nomura Real Estate Holdings","3231.T","5050882824","5.88202","Japan"
"2742","Barry Callebaut","BARN.SW","5041715426","919.919","Switzerland"
"2743","Parkin PJSC","PARKIN.AE","5038919833","1.68005","United Arab Emirates"
"2744","Bank OZK","OZK","5037447680","44.73","United States"
"2745","Siegfried Holding","SFZN.SW","5027611814","114.869","Switzerland"
"2746","PCCW","0008.HK","5021591601","0.648696","Hong Kong"
"2747","Brookfield Renewable","BEPC","5020183552","27.92","United States"
"2748","Cognex","CGNX","5017484288","29.89","United States"
"2749","Darling Ingredients","DAR","5015221760","31.71","United States"
"2750","F.N.B. Corporation","FNB","5012098048","13.93","United States"
"2751","Magnit","MGNT.ME","5010940618","51.7","Russia"
"2752","COSMOS Pharmaceutical","3349.T","5010804703","63.222","Japan"
"2753","CyberAgent","4751.T","5008416913","9.88825","Japan"
"2754","Shake Shack","SHAK","5004377088","117.29","United States"
"2755","Coway","021240.KS","5001576580","69.5542","South Korea"
"2756","Etsy","ETSY","5001364480","47.96","United States"
"2757","WillScot","WSC","4995661824","27.39","United States"
"2758","FAW Car","000800.SZ","4990231921","1.01379","China"
"2759","Affiliated Managers Group","AMG","4989272064","175.5","United States"
"2760","Enstar Group","ESGR","4987428352","334.5","Bermuda"
"2761","Enphase Energy","ENPH","4986522112","38.005","United States"
"2762","China Gas","0384.HK","4981260821","0.914303","China"
"2763","Yadea Group","1585.HK","4977471899","1.63706","China"
"2764","Americana Restaurants International","AMR.AE","4977340729","0.59","United Arab Emirates"
"2765","China Power International Development","2380.HK","4975818038","0.402242","Hong Kong"
"2766","National Storage","NSA","4975191040","33.8","United States"
"2767","Columbia Banking System","COLB","4973355520","23.66","United States"
"2768","Bank of Ayudhya","BAY.BK","4971635105","0.675883","Thailand"
"2769","Southwest Gas","SWX","4969167872","69.1","United States"
"2770","Li Ning Company","2331.HK","4965582615","1.92821","China"
"2771","De' Longhi","DLG.MI","4964564331","32.414","Italy"
"2772","Qualys","QLYS","4955969536","136.43","United States"
"2773","Alkermes","ALKS","4955274752","30.05","Ireland"
"2774","Atlas Arteria","ALX.AX","4944279915","3.40143","Australia"
"2775","Coeur Mining","CDE","4938460672","7.72","United States"
"2776","Gentex","GNTX","4936673792","21.96","United States"
"2777","Charoen Pokphand Indonesia","CPIN.JK","4935074735","0.300956","Indonesia"
"2778","First Financial Bankshares","FFIN","4930933760","34.47","United States"
"2779","ABC-Mart","2670.T","4928087862","19.9021","Japan"
"2780","PennyMac","PFSI","4926124032","95.35","United States"
"2781","Saudi Investment Bank","1030.SR","4922344656","3.94081","Saudi Arabia"
"2782","Nexans","NEX.PA","4920258985","112.416","France"
"2783","Lynas","LYC.AX","4917960955","5.25734","Australia"
"2784","United Tractors","UNTR.JK","4916326467","1.35368","Indonesia"
"2785","Main Street Capital","MAIN","4914422784","55.2","United States"
"2786","EFG International","EFGN.SW","4911916956","16.2196","Switzerland"
"2787","Champion Homes","SKY","4906262528","85.66","United States"
"2788","Amplifon","AMP.MI","4900451890","21.7626","Italy"
"2789","JFrog","FROG","4900201472","42.77","United States"
"2790","Aboitiz Power","ABZPY","4899984896","13.6","Philippines"
"2791","Voltas","VOLTAS.NS","4896489005","14.7982","India"
"2792","Taiwan Business Bank","2834.TW","4894686664","0.503669","Taiwan"
"2793","Americold","COLD","4890516480","17.12","United States"
"2794","Dexus","DXS.AX","4889555468","4.54601","Australia"
"2795","SCHOTT Pharma","1SXP.DE","4888876541","32.4594","Germany"
"2796","Boot Barn Holdings","BOOT","4882206720","159.58","United States"
"2797","Flagstar Financial","FLG","4881340928","11.76","United States"
"2798","The Commercial Bank (P.S.Q.C.)","CBQK.QA","4881161002","1.20604","Qatar"
"2799","ACI Worldwide","ACIW","4874703360","46.47","United States"
"2800","Grupo Aeroportuario Centro Norte","OMAB","4869920256","100.22","Mexico"
"2801","Valley Bank","VLY","4869363200","8.69","United States"
"2802","Red Rock Resorts","RRR","4862599168","47.19","United States"
"2803","Qube Holdings","QUB.AX","4862046572","2.7483","Australia"
"2804","Formosa Chemicals &amp; Fibre","1326.TW","4857924859","0.830554","Taiwan"
"2805","Subsea 7","SUBC.OL","4851147423","16.4104","Luxembourg"
"2806","Timken Company","TKR","4849135104","69.31","United States"
"2807","Kite Realty","KRG","4848205824","21.58","United States"
"2808","Finning","FTT.TO","4846524264","36.0149","Canada"
"2809","Lear Corporation","LEA","4840585216","90.54","United States"
"2810","SiTime","SITM","4839918080","204.03","United States"
"2811","Landstar System","LSTR","4833758720","138.32","United States"
"2812","PLDT","PHI","4833172992","22.37","Philippines"
"2813","Tritax Big Box REIT","BBOX.L","4832502301","189.902","United Kingdom"
"2814","Bucher Industries","BUCN.SW","4832281669","472.669","Switzerland"
"2815","Parkland Corp","PKI.TO","4830232715","27.6993","Canada"
"2816","Qatar Electricity &amp; Water Company","QEWS.QA","4820054646","4.38187","Qatar"
"2817","Mesaieed Petrochemical Holding Company","MPHC.QA","4818194567","0.383517","Qatar"
"2818","Canadian Apartment Properties REIT","CAR-UN.TO","4815294838","30.0824","Canada"
"2819","ADMA Biologics","ADMA","4812877312","20.16","United States"
"2820","Netwealth","NWL.AX","4807242333","19.6196","Australia"
"2821","Jollibee","JBFCF","4804409856","4.21","Philippines"
"2822","IES Holdings","IESC","4802183680","241.87","United States"
"2823","Dongfeng Motor","0489.HK","4794892847","0.581017","China"
"2824","Mapletree Commercial Trust","N2IU.SI","4794483190","0.910187","Singapore"
"2825","PTT Oil and Retail Business","OR.BK","4792626687","0.399386","Thailand"
"2826","Commercial International Bank","CIN.F","4789219004","1.52083","Egypt"
"2827","Kokusai Electric","6525.T","4788248291","20.6624","Japan"
"2828","Mebuki Financial Group","7167.T","4782911765","5.00028","Japan"
"2829","Credito Emiliano","CE.MI","4778840123","14.0506","Italy"
"2830","Silergy","6415.TW","4774358261","12.3582","China"
"2831","Springer Nature AG","SPG.DE","4774148387","24.0041","Germany"
"2832","Allegro MicroSystems","ALGM","4770678272","25.91","United States"
"2833","CCC S.A.","CCC.WA","4750595788","61.6753","Poland"
"2834","FMC","FMC","4747790848","38.01","United States"
"2835","Paymentus","PAY","4745005056","37.92","United States"
"2836","Burberry","BRBY.L","4742589777","1320.4","United Kingdom"
"2837","Sealed Air","SEE","4742458880","32.25","United States"
"2838","VF Corporation","VFC","4737207296","12.16","United States"
"2839","Endeavour Group","EDV.AX","4736847423","2.64484","Australia"
"2840","Modine Manufacturing","MOD","4733607936","90.35","United States"
"2841","Phillips Edison &amp; Company","PECO","4724771328","34.14","United States"
"2842","Dalmia Bharat","DALBHARAT.NS","4719627374","25.1626","India"
"2843","Hancock Whitney","HWC","4718909952","54.85","United States"
"2844","EVN Group","EVN.F","4714464737","26.3875","Austria"
"2845","Robert Half","RHI","4710781952","46.11","United States"
"2846","Softcat","SCT.L","4706443784","2360.61","United Kingdom"
"2847","Glenmark Pharmaceuticals","GLENMARK.NS","4705890100","16.6757","India"
"2848","360 One Wam","360ONE.NS","4703379577","11.9467","India"
"2849","Adecco Group","ADEN.SW","4701892282","28.0817","Switzerland"
"2850","WEX","WEX","4701084672","137.28","United States"
"2851","Sampoerna","HMSP.JK","4698630320","0.0403947","Indonesia"
"2852","Transportadora de Gas del Sur","TGS","4695613952","30.8","Argentina"
"2853","Thermax","THERMAX.NS","4692561820","41.6598","India"
"2854","Kingnet Network","002517.SZ","4691778344","2.19607","China"
"2855","ChampionX","CHX","4690206208","24.5","United States"
"2856","Nordex","NDX1.F","4685715510","19.7253","Germany"
"2857","GoTo","GOTO.JK","4685395306","0.00444033","Indonesia"
"2858","Saipem","SPM.MI","4680639383","2.36523","Italy"
"2859","Ebos Group","EBO.NZ","4679737350","23.0041","New Zealand"
"2860","Glacier Bancorp","GBCI","4671265792","41.15","United States"
"2861","International Distributions Services (Royal Mail)","IDS.L","4669142714","484.636","United Kingdom"
"2862","e.l.f. Beauty","ELF","4668676096","82.78","United States"
"2863","The Bidvest Group","BVT.JO","4665194200","13.489","South Africa"
"2864","Osisko Gold Royalties","OR","4660429824","24.86","Canada"
"2865","Reynolds Consumer","REYN","4656551424","22.14","United States"
"2866","Biocon","BIOCON.NS","4654873195","3.88359","India"
"2867","Wayfair","W","4647569408","36.22","United States"
"2868","Grindr","GRND","4646391808","23.72","United States"
"2869","Globant","GLOB","4641938432","105.37","Luxembourg"
"2870","Life360","LIF","4641465856","60.65","United States"
"2871","Tower Semiconductor","TSEM","4637346304","40.76","Israel"
"2872","JK Cement","JKCEMENT.NS","4634767465","59.9829","India"
"2873","Onto Innovation","ONTO","4634749952","94.83","United States"
"2874","BGC Group","BGC","4632761344","9.49","United States"
"2875","SJVN","SJVN.NS","4630894142","1.1784","India"
"2876","Bank of Maharashtra","MAHABANK.NS","4630348560","0.601766","India"
"2877","Vallourec","VK.PA","4629367908","19.2884","France"
"2878","White Mountains Insurance Group","WTM","4626665984","1797.65","Bermuda"
"2879","GXO Logistics","GXO","4625960448","40.43","United States"
"2880","Icahn Enterprises","IEP","4625348608","8.47","United States"
"2881","Fluidra","FDR.MC","4623459367","24.3559","Spain"
"2882","Nomura Real Estate Master Fund","3462.T","4623419899","990.569","Japan"
"2883","Amkor Technology","AMKR","4622417408","18.71","United States"
"2884","Meritage Homes","MTH","4622280192","64.35","United States"
"2885","China Airlines","2610.TW","4621064027","0.763843","Taiwan"
"2886","Nippon Express","9147.T","4620852899","18.2034","Japan"
"2887","Nippon Prologis REIT","3283.T","4620203263","1627.46","Japan"
"2888","Bank Millennium","MIL.WA","4620006932","3.81164","Poland"
"2889","Remitly","RELY","4619445248","22.66","United States"
"2890","Adtalem Global Education","ATGE","4615311360","128.46","United States"
"2891","ESCO Technologies","ESE","4613547008","178.65","United States"
"2892","Schaeffler","SHA0.DE","4611287818","4.88026","Germany"
"2893","Arcadis","ARCAD.AS","4609080540","51.5492","Netherlands"
"2894","Cal-Maine Foods","CALM","4607424512","95.01","United States"
"2895","Tata Elxsi","TATAELXSI.NS","4600442364","73.8616","India"
"2896","SOL S.p.A.","SOL.MI","4596249161","50.6753","Italy"
"2897","Acom","8572.T","4595398222","2.93334","Japan"
"2898","Astral Poly Technik","ASTRAL.NS","4594798400","17.1042","India"
"2899","United Internet","UTDI.F","4590908056","26.308","Germany"
"2900","Euronet Worldwide","EEFT","4590878720","106.16","United States"
"2901","Guardant Health","GH","4590050304","37.05","United States"
"2902","ONE Gas","OGS","4588024832","73.49","United States"
"2903","ISS A/S","ISS.CO","4586160529","26.8394","Denmark"
"2904","NOV","NOV","4572731392","12.17","United States"
"2905","Portland General Electric","POR","4571114496","41.74","United States"
"2906","MSG Sports","MSGS","4569348608","190.25","United States"
"2907","Intapp","INTA","4566682624","56.41","United States"
"2908","New Jersey Resources","NJR","4563914752","45.47","United States"
"2909","iRhythm
(ZIO)","IRTC","4547439616","142.44","United States"
"2910","B&M European Value Retail","BME.L","4543925195","450.527","Luxembourg"
"2911","Atour Lifestyle","ATAT","4540791808","32.86","China"
"2912","BBVA Argentina","BBAR","4540279808","21.28","Argentina"
"2913","MEG Energy","MEG.TO","4538710846","17.8408","Canada"
"2914","Bill.com","BILL","4538339328","44.05","United States"
"2915","Becle","CUERVO.MX","4535815097","1.26304","Mexico"
"2916","Escorts Kubota","ESCORTS.NS","4534233044","41.2207","India"
"2917","Voestalpine","VAS.F","4529984065","26.1264","Austria"
"2918","Hong Leong Financial Group","1082.KL","4528454963","3.99243","Malaysia"
"2919","Box","BOX","4526822912","31.26","United States"
"2920","Pampa Energía","PAM","4526092800","81.49","Argentina"
"2921","Radian Group","RDN","4521682432","33.66","United States"
"2922","CNX Resources","CNX","4516805120","31.21","United States"
"2923","Sanmina","SANM","4515017728","84.45","United States"
"2924","Bachem","BANB.SW","4503248107","60.061","Switzerland"
"2925","Yanbu National Petrochemical","2290.SR","4499399756","7.99893","Saudi Arabia"
"2926","Cousins Properties","CUZ","4487276544","26.72","United States"
"2927","Qatar International Islamic Bank","QIIK.QA","4487009618","2.96429","Qatar"
"2928","Kobe Steel","5406.T","4486975261","11.3846","Japan"
"2929","Vinamilk (Vietnam Dairy Products)","VNM.VN","4486598793","2.14674","Vietnam"
"2930","Azbil Corporation","6845.T","4486387800","8.68143","Japan"
"2931","Luberef (Saudi Aramco Base Oil Company)","2223.SR","4481715859","26.6364","Saudi Arabia"
"2932","Lancaster Colony Corporation","LANC","4467296768","162.04","United States"
"2933","Asbury Automotive Group","ABG","4454971392","226.61","United States"
"2934","AGL Energy","AGL.AX","4454788368","6.62179","Australia"
"2935","Fonterra","FCG.NZ","4453959199","2.77645","New Zealand"
"2936","Treasury Wine Estates","TWE.AX","4449591588","5.41254","Australia"
"2937","Sonoco","SON","4449108992","45.11","United States"
"2938","37 Interactive Entertainment","002555.SZ","4445428556","2.00947","China"
"2939","Nestle Malaysia","4707.KL","4442632235","18.9451","Malaysia"
"2940","Yamato Holdings","9064.T","4441913091","13.7703","Japan"
"2941","AEON Mall Co., Ltd.","8905.T","4440927893","19.5149","Japan"
"2942","GMO Payment Gateway","3769.T","4439722340","58.5342","Japan"
"2943","Worley","WOR.AX","4434271087","8.3419","Australia"
"2944","Bank AlJazira","1020.SR","4434242176","3.46087","Saudi Arabia"
"2945","Axiata Group","6888.KL","4431967909","0.482498","Malaysia"
"2946","Strathcona Resources","SCR.TO","4419604665","20.6296","Canada"
"2947","Oji Holdings","3861.T","4418457154","4.76798","Japan"
"2948","MSC Industrial Direct","MSM","4405357568","79.06","United States"
"2949","Budimex","BDX.WA","4403904585","172.499","Poland"
"2950","Contact Energy","CEN.NZ","4400542383","5.48141","New Zealand"
"2951","Nanya Technology","2408.TW","4397821916","1.41928","Taiwan"
"2952","Yancoal","YAL.AX","4397456923","3.32383","Australia"
"2953","Gulf Bank","GBK.KW","4388073220","1101.69","Kuwait"
"2954","RaiaDrogasil","RADL3.SA","4386158857","2.56051","Brazil"
"2955","NKT A/S","NKT.CO","4385061775","81.7051","Denmark"
"2956","Novanta","NOVT","4384840704","121.9","United States"
"2957","Aker ASA","AKER.OL","4384624712","59.0182","Norway"
"2958","Argo Investments","ARG.AX","4382875413","5.74233","Australia"
"2959","Vaxcyte","PCVX","4379685888","33.95","United States"
"2960","Independence Realty Trust","IRT","4375017984","18.25","United States"
"2961","CRISIL","CRISIL.NS","4374009736","59.8114","India"
"2962","Spirit AeroSystems","SPR","4368960000","37.24","United States"
"2963","Advanced Energy","AEIS","4365767168","115.94","United States"
"2964","Fosun","0656.HK","4361279170","0.535046","China"
"2965","B2Gold","BTG","4360520704","3.3","Canada"
"2966","Just Eat Takeaway","TKWY.AS","4358422227","22.0463","Netherlands"
"2967","Minor International","MINT.BK","4354823542","0.768049","Thailand"
"2968","Bellway","BWY.L","4354481878","3552.39","United Kingdom"
"2969","Air Canada","AC.TO","4352772892","13.4875","Canada"
"2970","Ipca Laboratories","IPCALAB.NS","4352571216","17.143","India"
"2971","TOTVS","TOTS3.SA","4352120846","7.40688","Brazil"
"2972","Zealand Pharma","ZEAL.CO","4351905428","61.5603","Denmark"
"2973","Valvoline","VVV","4347230720","34.2","United States"
"2974","Bendigo and Adelaide Bank","BEN.AX","4345031230","7.66938","Australia"
"2975","Embassy Office Parks REIT","EMBASSY.BO","4344913063","4.58375","India"
"2976","Upstart","UPST","4341461504","45.63","United States"
"2977","Hisense Visual Technology","600060.SS","4341419190","3.32683","China"
"2978","Spire Energy","SR","4335971840","73.47","United States"
"2979","Archrock","AROC","4328284160","24.48","United States"
"2980","Harvey Norman","HVN.AX","4326843163","3.47256","Australia"
"2981","Tomra","TOM.OL","4324022071","14.631","Norway"
"2982","Whirlpool","WHR","4322573312","77.73","United States"
"2983","Jumbo S.A.","5JB.F","4320614940","31.7331","Greece"
"2984","ACC","ACC.NS","4320384580","23.0068","India"
"2985","Logista (Compañía de Distribución Integral Logista)","LOG.MC","4318584315","32.7091","Spain"
"2986","Freshworks","FRSH","4316040192","14.63","United States"
"2987","Copa Holdings","CPA","4313897472","104.78","Panama"
"2988","Fuji Soft","9749.T","4308302897","68.3632","Japan"
"2989","Inspire Medical Systems","INSP","4304634368","145.95","United States"
"2990","Ormat Technologies","ORA","4304011264","70.95","United States"
"2991","Palomar Holdings","PLMR","4300664832","160.82","United States"
"2992","Coty","COTY","4300389376","4.93","United States"
"2993","AllianceBernstein","AB","4299588096","38.84","United States"
"2994","Installed Building Products","IBP","4290881024","155.38","United States"
"2995","Azimut Holding","AZM.MI","4285516123","30.0533","Italy"
"2996","GLP J-REIT","3281.T","4284386135","874.77","Japan"
"2997","Belden","BDC","4276329216","108.27","United States"
"2998","S-OIL","010950.KS","4271833178","37.0809","South Korea"
"2999","Bezeq","BEZQ.TA","4267075833","153.983","Israel"
"3000","Bloom Energy","BE","4266046720","18.37","United States"
"3001","Thor Industries","THO","4265864704","80.18","United States"
"3002","Mapletree Logistics Trust","M44U.SI","4264002676","0.840173","Singapore"
"3003","RadNet","RDNT","4259458560","56.77","United States"
"3004","Insight Enterprises","NSIT","4256667904","133.32","United States"
"3005","Sopra Steria Group","SOP.PA","4253985500","218.477","France"
"3006","Indofood","INDF.JK","4250778758","0.48412","Indonesia"
"3007","Triple Flag Precious Metals","TFPM","4248714752","21.13","Canada"
"3008","Melisron","MLSR.TA","4246595833","8924.34","Israel"
"3009","KPIT Technologies","KPITTECH.NS","4239860854","15.6048","India"
"3010","Sibanye-Stillwater","SBSW","4238775296","5.99","South Africa"
"3011","Mapletree Industrial Trust","ME8U.SI","4237274081","1.48586","Singapore"
"3012","TECOM Group","TECOM.AE","4234172663","0.846835","United Arab Emirates"
"3013","Vontobel","VONN.SW","4233975249","76.0143","Switzerland"
"3014","Super Group","SGHC","4232190208","8.37","Guernsey"
"3015","Algonquin Power & Utilities","AQN","4225416960","5.49","Canada"
"3016","Ameris Bancorp","ABCB","4224927232","61.31","United States"
"3017","Uniqa Insurance Group","UN9.F","4224518043","13.5285","Austria"
"3018","KDX Realty Investment","8972.T","4220113293","1034.52","Japan"
"3019","TOTO","5332.T","4219795104","25.992","Japan"
"3020","Indosat","ISAT.JK","4216570930","0.130743","Indonesia"
"3021","Interparfums","IPAR","4216274944","131.25","United States"
"3022","Sabancı Holding","SAHOL.IS","4215085718","2.0384","Turkey"
"3023","HUB24 Limited","HUB.AX","4213462251","51.9073","Australia"
"3024","Grupo Simec","SIM","4209165312","27","Mexico"
"3025","Kyushu Railway Company","9142.T","4208953814","26.9477","Japan"
"3026","Avnet","AVT","4207120384","50.17","United States"
"3027","Ambu","AMBU-B.CO","4203115833","15.7781","Denmark"
"3028","Prestige Consumer Healthcare","PBH","4200743680","85.01","United States"
"3029","Unilever Indonesia","UNVR.JK","4199676279","0.110083","Indonesia"
"3030","SL Green Realty","SLG","4198960128","55.23","United States"
"3031","Moelis &amp; Company","MC","4196690688","56.57","United States"
"3032","DEME Group","DEME.BR","4193002529","165.248","Belgium"
"3033","ATCO","ACO-X.TO","4190314306","37.1376","Canada"
"3034","Hexcel","HXL","4187016192","52.07","United States"
"3035","Asahi Intecc","7747.T","4185653314","15.4096","Japan"
"3036","Atlantic Union Bankshares","AUB","4180011264","29.34","United States"
"3037","Magnolia Oil &amp; Gas","MGY","4178566912","21.71","United States"
"3038","Wendel","MF.PA","4175450650","97.2648","France"
"3039","Black Hills","BKH","4173641216","57.56","United States"
"3040","Nahdi Medical Company","4164.SR","4173310157","32.1024","Saudi Arabia"
"3041","TransMedics Group","TMDX","4173060864","123.34","United States"
"3042","Asana","ASAN","4167111168","17.7","United States"
"3043","Covivio Hotels","COVH.PA","4160100529","25.8767","France"
"3044","Kandenko","1942.T","4157748672","20.3415","Japan"
"3045","StoneX Group","SNEX","4155954176","84.96","United States"
"3046","National Beverage","FIZZ","4152992256","44.36","United States"
"3047","Maximus","MMS","4152387328","73.69","United States"
"3048","Steadfast Group","SDF.AX","4149276262","3.75062","Australia"
"3049","Nelnet","NNI","4144037888","113.99","United States"
"3050","Avis Budget Group","CAR","4143881472","117.75","United States"
"3051","Freshpet","FRPT","4140687872","84.89","United States"
"3052","Webuild S.p.A.","WBD.MI","4140400645","4.07672","Italy"
"3053","Persol Holdings","2181.T","4139912706","1.86604","Japan"
"3054","Xinyi Glass Holdings","0868.HK","4139583844","0.950058","Hong Kong"
"3055","Arcosa","ACA","4138140672","84.77","United States"
"3056","Enagás","ENG.MC","4137011717","15.9346","Spain"
"3057","Piper Sandler","PIPR","4128615424","251.25","United States"
"3058","Interpump Group","IP.MI","4126586930","38.1569","Italy"
"3059","Victory Capital","VCTR","4126291968","61.37","United States"
"3060","Luzerner Kantonalbank","LUKN.SW","4125106769","83.64","Switzerland"
"3061","Nordstrom","JWN","4124015360","24.66","United States"
"3062","Plains GP","PAGP","4123879424","17.71","United States"
"3063","Integer Holdings","ITGR","4122838784","118.16","United States"
"3064","Schneider","SNDR","4122432768","23.53","United States"
"3065","BancFirst","BANF","4116123392","123.82","United States"
"3066","ADES Holding Company","2382.SR","4115499275","3.73817","Saudi Arabia"
"3067","Assured Guaranty","AGO","4113549824","83.95","Bermuda"
"3068","Erdemir","EREGL.IS","4113148209","0.611904","Turkey"
"3069","Narayana Hrudayalaya","NH.NS","4112270497","20.2475","India"
"3070","Royal Unibrew","RBREW.CO","4110319192","82.4658","Denmark"
"3071","Sasa Polyester","SASA.IS","4109217799","0.0937844","Turkey"
"3072","Frasers Group","FRAS.L","4107773975","948.833","United Kingdom"
"3073","Sega Sammy Holdings","6460.T","4107619705","19.2115","Japan"
"3074","Mirion Technologies","MIR","4100567808","17.8","United States"
"3075","Empresas CMPC","CMPC.SN","4097186937","1.63887","Chile"
"3076","DMG Mori Aktiengesellschaft","GIL.F","4096997444","51.9805","Germany"
"3077","VakıfBank","VAKBN.IS","4095083451","0.614467","Turkey"
"3078","Inmobiliaria Colonial","COL.MC","4089543489","6.65078","Spain"
"3079","Paycor","PYCR","4088052224","22.49","United States"
"3080","Trina Solar","688599.SS","4088025891","1.87578","China"
"3081","Intercorp Financial Services","IFS","4087431168","36.08","Peru"
"3082","China Resources Pharmaceutical Group","3320.HK","4083459004","0.649973","Hong Kong"
"3083","TUI","TUI1.F","4077416393","8.03541","Germany"
"3084","abrdn","ABDN.L","4073218415","227.963","United Kingdom"
"3085","Synnex Technology International","2347.TW","4072512623","2.44163","Taiwan"
"3086","Qatar Fuel Company (WOQOD)","QFLS.QA","4067162585","4.09066","Qatar"
"3087","Sabra Health Care REIT","SBRA","4066326272","17.09","United States"
"3088","Nissan Chemical","4021.T","4064064362","29.8705","Japan"
"3089","Lazard","LAZ","4062460416","43.15","Bermuda"
"3090","National Shipping Company of Saudi Arabia (Bahri)","4030.SR","4061645947","8.25223","Saudi Arabia"
"3091","Wienerberger","WIB.F","4056858236","36.3863","Austria"
"3092","Mitsubishi Motors","7211.T","4055030258","3.0303","Japan"
"3093","Acushnet Holdings","GOLF","4054286848","68.99","United States"
"3094","Bank Handlowy w Warszawie","BHW.WA","4050239470","31.038","Poland"
"3095","Hualan Biological Engineering","002007.SZ","4038683949","2.21","China"
"3096","Jungheinrich","JUN3.F","4037975658","39.3826","Germany"
"3097","Apex Investment","APEX.AE","4034533723","1.14","United Arab Emirates"
"3098","Macerich","MAC","4033528576","15.22","United States"
"3099","Goosehead Insurance","GSHD","4024717056","107.24","United States"
"3100","Rigetti Computing","RGTI","4023876864","13.86","United States"
"3101","Kinaxis","KXS.TO","4023135666","142.343","Canada"
"3102","Sapporo","2501.T","4022492672","51.6212","Japan"
"3103","Mainfreight","MFT.NZ","4019800343","39.919","New Zealand"
"3104","Maire Tecnimont","MAIRE.MI","4018980928","12.5298","Italy"
"3105","Graham Holdings","GHC","4016291840","921.17","United States"
"3106","Johnson Matthey","JMAT.L","4015432784","2399.75","United Kingdom"
"3107","Azelis Group","AZE.BR","4014804912","16.4908","Belgium"
"3108","Dun &amp; Bradstreet","DNB","4013234944","8.99","United States"
"3109","ServisFirst Bancshares","SFBS","4012897280","73.48","United States"
"3110","Cellebrite","CLBT","4001543424","16.71","Israel"
"3111","Mabanee Company","MABANEE.KW","4000827744","2705.35","Kuwait"
"3112","Cavco Industries","CVCO","4000404992","499.23","United States"
"3113","Bank of Georgia Group","BGEO.L","4000203253","9090.17","United Kingdom"
"3114","Phillips-Van Heusen","PVH","3998751744","83.32","United States"
"3115","MBC Group Co.","4072.SR","3998333526","12.0251","Saudi Arabia"
"3116","Silicon Labs","SLAB","3998188544","122.75","United States"
"3117","Credit Saison","8253.T","3994515798","26.9058","Japan"
"3118","Eldorado Gold","EGO","3994337024","19.44","Canada"
"3119","BrightSpring Health Services","BTSG","3993695232","22.92","United States"
"3120","Jarir","4190.SR","3993067318","3.32756","Saudi Arabia"
"3121","SkyWest","SKYW","3992089344","98.65","United States"
"3122","E-L Financial","ELF.TO","3990642574","1152.79","Canada"
"3123","Freenet","FNTN.F","3986307588","33.5263","Germany"
"3124","EPR Properties","EPR","3984467968","52.38","United States"
"3125","3M India","3MINDIA.NS","3983384288","353.369","India"
"3126","Sensient Technologies","SXT","3983088128","93.81","United States"
"3127","Howard Hughes Holdings","HHH","3982954752","67.06","United States"
"3128","Tecnoglass","TGLS","3980395776","84.71","Colombia"
"3129","Cabot Corporation","CBT","3978195712","74.05","United States"
"3130","Bausch + Lomb","BLCO","3975716096","11.25","Canada"
"3131","Thai Life Insurance","TLI.BK","3974961875","0.347158","Thailand"
"3132","Mouwasat Medical Services Company","4002.SR","3972803558","19.864","Saudi Arabia"
"3133","Huhtamäki","HUH1V.HE","3971890991","37.8391","Finland"
"3134","Kemper","KMPR","3968323584","62.01","United States"
"3135","ITV plc","ITV.L","3967403976","106.254","United Kingdom"
"3136","Golub Capital","GBDC","3966517504","14.89","United States"
"3137","National Aluminum &amp; Alloy","NATIONALUM.NS","3964564022","2.15861","India"
"3138","QL Resources","7084.KL","3962848272","1.08562","Malaysia"
"3139","Central Bank of India","CENTRALBK.NS","3962099670","0.437733","India"
"3140","Hirose Electric","6806.T","3961778429","117.089","Japan"
"3141","TriNet","TNET","3960022528","81.82","United States"
"3142","Adani Wilmar","AWL.NS","3954313009","3.05227","India"
"3143","Mycronic","MYCR.ST","3953331838","40.5097","Sweden"
"3144","HASEKO Corporation","1808.T","3952273442","14.4749","Japan"
"3145","VusionGroup","VU.PA","3951814269","246.737","France"
"3146","Frontdoor","FTDR","3951557632","53.7","United States"
"3147","PPB Group Berhad","4065.KL","3950171065","2.77673","Malaysia"
"3148","Endurance Technologies","ENDURANCE.NS","3948725219","28.0722","India"
"3149","Kontoor Brands","KTB","3945970432","71.02","United States"
"3150","Rhythm Pharmaceuticals","RYTM","3945169152","62.01","United States"
"3151","Tsuruha Holdings","3391.T","3941545986","80.9894","Japan"
"3152","Lumen","LUMN","3939494400","3.84","United States"
"3153","Franklin Electric","FELE","3937206016","86.35","United States"
"3154","Sixt","SIX2.F","3935326660","92.5548","Germany"
"3155","Mazda","7261.T","3930233355","6.235","Japan"
"3156","CBIZ","CBZ","3930082048","72.25","United States"
"3157","Exponent","EXPO","3929688576","77.43","United States"
"3158","Ampol","ALD.AX","3929553730","16.4898","Australia"
"3159","Axos Financial","AX","3927513856","69.67","United States"
"3160","Kadokawa","9468.T","3922764139","26.7733","Japan"
"3161","PrairieSky Royalty","PSK.TO","3921758894","16.6529","Canada"
"3162","Golar LNG","GLNG","3919140096","37.46","Bermuda"
"3163","Rush Enterprises","RUSHA","3915789824","49.59","United States"
"3164","Aurubis","NDA.F","3914940797","89.0364","Germany"
"3165","NLC India","NLCINDIA.NS","3913774507","2.82249","India"
"3166","Tenable","TENB","3911915520","32.02","United States"
"3167","International Bancshares Corp","IBOC","3911832576","62.95","United States"
"3168","Cleanaway Waste Management","CWY.AX","3911448105","1.74598","Australia"
"3169","Haitian International Holdings","1882.HK","3908937425","2.44921","Hong Kong"
"3170","Rohm","6963.T","3908232128","10.1254","Japan"
"3171","Akero Therapeutics","AKRO","3903770880","48.97","United States"
"3172","Ecopro","086520.KQ","3902607940","28.7432","South Korea"
"3173","Iida Group","3291.T","3889962310","14.0772","Japan"
"3174","Shurgard Self Storage","SHUR.BR","3888471483","38.5314","Luxembourg"
"3175","Grupo Elektra","XEKT.MC","3887099816","17.8186","Mexico"
"3176","Cranswick","CWK.L","3884347972","7220.85","United Kingdom"
"3177","Iren","IRE.MI","3882295930","3.02576","Italy"
"3178","Metro Brands","METROBRAND.NS","3880811052","14.2146","India"
"3179","Multi Commodity Exchange","MCX.NS","3880497092","76.2335","India"
"3180","Cohen &amp; Steers","CNS","3877987840","76.07","United States"
"3181","Honeywell Automation India","HONAUT.NS","3875923131","438.086","India"
"3182","Halkbank","HALKB.IS","3873544326","0.539132","Turkey"
"3183","Brederode","BREB.BR","3864893973","130.746","Luxembourg"
"3184","Telephone and Data Systems","TDS","3863656960","33.83","United States"
"3185","Adaro Energy","ADRO.JK","3863520726","0.12951","Indonesia"
"3186","ALSO Holding","ALSN.SW","3863293038","315.314","Switzerland"
"3187","KEI Industries","KEI.NS","3860372509","40.3976","India"
"3188","LIC Housing Finance","LICHSGFIN.NS","3855530374","7.00925","India"
"3189","BIPROGY","8056.T","3854629139","39.26","Japan"
"3190","Radico Khaitan","RADICO.NS","3853904786","28.7979","India"
"3191","Dorman Products","DORM","3850208512","126.19","United States"
"3192","Emperador Brandy","EMI.SI","3848796546","0.237271","Philippines"
"3193","The a2 Milk Company","A2M.AX","3848550053","5.31554","New Zealand"
"3194","Global Health Limited (Medanta)","MEDANTA.NS","3847513245","14.3238","India"
"3195","NOF Corporation","4403.T","3845445084","16.4665","Japan"
"3196","Yunnan Energy New Material","002812.SZ","3845101320","3.96602","China"
"3197","OSI Systems","OSIS","3839216896","228.68","United States"
"3198","SoundHound AI","SOUN","3836559872","9.55","United States"
"3199","Tikehau Capital","TKO.PA","3834998252","21.9725","France"
"3200","Sumitomo Chemical","4005.T","3829379274","2.3397","Japan"
"3201","ODDITY Tech","ODD","3829262848","68.59","Israel"
"3202","Geo Group","GEO","3827568640","27.08","United States"
"3203","Associated Banc-Corp","ASB","3826894848","23.08","United States"
"3204","Mueller Water Products","MWA","3826076672","24.42","United States"
"3205","De Grey Mining","DEG.AX","3825033434","1.59078","Australia"
"3206","Frontline","FRO","3824663296","17.18","Bermuda"
"3207","Zhongsheng Group","0881.HK","3814459692","1.61152","China"
"3208","Exide Industries","EXIDEIND.NS","3814051148","4.48712","India"
"3209","Sarepta Therapeutics","SRPT","3812164864","38.79","United States"
"3210","Northland Power","NPI.TO","3811132270","14.574","Canada"
"3211","COSCO SHIPPING Development","601866.SS","3799211689","0.342571","China"
"3212","Bank of East Asia","0023.HK","3797599410","1.44041","Hong Kong"
"3213","SAL Saudi Logistics Services","4263.SR","3792560992","47.407","Saudi Arabia"
"3214","Verra Mobility","VRRM","3788032768","23.76","United States"
"3215","PUMA","PUM.DE","3786896053","25.4455","Germany"
"3216","Marui Group","8252.T","3786412763","21.0949","Japan"
"3217","Clariant","CLN.SW","3782902915","11.5232","Switzerland"
"3218","Aalberts","AALB.AS","3780468596","34.1845","Netherlands"
"3219","Iamgold","IAG","3778774784","6.57","Canada"
"3220","JCDecaux","DEC.PA","3768483577","17.6143","France"
"3221","Granite Construction","GVA","3768449024","86.16","United States"
"3222","Kintetsu GHD","9041.T","3768211977","19.8149","Japan"
"3223","California Resources Corporation","CRC","3767643648","42.25","United States"
"3224","ZoomInfo","ZI","3766036992","10.31","United States"
"3225","Primoris Services Corporation","PRIM","3765019392","69.72","United States"
"3226","Allete","ALE","3764748544","64.95","United States"
"3227","Kilroy Realty","KRC","3763270912","31.51","United States"
"3228","Workiva","WK","3763145984","67.52","United States"
"3229","Hang Lung Properties","0101.HK","3762877217","0.786607","Hong Kong"
"3230","Blue Star","BLUESTARCO.NS","3760007764","18.2866","India"
"3231","UOL Group","U14.SI","3759794699","4.4498","Singapore"
"3232","Odakyu Electric Railway","9007.T","3759164158","10.8893","Japan"
"3233","EnPro Industries","NPO","3759014400","178.64","United States"
"3234","Giant Network Group","002558.SZ","3758496102","1.94263","China"
"3235","The Yokohama Rubber Company","5101.T","3757646588","23.8364","Japan"
"3236","Laurus Labs","LAURUSLABS.NS","3756642317","6.9664","India"
"3237","Vidrala","VID.MC","3755976738","112.019","Spain"
"3238","VEON","VEON","3753783296","53.13","Netherlands"
"3239","Verallia","VRLA.PA","3750017060","31.7785","France"
"3240","Allreal Holding","ALLN.SW","3749275182","227.075","Switzerland"
"3241","dormakaba","DOKA.SW","3748848804","894.5","Switzerland"
"3242","Capstone Copper","CS.TO","3748729048","4.91837","Canada"
"3243","Asia Commercial Joint Stock Bank","ACB.VN","3745335996","0.838509","Vietnam"
"3244","BIG Shopping Centers","BIG.TA","3745131802","15175.6","Israel"
"3245","Santen Pharmaceutical","4536.T","3741020975","10.959","Japan"
"3246","Sensata Technologies","ST","3734783744","25.53","United States"
"3247","Gujarat Gas","GUJGASLTD.NS","3734713235","5.42529","India"
"3248","Hapvida","HAPV3.SA","3733955014","0.503243","Brazil"
"3249","Cinemark Theatres","CNK","3730989056","32.44","United States"
"3250","Tata Investment Corporation","TATAINVEST.NS","3724279079","73.6092","India"
"3251","Soleno Therapeutics","SLNO","3723605248","73.89","United States"
"3252","Westports","5246.KL","3718093623","1.09035","Malaysia"
"3253","Saudi International Petrochemical Company (Sipchem)","2310.SR","3715058348","5.06599","Saudi Arabia"
"3254","KLCC Property Holdings","5235SS.KL","3714846517","2.05771","Malaysia"
"3255","Avidity Biosciences","RNA","3713221120","30.81","United States"
"3256","MISUMI Group","9962.T","3711056332","13.5122","Japan"
"3257","CTF Services Limited","0659.HK","3700906067","0.925796","Hong Kong"
"3258","Hanwha Solutions","009830.KS","3698741174","21.5757","South Korea"
"3259","Buenaventura Mining Company","BVN","3696627712","14.57","Peru"
"3260","CNO Financial Group","CNO","3695000064","37.27","United States"
"3261","Noble Corporation","NE","3693292800","23.26","United Kingdom"
"3262","Veren","VRN","3690248192","6.01","Canada"
"3263","TFS Financial","TFSL","3690198272","13.14","United States"
"3264","Apollo Tyres","APOLLOTYRE.NS","3689461107","5.80866","India"
"3265","Spar Nord Bank A/S","SPNO.CO","3685393827","32.1039","Denmark"
"3266","Rayonier","RYN","3684545792","23.34","United States"
"3267","RioCan REIT","REI-UN.TO","3681626911","12.3865","Canada"
"3268","AvePoint","AVPT","3680549632","18.11","United States"
"3269","Sundrug","9989.T","3675821224","31.4261","Japan"
"3270","KB Home","KBH","3674907392","51.23","United States"
"3271","StoneCo","STNE","3671248128","13.52","Brazil"
"3272","Coca-Cola İçecek","CCOLA.IS","3670957753","1.31196","Turkey"
"3273","Presight AI","PRESIGHT.AE","3665304833","0.65","United Arab Emirates"
"3274","Apar Industries","APARINDS.NS","3664021910","91.0868","India"
"3275","Cembra Money Bank","CMBN.SW","3662378154","124.915","Switzerland"
"3276","1&1","1U1.DE","3661661469","20.7695","Germany"
"3277","Oscar Health","OSCR","3659708416","14.37","United States"
"3278","Abercrombie &amp; Fitch","ANF","3656739072","76.76","United States"
"3279","Braze","BRZE","3655663616","34.86","United States"
"3280","DFI Retail Group","D01.SI","3654855168","2.7","Hong Kong"
"3281","Mr Price Group","MRP.JO","3648006800","13.9449","South Africa"
"3282","Core Natural Resources","CNR","3646185216","69.24","United States"
"3283","Herc Holdings","HRI","3642550528","127.82","United States"
"3284","Cytokinetics","CYTK","3640732160","30.485","United States"
"3285","Kingsoft Cloud","KC","3638803712","13.41","China"
"3286","Kadant","KAI","3637928704","308.93","United States"
"3287","AIA Engineering","AIAENG.NS","3633607068","38.9369","India"
"3288","AntarChile","ANTARCHILE.SN","3633355660","8.00651","Chile"
"3289","Perrigo","PRGO","3629392640","26.4","Ireland"
"3290","Mr D.I.Y. Group","5296.KL","3628684957","0.38316","Malaysia"
"3291","Chartwell Retirement Residences","CSH-UN.TO","3621917684","12.8138","Canada"
"3292","Welcia Holdings","3141.T","3621610430","17.4466","Japan"
"3293","Computacenter","CCC.L","3620805939","3425.52","United Kingdom"
"3294","Krystal Biotech","KRYS","3620718080","125.29","United States"
"3295","Matson","MATX","3616717312","110.79","United States"
"3296","Alm. Brand","ALMB.CO","3615881259","2.51962","Denmark"
"3297","PTC Therapeutics","PTCT","3607778560","45.52","United States"
"3298","ACADIA Pharmaceuticals","ACAD","3606650880","21.55","United States"
"3299","Alior Bank S.A.","ALR.WA","3605770462","27.619","Poland"
"3300","Poonawalla Fincorp","POONAWALLA.NS","3604316095","4.66148","India"
"3301","Harel Group","HARL.TA","3602542803","1746.72","Israel"
"3302","Aedifica","AED.BR","3601385396","73.204","Belgium"
"3303","Aluminium Bahrain (Alba)","ALBH.BH","3597082228","0","Bahrain"
"3304","Kerry Properties","0683.HK","3595333029","2.4773","Hong Kong"
"3305","Arcellx","ACLX","3593507840","65.21","United States"
"3306","Concentrix","CNXC","3590252800","56.2","United States"
"3307","LG Household &amp; Health Care","051905.KS","3589536366","89.5939","South Korea"
"3308","CDSL","CDSL.NS","3588529618","17.17","India"
"3309","NBCC India","NBCC.NS","3566563985","1.32083","India"
"3310","Inchcape","INCH.L","3565536046","932.637","United Kingdom"
"3311","Zai Lab","ZLAB","3563202560","32.5","China"
"3312","C&amp;D International Investment Group","1908.HK","3556930708","1.89501","Hong Kong"
"3313","St. Galler Kantonalbank","SGKN.SW","3554139634","594.316","Switzerland"
"3314","Columbia Sportswear","COLM","3553973760","64.92","United States"
"3315","Société Foncière Lyonnaise","FLY.PA","3553625169","82.624","France"
"3316","Titan Cement International","TITC.BR","3550995728","45.8518","Belgium"
"3317","NGK Insulators","5333.T","3550356627","12.1135","Japan"
"3318","Tobu Railway","9001.T","3548596758","17.7779","Japan"
"3319","Wynn Macau","1128.HK","3546358183","0.678066","Macau"
"3320","Glanbia plc","GL9.IR","3545534627","13.9485","Ireland"
"3321","RS Group","RS1.L","3542037505","747.729","United Kingdom"
"3322","Hilton Grand Vacations","HGV","3537390848","38.59","United States"
"3323","New India Assurance","NIACL.NS","3537086790","2.14229","India"
"3324","Plexus","PLXS","3534161664","130.46","United States"
"3325","Shaftesbury Capital","SHC.L","3533160724","193.951","United Kingdom"
"3326","RAKBANK (The National Bank of Ras Al Khaimah)","RAKBANK.AE","3532781378","1.76","United Arab Emirates"
"3327","Masan Group","MSN.VN","3528871158","2.45342","Vietnam"
"3328","Rotork","ROR.L","3525030268","415.165","United Kingdom"
"3329","Acer","2353.TW","3524626034","1.17245","Taiwan"
"3330","Korn Ferry","KFY","3519668224","68.15","United States"
"3331","Bumrungrad Hospital","BH.BK","3516891395","4.42396","Thailand"
"3332","Rinnai Corporation","5947.T","3515239697","24.9944","Japan"
"3333","ScottsMiracle-Gro","SMG","3510803456","60.83","United States"
"3334","Restoration Hardware","RH","3507098880","187.26","United States"
"3335","Cedar Fair","FUN","3505171456","34.67","United States"
"3336","Nisshin Seifun Group","2002.T","3504493727","12.0961","Japan"
"3337","Flowers Foods","FLO","3502779392","16.59","United States"
"3338","Brink's","BCO","3502380032","83.39","United States"
"3339","Corporación América Airports","CAAP","3502096640","21.74","Luxembourg"
"3340","First National of Nebraska","FINN","3495035648","12900","United States"
"3341","NH Foods (Nipponham)","2282.T","3491367052","35.2908","Japan"
"3342","MONETA Money Bank","MONET.PR","3485363303","6.82067","Czech Republic"
"3343","SpringWorks Therapeutics","SWTX","3485181440","46.27","United States"
"3344","Wacker Chemie","WCH.F","3484386335","70.0829","Germany"
"3345","H&amp;E Equipment Services","HEES","3481860352","94.96","United States"
"3346","Sotera Health","SHC","3480062464","12.26","United States"
"3347","United Community Bank","UCB","3474871552","28.6","United States"
"3348","Dottikon ES","DESN.SW","3470054343","251.162","Switzerland"
"3349","Simply Good Foods","SMPL","3469968128","34.35","United States"
"3350","Central Retail Corporation","CRC.BK","3464814434","0.574501","Thailand"
"3351","Innolux","3481.TW","3460762044","0.433622","Taiwan"
"3352","Solvay","SOLB.VI","3459707366","32.8907","Belgium"
"3353","Tohoku Electric Power","9506.T","3459028334","6.91584","Japan"
"3354","Milaha - Qatar Navigation","QNNS.QA","3458421029","3.04396","Qatar"
"3355","SATS","S58.SI","3457931177","2.31825","Singapore"
"3356","Rubis","RUI.PA","3453843278","33.2766","France"
"3357","Koito Manufacturing","7276.T","3453015199","12.1693","Japan"
"3358","MDU Resources","MDU","3451150592","16.89","United States"
"3359","Indorama Ventures","IVL.BK","3449800549","0.614439","Thailand"
"3360","Sime Darby","4197.KL","3449712621","0.506149","Malaysia"
"3361","Kemira","KEMIRA.HE","3449394148","22.3357","Finland"
"3362","Cleveland-Cliffs","CLF","3447752192","6.97","United States"
"3363","Capstone Infrastructure","CSE-PA.TO","3444265322","11.3072","Canada"
"3364","Universal Robina Corporation","UVRBF","3443725568","1.61","Philippines"
"3365","ALSOK","2331.T","3440723999","7.07698","Japan"
"3366","Deliveroo","ROO.L","3432114475","236.887","United Kingdom"
"3367","Warba Bank","WARBABANK.KW","3430845789","762.712","Kuwait"
"3368","Perfect World Entertainment","002624.SZ","3428243910","1.76716","China"
"3369","UniFirst","UNF","3428194560","184.66","United States"
"3370","Harbour Energy","HBR.L","3425845687","234.441","United Kingdom"
"3371","Orange Polska","OPL.WA","3422694152","2.60805","Poland"
"3372","QinetiQ","QQ.L","3420200219","626.799","United Kingdom"
"3373","Gulfport Energy","GPOR","3419897344","192.5","United States"
"3374","Genscript Biotech","1548.HK","3419579423","1.57066","China"
"3375","BBB Foods","TBBB","3418908928","29.79","Mexico"
"3376","NEC Networks &amp; System Integration","1973.T","3410924457","22.8953","Japan"
"3377","ICICI Securities","ISEC.NS","3406581149","10.4766","India"
"3378","Wallenius Wilhelmsen","WAWI.OL","3404335023","8.05198","Norway"
"3379","Sydbank A/S","SYDB.CO","3402780409","67.555","Denmark"
"3380","BlackLine","BL","3393952512","54.46","United States"
"3381","Alliance Resource Partners","ARLP","3393067776","26.42","United States"
"3382","Grupo Aval","AVAL","3388886784","2.74","Colombia"
"3383","Sezzle","SEZL","3383885312","101.66","United States"
"3384","Indraprastha Gas","IGL.NS","3383533201","2.41681","India"
"3385","CLEAR Secure","YOU","3383130880","25.43","United States"
"3386","Greencoat UK Wind","UKW.L","3380745861","151.665","United Kingdom"
"3387","Balfour Beatty","BBY.L","3379866165","676.383","United Kingdom"
"3388","NuScale Power","SMR","3377358848","25.32","United States"
"3389","Tate &amp; Lyle","TATE.L","3375551643","749.079","United Kingdom"
"3390","L.D.C. S.A.","LOUP.PA","3375022531","94.2004","France"
"3391","Athens International Airport","AIA.AT","3374191279","11.2473","Greece"
"3392","Brighthouse Financial","BHF","3373926912","58.77","United States"
"3393","Tauron Polska","TPE.WA","3368596220","1.92211","Poland"
"3394","National Health Investors","NHI","3368483584","72.14","United States"
"3395","Liberty Global","LBTYB","3368456448","9.56","United Kingdom"
"3396","Brunswick Corporation","BC","3366930944","51.26","United States"
"3397","Federated Hermes","FHI","3366619392","42.56","United States"
"3398","Commercial Bank of Kuwait","CBK.KW","3363820808","1704.69","Kuwait"
"3399","Hankook Tire","161390.KS","3363601481","27.573","South Korea"
"3400","Aldrees Petroleum and Transport Services","4200.SR","3359552196","33.5955","Saudi Arabia"
"3401","Challenger Limited","CGF.AX","3357702032","4.85641","Australia"
"3402","Ultragenyx Pharmaceutical","RARE","3357186304","35.51","United States"
"3403","NorthWestern Corporation","NWE","3356850176","54.69","United States"
"3404","Hudbay Minerals","HBM","3349616640","8.48","Canada"
"3405","Pluxee","PLX.PA","3349313286","22.6989","France"
"3406","Astra Industrial Group Company","1212.SR","3348886815","41.8611","Saudi Arabia"
"3407","Aurizon Holdings","AZJ.AX","3348291478","1.88824","Australia"
"3408","Amneal Pharmaceuticals","AMRX","3347211008","7.19","United States"
"3409","Weatherford International","WFRD","3347012864","46.13","United States"
"3410","Groupe Lagardère","MMB.PA","3344404803","23.4366","France"
"3411","Medacta Group","MOVE.SW","3341743856","167.764","Switzerland"
"3412","Impinj","PI","3339142912","115.21","United States"
"3413","Bilfinger","GBF.F","3334403051","88.5825","Germany"
"3414","dLocal","DLO","3332134912","11.67","Uruguay"
"3415","New Gold","NGD","3331663616","4.21","Canada"
"3416","K+S","SDF.F","3323749894","18.4542","Germany"
"3417","Macy's","M","3320602368","11.92","United States"
"3418","Mercury General","MCY","3318331136","59.91","United States"
"3419","City Developments","C09.SI","3315202888","3.71076","Singapore"
"3420","Deepak Nitrite","DEEPAKNTR.NS","3313814920","24.2961","India"
"3421","Tanger Factory Outlet Centers","SKT","3311471360","29.26","United States"
"3422","Perseus Mining","PRU.AX","3311080337","2.42497","Australia"
"3423","Vietnam Airlines","HVN.VN","3309550415","1.49457","Vietnam"
"3424","Avient","AVNT","3307991808","36.14","United States"
"3425","Texas Capital Bancshares","TCBI","3307340032","72.05","United States"
"3426","Plus500","PLUS.L","3306724541","4586.25","Israel"
"3427","Brady Corporation","BRC","3304048384","69.83","United States"
"3428","Vivendi","VIV.PA","3297311379","3.32312","France"
"3429","Renasant Corp","RNST","3296860928","34.7","United States"
"3430","Aroundtown","AT1.F","3294026757","3.00533","Luxembourg"
"3431","Protector Forsikring","PROT.OL","3289981221","39.9386","Norway"
"3432","Boise Cascade","BCC","3286201856","87.33","United States"
"3433","WD-40 Company","WDFC","3285030400","242.52","United States"
"3434","MP Materials","MP","3282196480","20.08","United States"
"3435","Semtech","SMTC","3273475584","37.79","United States"
"3436","MGE Energy","MGEE","3271372544","89.53","United States"
"3437","Pactiv Evergreen","PTVE","3269013248","18.01","United States"
"3438","Sharp Corporation","6753.T","3266157235","5.03027","Japan"
"3439","Orla Mining","ORLA","3260993536","10.03","Canada"
"3440","CIE Automotive","CIE.MC","3260960018","27.2387","Spain"
"3441","Pennon Group","PNN.L","3260398807","691.042","United Kingdom"
"3442","Ströer","SAX.F","3257976112","58.3362","Germany"
"3443","Amada Co., Ltd.","6113.T","3255104733","10.1324","Japan"
"3444","Yamaha","7951.T","3253892780","7.18162","Japan"
"3445","Cofinimmo","COFB.BR","3252301169","84.0994","Belgium"
"3446","Viscofan","VIS.MC","3252238121","71.9555","Spain"
"3447","Excelerate Energy","EE","3247232512","28.48","United States"
"3448","Dubai Financial Market (DFM)","DFM.AE","3244025308","0.405718","United Arab Emirates"
"3449","Boyd Group","BYD.TO","3242857664","151.057","Canada"
"3450","CRISPR Therapeutics","CRSP","3241229312","37.53","Switzerland"
"3451","Laureate Education","LAUR","3241081856","21.78","United States"
"3452","Telecom Argentina","TEO","3240265984","10.42","Argentina"
"3453","Sumitomo Rubber Industries","5110.T","3238492607","12.3123","Japan"
"3454","Oil &amp; Gas Development Company","OGDC.PK","3236183441","0.752438","Pakistan"
"3455","Menora Mivtachim Holdings","MMHD.TA","3233283778","5184.75","Israel"
"3456","ORION","271560.KS","3232198180","81.7682","South Korea"
"3457","Estithmar Holding","IGRD.QA","3232151349","0.863187","Qatar"
"3458","Krungthai Card","KTC.BK","3227863532","1.25192","Thailand"
"3459","Core Scientific","CORZ","3225412352","10.83","United States"
"3460","ICU Medical","ICUI","3217513472","130.73","United States"
"3461","Rohto Pharmaceutical","4527.T","3216415032","14.2342","Japan"
"3462","Nichirei Corporation","2871.T","3215249710","12.832","Japan"
"3463","Kingboard Holdings","0148.HK","3212656915","2.8987","Hong Kong"
"3464","Otter Tail","OTTR","3212391424","76.66","United States"
"3465","HEXPOL AB","HPOL-B.ST","3206597868","9.30968","Sweden"
"3466","Blackstone Mortgage Trust","BXMT","3205114368","18.68","United States"
"3467","PriceSmart","PSMT","3204884736","104.21","United States"
"3468","Furukawa Electric","5801.T","3204319501","45.4685","Japan"
"3469","Sacyr","SCYR.MC","3202143357","4.04721","Spain"
"3470","SolarWinds","SWI","3201210624","18.49","United States"
"3471","Star Health and Allied Insurance Company","STARHEALTH.NS","3197951303","5.43703","India"
"3472","ABM Industries","ABM","3195582208","51.35","United States"
"3473","Ultrapar Participacoes","UGP","3195364608","2.98","Brazil"
"3474","Invincible Investment Corporation","8963.T","3195088586","417.853","Japan"
"3475","Pandox AB","PNDX-B.ST","3194942566","16.4177","Sweden"
"3476","Piramal Pharma","PPLPHARMA.NS","3194228418","2.41094","India"
"3477","Riot Blockchain","RIOT","3193939968","8.94","United States"
"3478","PROCEPT BioRobotics","PRCT","3193572608","57.72","United States"
"3479","Dallah Healthcare","4004.SR","3192905991","31.4625","Saudi Arabia"
"3480","Doosan Bobcat","241560.KS","3192139967","33.3509","South Korea"
"3481","Highwoods Properties","HIW","3188898048","29","United States"
"3482","Dunelm Group","DNLM.L","3188217041","1584.54","United Kingdom"
"3483","Nikon","NINOY","3188194048","9.69","Japan"
"3484","EnerSys","ENS","3185867008","81.28","United States"
"3485","Marex Group","MRX","3185090304","43.77","United Kingdom"
"3486","Jamjoom Pharmaceuticals Factory Company","4015.SR","3184108956","45.4873","Saudi Arabia"
"3487","Western Union","WU","3182955776","9.63","United States"
"3488","Travel + Leisure","TNL","3180643072","47.89","United States"
"3489","Griffon Corporation","GFF","3180361472","67.63","United States"
"3490","Goodyear","GT","3179874560","11.13","United States"
"3491","Al Rajhi Company for Cooperative Insurance","8230.SR","3178242901","31.7824","Saudi Arabia"
"3492","Haemonetics","HAE","3178128128","66.16","United States"
"3493","Hecla Mining","HL","3175466240","5.02","United States"
"3494","SYNLAB","SYAB.VI","3172781950","14.4365","Germany"
"3495","Aspen Insurance","AHL","3171179776","34.53","Bermuda"
"3496","FLSmidth","FLS.CO","3166808052","55.4742","Denmark"
"3497","Dentsply Sirona","XRAY","3158793984","15.85","United States"
"3498","Mayora","MYOR.JK","3157658034","0.141227","Indonesia"
"3499","Atacadão","CRFB3.SA","3154209233","1.49555","Brazil"
"3500","Pegasus Airlines","PGSUS.IS","3151769127","6.30354","Turkey"
"3501","Lojas Renner","LREN3.SA","3149345623","3.13109","Brazil"
"3502","Indian Telephone Industries","ITI.NS","3145561786","3.27302","India"
"3503","CarGurus","CARG","3144310272","31.81","United States"
"3504","Delek Group","DLEKG.TA","3141970339","17180.4","Israel"
"3505","Hemnet Group AB","HEM.ST","3141805133","33.0661","Sweden"
"3506","Banco del Bajío","BBAJIOO.MX","3141765960","2.64029","Mexico"
"3507","Hagerty","HGTY","3140682496","9.19","United States"
"3508","Fulton Financial","FULT","3139599872","17.27","United States"
"3509","Gentera, S.A.B. de C.V.","GENTERA.MX","3135032853","1.98515","Mexico"
"3510","Bandhan Bank","BANDHANBNK.NS","3129783005","1.94279","India"
"3511","Rumble","RUM","3128959488","9.24","United States"
"3512","flatexDEGIRO AG","FTK.DE","3127429186","28.3963","Germany"
"3513","Inter &amp; Co","INTR","3126103552","7.11","Brazil"
"3514","Zeta Global","ZETA","3125668864","13.27","United States"
"3515","NH Hotel Group","NHH.MC","3124838679","7.17285","Spain"
"3516","SmartCentres REIT","SRU-UN.TO","3124598919","18.3334","Canada"
"3517","Bridgepoint Group plc","BPT.L","3123831612","371.705","United Kingdom"
"3518","HASI (Hannon Armstrong)","HASI","3123007488","25.43","United States"
"3519","Sumitomo Chemical
 India","SUMICHEM.NS","3117094187","6.23958","India"
"3520","Viking Therapeutics","VKTX","3114356224","27.73","United States"
"3521","COPT Defense Properties","CDP","3110362368","26.98","United States"
"3522","NexGen Energy","NXE","3106495488","5.44","Canada"
"3523","Delhivery","DELHIVERY.NS","3105594068","4.16246","India"
"3524","Hamamatsu","6965.T","3096983686","10.3661","Japan"
"3525","J-POWER (Electric Power Development)","9513.T","3096171984","16.9304","Japan"
"3526","Home Product Center","HMPRO.BK","3093862291","0.236559","Thailand"
"3527","JSW Holdings","JSWHL.NS","3090729463","278.339","India"
"3528","ID Logistics Group","IDL.PA","3089606792","469.3","France"
"3529","International Game Technology","IGT","3085782272","15.2","United Kingdom"
"3530","Toyo Seikan Group Holdings","5901.T","3083757806","19.5742","Japan"
"3531","GCL Technology","3800.HK","3074490991","0.109819","Hong Kong"
"3532","Avista","AVA","3074307072","38.16","United States"
"3533","Burgan Bank","BURG.KW","3071861486","808.344","Kuwait"
"3534","nCino","NCNO","3071631872","26.66","United States"
"3535","Merdeka Copper Gold","MDKA.JK","3071234678","0.125809","Indonesia"
"3536","Amedisys","AMED","3070601728","93.56","United States"
"3537","Drax Group","DRX.L","3068409691","865.152","United Kingdom"
"3538","Aspen Pharmacare","APN.JO","3065019400","6.84686","South Africa"
"3539","Petro Rabigh","2380.SR","3060863915","1.83176","Saudi Arabia"
"3540","Saigon Thuong Tin Commercial Bank","STB.VN","3059091525","1.62267","Vietnam"
"3541","Compass","COMP","3054501632","5.86","United States"
"3542","HUGO BOSS","BOSS.DE","3054070703","44.2515","Germany"
"3543","Emami","EMAMILTD.NS","3053132217","6.99458","India"
"3544","Takasago Thermal Engineering","1969.T","3049279311","45.8243","Japan"
"3545","Broadstone Net Lease","BNL","3047147264","15.43","United States"
"3546","Cargotec","CGCBV.HE","3047090337","47.6677","Finland"
"3547","Hercules Capital","HTGC","3036623872","17.31","United States"
"3548","Kakao Pay","377300.KS","3034180993","22.5265","South Korea"
"3549","Mineral Resources","MIN.AX","3033418480","15.4358","Australia"
"3550","Calix","CALX","3032941824","46.79","United States"
"3551","Signify","LIGHT.AS","3030825287","24.4921","Netherlands"
"3552","Atmus Filtration Technologies","ATMU","3030458624","36.66","United States"
"3553","Lion Corp","4912.T","3029899716","10.9625","Japan"
"3554","Wihlborgs Fastigheter AB","WIHL.ST","3029644000","9.85484","Sweden"
"3555","First Advantage","FA","3028874752","17.44","United States"
"3556","THK Co.","6481.T","3028080186","27.0314","Japan"
"3557","Alight","ALIT","3027482880","5.52","United States"
"3558","Netmarble","251270.KS","3026225296","36.9346","South Korea"
"3559","Stella-Jones","SJ.TO","3025747583","54.4642","Canada"
"3560","ACV Auctions","ACVA","3023990016","16.76","United States"
"3561","Cathay General Bancorp","CATY","3023160320","43.12","United States"
"3562","Derwent London","DLN.L","3021931236","2564.41","United Kingdom"
"3563","Saudi Research and Media Group","4210.SR","3020397280","37.755","Saudi Arabia"
"3564","Ebro Foods","EBRO.MC","3017576974","19.6118","Spain"
"3565","PotlatchDeltic","PCH","3017300480","38.39","United States"
"3566","C3 AI","AI","3017157376","22.73","United States"
"3567","Kodiak Gas Services","KGS","3017084928","34.34","United States"
"3568","Brembo","BRE.MI","3016327917","9.1817","Italy"
"3569","Zuger Kantonalbank","ZUGER.SW","3014689726","10482.2","Switzerland"
"3570","Toyo Tire","5105.T","3012862652","19.5672","Japan"
"3571","American States Water","AWR","3012543488","78.23","United States"
"3572","LG Display","LPL","3009999872","3.01","South Korea"
"3573","Alkami Technology","ALKT","3009214208","29.21","United States"
"3574","Harley-Davidson","HOG","3008043008","24.76","United States"
"3575","Syngene International","SYNGENE.NS","3007150210","7.48245","India"
"3576","Terex","TEX","3007104000","45.84","United States"
"3577","WSFS Financial","WSFS","3005774336","52.94","United States"
"3578","National Bank of Bahrain","NBB.BH","3005404589","2.53316","Bahrain"
"3579","Laboratorios Farmaceuticos Rovi","ROVI.MC","3003949209","58.7334","Spain"
"3580","Ansell","ANN.AX","3003064864","20.5767","Australia"
"3581","China Gold International Resources","CGG.TO","3000656601","7.5695","Canada"
"3582","Alvotech","ALVO","2999951616","9.94","Iceland"
"3583","HD Bank (Ho Chi Minh City Development Joint Stock Commercial Bank)","HDB.VN","2998479273","0.857919","Vietnam"
"3584","Crane NXT","CXT","2997362944","52.25","United States"
"3585","Murphy Oil","MUR","2997036032","21","United States"
"3586","Resideo Technologies","REZI","2996810752","20.18","United States"
"3587","United States Lime &amp; Minerals","USLM","2995277312","104.61","United States"
"3588","Workman","7564.T","2994514429","36.6929","Japan"
"3589","Blackbaud","BLKB","2992571648","61.68","United States"
"3590","Equinox Gold","EQX","2991904512","6.56","Canada"
"3591","Asseco","ACP.WA","2987176050","43.8058","Poland"
"3592","Ithaca Energy","ITH.L","2984941480","175.46","United Kingdom"
"3593","OceanaGold","OGC.TO","2983497402","4.27369","Canada"
"3594","Virbac SA","VIRP.PA","2980872310","355.805","France"
"3595","First Pacific Company","0142.HK","2979833593","0.699774","Hong Kong"
"3596","Acerinox","ACX.MC","2975699721","11.9396","Spain"
"3597","Hayward","HAYW","2971796992","13.74","United States"
"3598","H.B. Fuller","FUL","2971391232","54.83","United States"
"3599","Granite REIT","GRP-UN","2967875328","48.3994","Canada"
"3600","First Hawaiian Bank","FHB","2966968320","23.6","United States"
"3601","Bitdeer Technologies Group","BTDR","2966914560","15.08","Singapore"
"3602","AmTrust Financial Services","AFFS","2965514752","15","United States"
"3603","Camtek","CAMT","2964208128","65","Israel"
"3604","Community Financial System","CBU","2961269504","56.03","United States"
"3605","Gland Pharma","GLAND.NS","2957312577","17.9497","India"
"3606","TTM Technologies","TTMI","2951335168","29.04","United States"
"3607","NMI Holdings","NMIH","2950701824","37.77","United States"
"3608","Metsera","MTSR","2946295552","28.045","United States"
"3609","Autohome","ATHM","2945702400","24.87","China"
"3610","Whitehaven Coal","WHC.AX","2943016168","3.51783","Australia"
"3611","DMG Mori","6141.T","2942604562","20.7531","Japan"
"3612","Advance Auto Parts","AAP","2941993472","49.17","United States"
"3613","ALTEN","ATE.PA","2941962983","82.7375","France"
"3614","INFICON","IFCN.SW","2940852058","120.316","Switzerland"
"3615","Catalyst Pharmaceuticals","CPRX","2940817408","24.11","United States"
"3616","Barwa Real Estate Company","BRES.QA","2939817916","0.755495","Qatar"
"3617","Sasol","SSL","2938364672","4.48","South Africa"
"3618","HORIBA","6856.T","2932121921","69.863","Japan"
"3619","Sun TV Network","SUNTV.NS","2930904953","7.43724","India"
"3620","Global Power Synergy","GPSC.BK","2923683112","1.03687","Thailand"
"3621","WesBanco","WSBC","2920872448","30.53","United States"
"3622","Piramal Enterprises","PEL.NS","2920426742","12.9248","India"
"3623","IAC/InterActiveCorp","IAC","2916620800","36.53","United States"
"3624","LEW (Lechwerke)","LEC.F","2916505931","82.2835","Germany"
"3625","Espressif Systems (Shanghai)","688018.SS","2915543752","25.9852","China"
"3626","Global Business Travel Group","GBTG","2915301376","6.09","United States"
"3627","Artisan Partners","APAM","2907959552","41.29","United States"
"3628","Vicat S.A.","VCT.PA","2906900774","63.3299","France"
"3629","ERG","ERG.MI","2905120599","19.9864","Italy"
"3630","USA Compression Partners","USAC","2904275456","24.7","United States"
"3631","Mandatum","MANTA.HE","2901732834","5.77233","Finland"
"3632","Old Mutual","OMU.JO","2900033800","0.651372","South Africa"
"3633","Driven Brands","DRVN","2899453952","17.65","United States"
"3634","Thule Group AB","THULE.ST","2896494564","26.8597","Sweden"
"3635","Surgery Partners","SGRY","2896416000","22.6","United States"
"3636","TechnoPro Holdings","6028.T","2893439763","27.7708","Japan"
"3637","Scholar Rock Holding","SRRK","2892043008","30.46","United States"
"3638","Carmila","CARM.PA","2891537287","20.3836","France"
"3639","Maruwa","5344.T","2891464567","234.318","Japan"
"3640","Worthington Enterprises","WOR","2888708352","57.87","United States"
"3641","Sable Offshore","SOC","2887158784","32.29","United States"
"3642","Redcare Pharmacy","RDC.DE","2886488181","143.003","Netherlands"
"3643","Patrick Industries","PATK","2883773184","86.27","United States"
"3644","Catena AB","CATE.ST","2883071557","47.7645","Sweden"
"3645","Merus","MRUS","2879285760","41.6","Netherlands"
"3646","MultiChoice Group","MCG.JO","2878489000","6.71269","South Africa"
"3647","Eastern Bankshares","EBC","2878357504","14.88","United States"
"3648","Burford Capital","BUR","2877605120","13.16","Guernsey"
"3649","Agilysys","AGYS","2876942592","102.69","United States"
"3650","Trigano","TRI.PA","2874404667","146.748","France"
"3651","Immofinanz","IMO1.F","2874179494","20.4631","Austria"
"3652","Peloton","PTON","2873617664","7.21","United States"
"3653","Ocado","OCDO.L","2873566225","348.355","United Kingdom"
"3654","The Navigator Company","NVG.LS","2873466494","4.0404","Portugal"
"3655","ZF Commercial Vehicle Control Systems India","ZFCVINDIA.NS","2871665076","151.398","India"
"3656","Pilbara Minerals","PLS.AX","2871646862","0.892389","Australia"
"3657","Husqvarna","HUSQ-A.ST","2868176500","5.0375","Sweden"
"3658","WeRide","WRD","2868052224","10.08","China"
"3659","Alignment Healthcare","ALHC","2866745088","14.49","United States"
"3660","Hesai Group","HSAI","2865282816","21.63","China"
"3661","Douglas Emmett","DEI","2863567872","14.11","United States"
"3662","Clarivate","CLVT","2862134528","4.19","United Kingdom"
"3663","Envista","NVST","2859246080","16.87","United States"
"3664","Pinnacle Investment Management Group","PNI.AX","2858447651","12.6034","Australia"
"3665","Comgás","CGAS5.SA","2856358490","22.568","Brazil"
"3666","Greggs","GRG.L","2855675836","2804.66","United Kingdom"
"3667","Japan Airport Terminal","9706.T","2854988248","30.7634","Japan"
"3668","Coca-Cola Bottlers Japan","2579.T","2853593655","16.4839","Japan"
"3669","Keio Corporation","9008.T","2851991052","24.1155","Japan"
"3670","Black Stone Minerals","BSM","2850736896","13.47","United States"
"3671","Genting Berhad","3182.KL","2850595118","0.740303","Malaysia"
"3672","Taiheiyo Cement","5233.T","2850291071","25.5176","Japan"
"3673","M/I Homes","MHO","2847118080","106.3","United States"
"3674","Protagonist Therapeutics","PTGX","2845593600","45.91","United States"
"3675","First Majestic Silver","AG","2845288704","5.87","Canada"
"3676","Vodafone Qatar","VFQS.QA","2845096229","0.673077","Qatar"
"3677","Power Integrations","POWI","2843223040","50.51","United States"
"3678","Tiger Brands","TBS.JO","2839971100","18.1106","South Africa"
"3679","Cactus Inc","WHD","2837023744","41.44","United States"
"3680","Motor Oil (Hellas) Corinth Refineries","MOH.AT","2835141164","26.1491","Greece"
"3681","Inox Wind","INOXWIND.NS","2832909527","2.17199","India"
"3682","Alarm.com","ALRM","2832309504","56.94","United States"
"3683","GMS","GMS","2830812160","73.74","United States"
"3684","Colbún","COLBUN.SN","2827459433","0.161236","Chile"
"3685","Mobimo Holding","MOBN.SW","2826101985","389.755","Switzerland"
"3686","Kojamo","KOJAMO.HE","2824583017","11.4289","Finland"
"3687","Chesapeake Utilities","CPK","2823315200","121.03","United States"
"3688","Bakkafrost","BAKKA.OL","2820999014","47.5902","Denmark"
"3689","Crinetics Pharmaceuticals","CRNX","2820707840","30.11","United States"
"3690","McGrath RentCorp","MGRC","2819224576","114.55","United States"
"3691","BillerudKorsnäs","BILL.ST","2818590151","11.3331","Sweden"
"3692","Aditya Birla Real Estate","ABREL.NS","2816541494","25.4773","India"
"3693","Privia Health Group","PRVA","2816352000","23.1","United States"
"3694","Imerys","NK.PA","2809008884","32.5956","France"
"3695","OYAK Çimento","OYAKC.IS","2805448437","0.577056","Turkey"
"3696","Mercury Systems","MRCY","2803107072","46.91","United States"
"3697","Strauss Group","STRS.TA","2802353510","2403.86","Israel"
"3698","Unibel S.A.","UNBL.PA","2800562134","1316.54","France"
"3699","Tower Bersama Infrastructure","TBIG.JK","2800235820","0.125193","Indonesia"
"3700","Rémy Cointreau","RCO.PA","2799512972","53.9553","France"
"3701","Chambal Fertilisers","CHAMBLFERT.NS","2796041775","6.97814","India"
"3702","Spectris","SXS.L","2795638963","2687.24","United Kingdom"
"3703","Şişecam","SISE.IS","2794319482","0.912219","Turkey"
"3704","Genworth Financial","GNW","2793440000","6.74","United States"
"3705","California Water Service Group","CWT","2793241856","46.89","United States"
"3706","Academy Sports","ASO","2792786688","41.98","United States"
"3707","Corem Property Group AB","CORE-PREF.ST","2791428943","25.1089","Sweden"
"3708","Ramco Cements","RAMCOCEM.NS","2791411832","11.8134","India"
"3709","Dr Lal PathLabs","LALPATHLAB.NS","2789612335","33.4617","India"
"3710","Berner Kantonalbank","BEKN.SW","2788362312","301.394","Switzerland"
"3711","ASMPT
 (ASM Pacific Technology)","0522.HK","2786505751","6.69127","Hong Kong"
"3712","IPG Photonics","IPGP","2785597440","65.49","United States"
"3713","Topaz Energy","TPZ.TO","2783557275","18.1016","Canada"
"3714","TAG Immobilien","TEG.F","2777096484","15.8325","Germany"
"3715","Kamigumi","9364.T","2776539758","27.415","Japan"
"3716","First Interstate BancSystem","FIBK","2776358912","26.47","United States"
"3717","CleanSpark","CLSK","2772917248","9.87","United States"
"3718","Patterson Companies","PDCO","2771884032","31.33","United States"
"3719","Sonae","SON.LS","2767471570","1.42776","Portugal"
"3720","Leroy Seafood","LSG.OL","2766772476","4.64632","Norway"
"3721","Iridium Communications","IRDM","2761324800","25.53","United States"
"3722","Stanley Electric","6923.T","2756999240","18.4895","Japan"
"3723","Quilter","QLT.L","2756345791","198.54","United Kingdom"
"3724","MARAFIQ (The Power and Water Utility Company for Jubail and Yanbu)","2083.SR","2756298930","11.0252","Saudi Arabia"
"3725","Dubai Investments","DIC.AE","2755563785","0.64806","United Arab Emirates"
"3726","Apple Hospitality REIT","APLE","2754974720","11.58","United States"
"3727","Toho Gas","9533.T","2753456871","28.3777","Japan"
"3728","Van Lanschot Kempen","VLK.AS","2751079260","64.9189","Netherlands"
"3729","DXC Technology","DXC","2749805312","15.17","United States"
"3730","Celulosa Argentina","CELU.BA","2746793775","0.272127","Argentina"
"3731","Proximus","PROX.VI","2746654827","8.51776","Belgium"
"3732","EIH Limited","EIHOTEL.NS","2745138180","4.38731","India"
"3733","Concentra Group","CON","2744162560","21.41","United States"
"3734","Coface","COFA.PA","2741228592","18.3521","France"
"3735","Medical Properties Trust","MPW","2739648000","4.56","United States"
"3736","Under Armour","UA","2736568320","6.2","United States"
"3737","Momentum Metropolitan","MTM.JO","2735750100","1.98279","South Africa"
"3738","PTT Global Chemical","PTTGC.BK","2728858722","0.605223","Thailand"
"3739","NetLink Trust","CJLU.SI","2728439815","0.700144","Singapore"
"3740","Breville Group","BRG.AX","2728215612","18.9536","Australia"
"3741","Vistry Group","VTY.L","2726683154","791.729","United Kingdom"
"3742","Guoco","0053.HK","2722798360","8.2747","Hong Kong"
"3743","Société Industrielle et Financière de l'Artois","ARTO.PA","2719101196","10214.5","France"
"3744","Torex Gold Resources","TXG.TO","2713783395","31.4804","Canada"
"3745","Four Corners Property Trust","FCPT","2712743936","27","United States"
"3746","Port of Tauranga","POT.NZ","2711507035","3.98594","New Zealand"
"3747","Nomad Foods","NOMD","2710986496","17.66","United Kingdom"
"3748","Shapir Civil and Marine Engineering","SPEN.TA","2709175583","757.943","Israel"
"3749","Peyto Exploration &amp; Development","PEY.TO","2708921112","13.6106","Canada"
"3750","Loomis AB","LOOMIS.ST","2708262639","39.5452","Sweden"
"3751","Kinetik","KNTK","2705568256","44.41","United States"
"3752","Melexis NV","MELE.BR","2704661646","67.0752","Belgium"
"3753","Greif","GEF","2703952128","55.4","United States"
"3754","Hindustan Copper","HINDCOPPER.NS","2703865760","2.79607","India"
"3755","Tri Pointe Homes","TPH","2702875392","29.81","United States"
"3756","Brickworks Limited","BKW.AX","2701048069","17.6603","Australia"
"3757","BIC","BB.PA","2699890591","64.9189","France"
"3758","Rush Street Interactive","RSI","2697395968","11.78","United States"
"3759","SKF India","SKFINDIA.NS","2697246251","54.5582","India"
"3760","Technogym","TGYM.MI","2696558611","13.5172","Italy"
"3761","Baldwin Insurance Group","BWIN","2691429632","38.1","United States"
"3762","CATRION Catering Holding Company","6004.SR","2689241332","32.7956","Saudi Arabia"
"3763","Ternium Argentina","TXAR.BA","2689170114","0.595332","Argentina"
"3764","PAR Technology","PAR","2688628992","66.39","United States"
"3765","Saudi Industrial Investment Group","2250.SR","2687937340","3.95681","Saudi Arabia"
"3766","Argan","AGX","2686493440","196.97","United States"
"3767","Bank of Hawaii","BOH","2686469888","67.61","United States"
"3768","OPC Energy","OPCE.TA","2686004493","1050.32","Israel"
"3769","Tegna","TGNA","2685697792","16.71","United States"
"3770","Fabege AB","FABG.ST","2684559975","8.53387","Sweden"
"3771","Big Yellow Group","BYG.L","2681013564","1299.75","United Kingdom"
"3772","Taiba Investments","4090.SR","2680613030","10.292","Saudi Arabia"
"3773","AZZ","AZZ","2680513024","89.61","United States"
"3774","Ambarella","AMBA","2677975808","63.14","United States"
"3775","TERNA ENERGY Industrial Commercial Technical","TENERGY.AT","2671705895","22.6989","Greece"
"3776","Muangthai Capital","MTC.BK","2670353495","1.2596","Thailand"
"3777","Olam","VC2.SI","2669364347","0.704034","Singapore"
"3778","Bangkok Expressway and Metro (BEM)","BEM.BK","2668873146","0.178187","Thailand"
"3779","Man Group","EMG.L","2668735647","234.171","Jersey"
"3780","Rakus Co., Ltd.","3923.T","2668598196","14.7295","Japan"
"3781","Carel Industries","CRL.MI","2668373333","23.7203","Italy"
"3782","AJ Bell","AJB.L","2665336238","656.49","United Kingdom"
"3783","Gibson Energy","GEI.TO","2663250774","16.269","Canada"
"3784","Mercari","4385.T","2662835817","16.1979","Japan"
"3785","Betsson AB","BETS-B.ST","2662390123","19.3113","Sweden"
"3786","Valeo","FR.PA","2661189876","10.6117","France"
"3787","Crompton Greaves Consumer Electricals","CROMPTON.NS","2657709843","4.12782","India"
"3788","Signet Jewelers","SIG","2657487872","64.22","Bermuda"
"3789","Metaplanet Inc.","3350.T","2654760624","5.69228","Japan"
"3790","SM Energy","SM","2653229312","23.18","United States"
"3791","TransAlta","TAC","2652780032","8.95","Canada"
"3792","Dave Inc.","DAVE","2652738560","198.85","United States"
"3793","Air France-KLM","AF.PA","2652009207","9.92396","France"
"3794","DigitalOcean","DOCN","2651805952","29.13","United States"
"3795","Northern Oil and Gas","NOG","2649218048","26.84","United States"
"3796","Zain Saudi Arabia","7030.SR","2645505433","2.94361","Saudi Arabia"
"3797","Linamar","LNR.TO","2644889774","44.2218","Canada"
"3798","CT REIT","CRT-UN.TO","2644316595","11.1478","Canada"
"3799","PagSeguro","PAGS","2643300608","8.85","Brazil"
"3800","Premium Brands","PBH.TO","2640056419","58.7958","Canada"
"3801","First Capital REIT","FCR-UN.TO","2637298263","12.4154","Canada"
"3802","Progress Software","PRGS","2636633344","61.28","United States"
"3803","Hawkins","HWKN","2634735872","126.67","United States"
"3804","EQB (Equitable Bank)","EQB.TO","2634570519","68.5312","Canada"
"3805","Bayer Crop Science","BAYERCROP.NS","2633580158","58.5821","India"
"3806","Park National Corp","PRK","2632219648","162.57","United States"
"3807","Tecan","TECN.SW","2631439605","205.166","Switzerland"
"3808","Dr. Soliman Abdel Kader Fakeeh","4017.SR","2630849442","11.4385","Saudi Arabia"
"3809","KOBAYASHI Pharmaceutical","4967.T","2630732084","35.3884","Japan"
"3810","Bombardier Recreational Products","DOOO","2629227776","35.98","Canada"
"3811","Outfront Media","OUT","2628073984","15.73","United States"
"3812","BASF India","BASF.NS","2626787125","60.685","India"
"3813","Acadia Realty Trust","AKR","2626560000","19","United States"
"3814","VSE Corporation","VSEC","2623398400","126.92","United States"
"3815","İsdemir","ISDMR.IS","2623143234","0.904532","Turkey"
"3816","Mari Petroleum Company","MARI.PK","2623101360","2.18478","Pakistan"
"3817","Grafton Group","GFTU.L","2618691242","1344.7","Ireland"
"3818","Tata Chemicals","TATACHEM.NS","2614235857","10.2617","India"
"3819","CVB Financial","CVBF","2614160640","18.97","United States"
"3820","Hafnia Limited","HAFN","2609467648","5.24","Bermuda"
"3821","Compañía Cervecerías Unidas","CCU","2609436160","13.86","Chile"
"3822","Boston Beer Company","SAM","2607829760","233.97","United States"
"3823","Independent Bank Corp (Massachusetts)","INDB","2607399936","61.18","United States"
"3824","AUB Group","AUB.AX","2605548966","22.3485","Australia"
"3825","Timken India","TIMKEN.NS","2605480384","34.6194","India"
"3826","Zhejiang Jinke Tom Culture Industry","300459.SZ","2604666421","0.740844","China"
"3827","CA Immo","BZY.F","2604213533","27.1706","Austria"
"3828","Huron Consulting","HURN","2599101184","150.69","United States"
"3829","Santam","SNT.JO","2597965600","23.7883","South Africa"
"3830","TX Group","TXGN.SW","2597184545","245.11","Switzerland"
"3831","HELLENiQ ENERGY","ELPE.AT","2594654282","8.48939","Greece"
"3832","Ola Electric Mobility","OLAELEC.NS","2594233818","0.621257","India"
"3833","The Cheesecake Factory","CAKE","2592790784","52.35","United States"
"3834","Bank für Tirol und Vorarlberg","BTS.VI","2589777469","69.7991","Austria"
"3835","BankUnited","BKU","2589545984","34.43","United States"
"3836","Green Brick Partners","GRBK","2589455360","58.95","United States"
"3837","Braves Group","BATRK","2588800000","40.78","United States"
"3838","Atlanta Braves","BATRA","2588798976","43.89","United States"
"3839","Offcn Education","002607.SZ","2585137553","0.419162","China"
"3840","Shufersal","SAE.TA","2585084621","970.122","Israel"
"3841","Bank Mega","MEGA.JK","2584953047","0.220167","Indonesia"
"3842","Almirall","ALM.MC","2584836445","12.1212","Spain"
"3843","Tofaş Türk Otomobil Fabrikası","TOASO.IS","2584194515","5.16839","Turkey"
"3844","momo.com Inc.","8454.TW","2584175964","10.2402","Taiwan"
"3845","Danieli &amp; C. Officine Meccaniche","DAN.MI","2582920586","39.0421","Italy"
"3846","TowneBank","TOWN","2581596928","34.24","United States"
"3847","Keppel REIT","K71U.SI","2581056545","0.665137","Singapore"
"3848","Sitio Royalties","STR","2580543744","17.1","United States"
"3849","Suntec REIT","T82U.SI","2579128554","0.87907","Singapore"
"3850","Cementir","CEM.MI","2576326356","16.0027","Italy"
"3851","Ahli Bank","ABQK.QA","2574979657","1.00934","Qatar"
"3852","National Bank of Fujairah","NBF.AE","2571979561","1","United Arab Emirates"
"3853","Lendlease","LLC.AX","2570800799","3.72476","Australia"
"3854","Amot Investment","AMOT.TA","2570305866","544.928","Israel"
"3855","Hirogin Holdings","7337.T","2568760856","8.54889","Japan"
"3856","Newmark","NMRK","2566821376","10.46","United States"
"3857","Kansai Paint","4613.T","2565656455","14.5586","Japan"
"3858","Altarea","ALTA.PA","2563768962","115.991","France"
"3859","Anan Investment Holding","ANAN.AE","2563400645","1.11","United Arab Emirates"
"3860","Valaris","VAL","2562748160","36.06","United Kingdom"
"3861","Enea","ENA.WA","2559654272","4.83199","Poland"
"3862","Civitas Resources","CIVI","2557982720","27.63","United States"
"3863","Lanxess","LXS.F","2557743039","29.5994","Germany"
"3864","Devyani International","DEVYANI.NS","2556272210","2.10976","India"
"3865","Cosan","CSAN","2555635456","5.5","Brazil"
"3866","Punjab &amp; Sind Bank","PSB.NS","2555272618","0.359885","India"
"3867","Titan America","TTAM","2555257344","13.86","United States"
"3868","Berli Jucker (BJC)","BJC.BK","2548739413","0.635945","Thailand"
"3869","KEC International","KEC.NS","2548035386","9.57131","India"
"3870","Pepco Group","PCO.WA","2547178529","4.42198","United Kingdom"
"3871","Amber Enterprises India","AMBER.NS","2545322482","75.2119","India"
"3872","Embracer Group","EMBRAC-B.ST","2543903213","11.3016","Sweden"
"3873","Südzucker","SZU.F","2543830830","12.4617","Germany"
"3874","Serco Group","SRP.L","2540726490","251.448","United Kingdom"
"3875","Sankyu","9065.T","2539994452","48.3425","Japan"
"3876","CapitaLand Ascott Trust","HMN.SI","2535095439","0.665137","Singapore"
"3877","Renishaw","RSW.L","2534756750","3485.66","United Kingdom"
"3878","VGP NV","VGP.BR","2534363972","88.9797","Belgium"
"3879","Melco Resorts &amp; Entertainment","MLCO","2532985856","6.16","Hong Kong"
"3880","Benefit Systems","BFT.WA","2532538978","856.082","Poland"
"3881","XTB S.A.","XTB.WA","2532121588","21.561","Poland"
"3882","Vesta Real Estate","VTMX","2528734720","29.1","Mexico"
"3883","Natura&Co","NTCO3.SA","2528354782","1.83577","Brazil"
"3884","Calbee, Inc.","2229.T","2528337345","20.2369","Japan"
"3885","ATS Automation","ATS","2526703104","25.79","Canada"
"3886","ENAV","ENAV.MI","2524025768","4.66235","Italy"
"3887","United Parks &amp; Resorts","PRKS","2523324928","45.9","United States"
"3888","Stadler Rail","SRAIL.SW","2522485911","25.2251","Switzerland"
"3889","Growthpoint Properties","GRT.JO","2522213300","0.742542","South Africa"
"3890","Seaboard","SEB","2519887616","2595","United States"
"3891","St. Joe Company","JOE","2519860992","43.28","United States"
"3892","Mandarin Oriental","M04.SI","2514981888","1.99","Hong Kong"
"3893","Peab","PEAB-B.ST","2514857498","8.74879","Sweden"
"3894","Lufax","LU","2513398272","2.9","China"
"3895","Insperity","NSP","2513073920","66.79","United States"
"3896","The Chefs' Warehouse","CHEF","2513019904","61.77","United States"
"3897","Mitie Group PLC","MTO.L","2512331916","210.012","United Kingdom"
"3898","Reliance Power","RPOWER.NS","2512225517","0.609398","India"
"3899","Kangwon Land","035250.KS","2510791244","12.5285","South Korea"
"3900","Boardwalk Real Estate Investment Trust","BEI-UN.TO","2508145230","47.0468","Canada"
"3901","Samsonite International","1SO.F","2506511951","1.80797","Luxembourg"
"3902","MDA Ltd.","MDA.TO","2502363191","20.3978","Canada"
"3903","JTEKT Corporation","6473.T","2501753691","7.85828","Japan"
"3904","Al Ahli Bank of Kuwait","ABK.KW","2500807718","961.538","Kuwait"
"3905","RXO","RXO","2499718912","15.25","United States"
"3906","Sandstorm Gold","SAND","2499606272","8.52","Canada"
"3907","Olav Thon","OLT.OL","2497968085","24.6156","Norway"
"3908","Umicore","UMI.VI","2497333896","10.3847","Belgium"
"3909","Cenomi Centers (Arabian Centres Company)","4321.SR","2497228704","5.25797","Saudi Arabia"
"3910","Burckhardt Compression","BCHN.SW","2496121623","737.145","Switzerland"
"3911","YETI Holdings","YETI","2495230976","30.13","United States"
"3912","Redington India","REDINGTON.NS","2494689370","3.19106","India"
"3913","Organo Corporation","6368.T","2491471060","54.2022","Japan"
"3914","Atul","ATUL.NS","2490069815","84.576","India"
"3915","Korea Gas","036460.KS","2489424652","28.5238","South Korea"
"3916","Payoneer","PAYO","2484679680","6.87","United States"
"3917","SES S.A.","SESG.PA","2482063675","5.79389","Luxembourg"
"3918","Dundee Precious Metals","DPM.TO","2480704049","14.7044","Canada"
"3919","Zug Estates Holding","ZUGN.SW","2478759136","2590.3","Switzerland"
"3920","Spark New Zealand","NZTCF","2476761344","1.29","New Zealand"
"3921","Greatland Gold","GGP.L","2475920390","18.7307","United Kingdom"
"3922","Fairfax India Holdings","FIH-U.TO","2475644160","18.36","Canada"
"3923","Immunovant","IMVT","2473176064","14.56","United States"
"3924","Kinnevik","KINV-A.ST","2470866913","9.91774","Sweden"
"3925","LXP Industrial Trust","LXP","2470528256","8.33","United States"
"3926","Nerolac Paints","KANSAINER.NS","2470109715","3.05521","India"
"3927","Takashimaya Company","8233.T","2469690874","8.1408","Japan"
"3928","Cyfrowy Polsat","CPS.WA","2468297871","4.48208","Poland"
"3929","Vector Limited","VCT.NZ","2466634738","2.46663","New Zealand"
"3930","Navitas Petroleum","NVPT.TA","2464707808","2397.74","Israel"
"3931","WNS","WNS","2463035136","56.47","India"
"3932","ReNew Power","RNW","2462264576","6.79","India"
"3933","Sabeco Brewery (Saigon Beer)","SAB.VN","2462057099","1.91964","Vietnam"
"3934","Socionext","6526.T","2461789634","13.8645","Japan"
"3935","Munters Group AB","MTRS.ST","2461065200","13.4823","Sweden"
"3936","ComfortDelGro","C52.SI","2460982199","1.13579","Singapore"
"3937","CJ Group","001040.KS","2459899517","90.9104","South Korea"
"3938","ARYZTA AG","ARYN.SW","2459359272","99.4359","Switzerland"
"3939","Venture Corporation","V03.SI","2458829764","8.54176","Singapore"
"3940","Saudia Dairy &amp; Foodstuff Company","2270.SR","2457272364","76.7898","Saudi Arabia"
"3941","SpareBank 1","SPOL.OL","2453758911","18.0613","Norway"
"3942","Net One Systems","7518.T","2453420060","30.9166","Japan"
"3943","Hufvudstaden AB","HUFV-A.ST","2451830750","12.1194","Sweden"
"3944","RLX Technology","RLX","2449064192","2.01","China"
"3945","Warby Parker","WRBY","2448759040","20.17","United States"
"3946","Tradegate Exchange","T2G.F","2448419621","100.443","Germany"
"3947","CoreCivic","CXW","2445139200","22.4","United States"
"3948","Fuyo General Lease","8424.T","2444450610","27.1011","Japan"
"3949","MoonLake Immunotherapeutics","MLTX","2444395264","38.51","Switzerland"
"3950","The Foschini Group","TFG.JO","2443565200","7.47702","South Africa"
"3951","Premier Foods","PFD.L","2443421371","283.435","United Kingdom"
"3952","Skyward Specialty Insurance Group","SKWD","2443163392","60.47","United States"
"3953","Regis Resources","RRL.AX","2442683925","3.1945","Australia"
"3954","HUTCHMED","HCM","2439291392","13.27","Hong Kong"
"3955","MYR Group","MYRG","2438166272","157.07","United States"
"3956","Marqeta","MQ","2434998784","5.2","United States"
"3957","Yelp","YELP","2429203200","38.05","United States"
"3958","GÜBRETAŞ","GUBRF.IS","2428463872","7.27085","Turkey"
"3959","XL Axiata","EXCL.JK","2428071334","0.133827","Indonesia"
"3960","Nordic Semiconductor","NOD.OL","2427761910","12.7131","Norway"
"3961","Toyoda Gosei","7282.T","2427085298","19.0789","Japan"
"3962","Genting Malaysia Berhad","4715.KL","2426350320","0.428098","Malaysia"
"3963","Metcash","MTS.AX","2422485318","2.18571","Australia"
"3964","The Bancorp","TBBK","2418628096","51.78","United States"
"3965","Castrol India","CASTROLIND.NS","2417580148","2.44417","India"
"3966","Golden Agri-Resources","E5H.SI","2417065389","0.190595","Singapore"
"3967","Dätwyler","DAE.SW","2411639392","141.861","Switzerland"
"3968","XD Inc.","2400.HK","2410013572","4.96099","China"
"3969","Bank of Bahrain and Kuwait","BBK.BH","2409270968","1.32626","Bahrain"
"3970","MFE-Mediaforeurope","MFEA.MI","2409001258","3.79299","Italy"
"3971","Sohar International Bank","BKSB.OM","2406896539","0.363731","Oman"
"3972","OPENLANE Corporate","KAR","2406475520","22.41","United States"
"3973","Saudi Ground Services Company","4031.SR","2406079189","12.7983","Saudi Arabia"
"3974","TISCO Financial Group","TISCO.BK","2404397879","3.00307","Thailand"
"3975","Maple Leaf Foods","MFI.TO","2403935758","19.4199","Canada"
"3976","Kokuyo","7984.T","2402966010","21.2205","Japan"
"3977","G-bits Network Technology","603444.SS","2402707839","33.3519","China"
"3978","Alamo Group","ALG","2402524928","198.72","United States"
"3979","CVR Energy","CVI","2401685504","23.89","United States"
"3980","RingCentral","RNG","2401492480","26.55","United States"
"3981","Estun Automation","002747.SZ","2397852359","2.76563","China"
"3982","OSB Group Plc","OSB.L","2395104399","654.061","United Kingdom"
"3983","PBF Energy","PBF","2390423552","20.67","United States"
"3984","Urban Edge Properties","UE","2389282304","17.69","United States"
"3985","Paragon Banking Group","PAG.L","2388423058","1208.65","United Kingdom"
"3986","EMSTEEL Building Materials PJSC","EMSTEEL.AE","2387474472","0.35","United Arab Emirates"
"3987","Wizz Air","WIZZ.L","2384990998","2181.1","Jersey"
"3988","Bread Financial","BFH","2384985088","51.29","United States"
"3989","OVH Groupe","OVH.PA","2384730360","15.8552","France"
"3990","Topcon Corporation","7732.T","2384697106","22.6226","Japan"
"3991","Polestar","PSNY","2384695552","1.13","Sweden"
"3992","NOK Corporation","7240.T","2379315091","14.5969","Japan"
"3993","Simmons First National","SFNC","2379233280","18.89","United States"
"3994","Itaú CorpBanca","ITCLY","2378989568","3.1","Chile"
"3995","ASGN","ASGN","2374397952","54.21","United States"
"3996","Walliser Kantonalbank","WKBN.SW","2372467202","151.302","Switzerland"
"3997","FormFactor","FORM","2372417792","30.78","United States"
"3998","Ratnamani Metals &amp; Tubes","RATNAMANI.NS","2370124145","33.7834","India"
"3999","Truecaller","TRUE-B.ST","2368179632","6.90363","Sweden"
"4000","ImmunityBio","IBRX","2365421824","2.68","United States"
"4001","Becamex (Investment and Industrial Development Corporation)","BCM.VN","2362500018","2.28261","Vietnam"
"4002","Gold Road Resources","GOR.AX","2360502066","2.17277","Australia"
"4003","Evertec","EVTC","2358174720","37.07","United States"
"4004","Dana","DAN","2358057216","16.18","United States"
"4005","Newell Brands","NWL","2355692544","5.64","United States"
"4006","Warrior Met Coal","HCC","2355182336","44.81","United States"
"4007","LivaNova","LIVN","2354419712","43.18","United Kingdom"
"4008","Apogee Therapeutics","APGE","2353500672","40.36","United States"
"4009","K92 Mining","KNT.TO","2344596288","9.73532","Canada"
"4010","Sekisui House Reit","3309.T","2344295995","535.047","Japan"
"4011","Resorttrust","4681.T","2344014151","11.0672","Japan"
"4012","Atoss","AOF.F","2343225150","146.862","Germany"
"4013","Gerresheimer","GXI.F","2342259666","67.813","Germany"
"4014","Tootsie Roll Industries","TR","2341317376","33.63","United States"
"4015","Efes Beverage Group","AEFES.IS","2341067663","3.9538","Turkey"
"4016","Globalstar","GSAT","2340519680","18.49","United States"
"4017","Genius Sports","GENI","2340334848","9.88","United Kingdom"
"4018","Synaptics","SYNA","2339712000","60.7","United States"
"4019","Xenon Pharmaceuticals","XENE","2339607552","30.49","Canada"
"4020","ZhongAn Insurance","6060.HK","2334848930","1.58854","China"
"4021","Fattal Holdings (Leonardo Hotels)","FTAL.TA","2334368716","14178.7","Israel"
"4022","Marriott Vacations Worldwide","VAC","2334240768","67.59","United States"
"4023","Appian","APPN","2332250112","31.42","United States"
"4024","Österreichische Post","POST.VI","2330721798","34.5023","Austria"
"4025","Enerpac Tool Group","EPAC","2330518272","43.09","United States"
"4026","Hatsun Agro Products","HATSUN.NS","2329979632","10.4602","India"
"4027","Harmonic Drive Systems","6324.T","2327791075","24.5549","Japan"
"4028","Financière Moncey Société anonyme","FMONC.PA","2326990026","124.276","France"
"4029","VisEra Technologies","6789.TW","2326165672","7.32155","Taiwan"
"4030","Sharjah Islamic Bank","SIB.AE","2325987465","0.72","United Arab Emirates"
"4031","Mitra Keluarga","MIKA.JK","2315772368","0.166512","Indonesia"
"4032","Enova International","ENVA","2315481600","91.28","United States"
"4033","WaFd Bank","WAFD","2311765504","28.84","United States"
"4034","BlackBerry","BB","2310765312","3.87","Canada"
"4035","Hornbach Baumarkt","HBM.HM","2310333901","72.6365","Germany"
"4036","First Financial Bank","FFBC","2308199936","24.11","United States"
"4037","Sino-American Silicon Products","5483.TWO","2304681483","3.7525","Taiwan"
"4038","Grindwell Norton","GRINDWELL.NS","2303817290","20.8076","India"
"4039","Ardagh Metal Packaging","AMBP","2301144832","3.85","Luxembourg"
"4040","Vale Indonesia","INCO.JK","2301010694","0.218316","Indonesia"
"4041","Mister Car Wash","MCW","2296527104","7.07","United States"
"4042","United Bank (Pakistan)","UBL.PK","2295434513","1.83323","Pakistan"
"4043","Grosvenor Capital Management","GCMG","2293017600","12.27","United States"
"4044","Compagnie Financière Tradition","CFT.SW","2292696349","292.921","Switzerland"
"4045","Visteon","VC","2289688832","84","United States"
"4046","Frasers Logistics &amp; Industrial Trust","BUOU.SI","2287566969","0.606791","Singapore"
"4047","Ashland","ASH","2286552832","50.04","United States"
"4048","Philip Morris ČR","TABAK.PR","2286153969","832.725","Czech Republic"
"4049","Secure Energy Services","SES.TO","2284646553","10.3148","Canada"
"4050","Mainova","MNV6.F","2284353431","415.39","Germany"
"4051","Chalet Hotels","CHALET.NS","2284165762","10.4302","India"
"4052","AddLife AB","ALIF-B.ST","2283083087","18.7347","Sweden"
"4053","Sonic Automotive","SAH","2282518784","67.21","United States"
"4054","Seino Holdings","9076.T","2281551239","15.3294","Japan"
"4055","Migros Ticaret A.S.","MGROS.IS","2279445406","12.7993","Turkey"
"4056","Valiant Holding","VATN.SW","2278573061","144.282","Switzerland"
"4057","Bure Equity AB","BURE.ST","2274516170","30.6758","Sweden"
"4058","Nan Ya PCB","8046.TW","2273866392","3.51901","Taiwan"
"4059","Foot Locker","FL","2273560320","23.87","United States"
"4060","Dexerials Corporation","4980.T","2273370669","13.5296","Japan"
"4061","Kardex Holding","KARN.SW","2271071792","294.132","Switzerland"
"4062","Walker &amp; Dunlop","WD","2269964288","66.8","United States"
"4063","Manchester United","MANU","2268137728","13.29","United Kingdom"
"4064","Sylvamo","SLVM","2266218240","55.65","United States"
"4065","SSR Mining","SSRM","2265680896","11.16","Canada"
"4066","Garrett Motion","GTX","2265291776","11.18","Switzerland"
"4067","Lemonade","LMND","2264658176","30.91","United States"
"4068","Cogent Communications","CCOI","2264582144","45.9","United States"
"4069","Nifco Inc.","7988.T","2264489030","23.7876","Japan"
"4070","Vincom Retail Joint Stock Company","VRE.VN","2262616804","0.99573","Vietnam"
"4071","Organon","OGN","2259017472","8.69","United States"
"4072","Rathbones Group","RAT.L","2258804465","2213.49","United Kingdom"
"4073","Solvac","SOLV.BR","2256128639","105.55","Belgium"
"4074","Zensar","ZENSARTECH.NS","2251376408","9.90125","India"
"4075","NHK Spring","5991.T","2249757695","11.0951","Japan"
"4076","Mitchells &amp; Butlers plc","MAB.L","2249183258","379.263","United Kingdom"
"4077","Olin","OLN","2248606208","19.53","United States"
"4078","Alembic Pharmaceuticals","APLLTD.NS","2246721264","11.4142","India"
"4079","Hertz","HTZ","2245597952","7.26","United States"
"4080","Cenergy Holdings","CENER.BR","2245273844","10.5209","Belgium"
"4081","BTS Group","BTS.BK","2244726859","0.139478","Thailand"
"4082","IREN (Iris Energy)","IREN","2244525824","9.28","Australia"
"4083","LCI Industries","LCII","2242117120","88.84","United States"
"4084","Carborundum Universal","CARBORUNIV.NS","2240939366","11.7594","India"
"4085","Multiplan Empreendimentos Imobiliários","MULT3.SA","2237829394","4.58057","Brazil"
"4086","Boralex","BLX.TO","2237174532","21.7668","Canada"
"4087","Yuexiu Property","0123.HK","2236013728","0.555478","Hong Kong"
"4088","SIA Engineering Company","S59.SI","2234877311","1.9993","Singapore"
"4089","Dream Industrial REIT","DIR-UN.TO","2234711774","7.67815","Canada"
"4090","Apellis Pharmaceuticals","APLS","2234626048","17.78","United States"
"4091","DoubleVerify","DV","2234416384","13.75","United States"
"4092","Saudi Real Estate Company (Al Akaria)","4020.SR","2233702216","5.95654","Saudi Arabia"
"4093","Sumitomo Bakelite Company","4203.T","2231971331","25.4688","Japan"
"4094","SiriusPoint","SPNT","2231513344","19.14","Bermuda"
"4095","F.I.B.I. Holdings","FIBIH.TA","2230039930","6290.2","Israel"
"4096","Weibo","WB","2228080896","9.41","China"
"4097","Mitsui Fudosan Logistics Park","3471.T","2228041741","692.003","Japan"
"4098","John Wiley &amp; Sons","WLY","2227242496","40.98","United States"
"4099","Meitetsu","9048.T","2226084603","11.3532","Japan"
"4100","Soitec","SOI.PA","2225418518","61.4232","France"
"4101","Cushman &amp; Wakefield","CWK","2224980992","9.62","United States"
"4102","Sinch","SINCH.ST","2224179625","2.63355","Sweden"
"4103","Gek Terna","GEKTERNA.AT","2219019825","22.1201","Greece"
"4104","QuantumScape","QS","2218936320","3.97","United States"
"4105","Anima Holding","ANIM.MI","2218304646","6.82102","Italy"
"4106","Singapore Land","U06.SI","2217910553","1.5481","Singapore"
"4107","Methanex","MEOH","2217744640","32.86","Canada"
"4108","Topsports International","6110.HK","2217238324","0.357549","Hong Kong"
"4109","SM Entertainment","041510.KQ","2216998933","96.8346","South Korea"
"4110","NOS","NOS.LS","2215105591","4.32414","Portugal"
"4111","Atkore","ATKR","2214948352","65.82","United States"
"4112","Grand City Properties","GYC.DE","2214792818","12.5752","Luxembourg"
"4113","Penn National Gaming","PENN","2213689344","14.66","United States"
"4114","Uranium Energy","UEC","2212257024","5.16","United States"
"4115","Silicon Motion","SIMO","2211319296","65.07","Hong Kong"
"4116","Keihan Holdings","9045.T","2210771749","21.8832","Japan"
"4117","Wendy’s","WEN","2208287488","11.5","United States"
"4118","MVV Energie","MVV1.F","2206617437","33.4809","Germany"
"4119","Batelco (Bahrain Telecommunication Company)","BEYON.BH","2205835544","1.32626","Bahrain"
"4120","Polaris","PII","2205201664","39.24","United States"
"4121","ZIM Integrated Shipping Services","ZIM","2203176960","18.29","Israel"
"4122","Magnite","MGNI","2201331712","15.6","United States"
"4123","Entra","ENTRA.OL","2200233642","12.0804","Norway"
"4124","Amara Raja Energy &amp; Mobility","ARE&M.NS","2199542862","12.0159","India"
"4125","Megacable Holdings","MEGACPO.MX","2197357813","2.55983","Mexico"
"4126","Patterson-UTI Energy","PTEN","2196265984","5.69","United States"
"4127","Delek Logistics Partners","DKL","2195882496","41.09","United States"
"4128","First Merchants Corporation","FRME","2194675456","37.64","United States"
"4129","Ipsos","IPS.PA","2193485634","50.2554","France"
"4130","NBT Bancorp","NBTB","2191097344","41.83","United States"
"4131","J&amp;J Snack Foods","JJSF","2190689280","112.6","United States"
"4132","LEENO Industrial","058470.KQ","2189808454","28.8529","South Korea"
"4133","LifeStance Health Group","LFST","2189371904","5.63","United States"
"4134","Netcompany Group","NETC.CO","2189284741","46.5278","Denmark"
"4135","Aperam","APAM.AS","2188943820","30.2803","Luxembourg"
"4136","Kosé","4922.T","2185827958","38.3043","Japan"
"4137","Vimian Group","VIMIAN.ST","2182682464","4.16629","Sweden"
"4138","Mirum Pharmaceuticals","MIRM","2182003456","44.05","United States"
"4139","Provident Financial Services","PFS","2180715520","16.69","United States"
"4140","Banc of California","BANC","2180100864","13.85","United States"
"4141","LiveRamp","RAMP","2177225216","33.5","United States"
"4142","Metro AG","B4B.F","2175934191","5.99251","Germany"
"4143","BioCryst Pharmaceuticals","BCRX","2174107648","10.39","United States"
"4144","Antin Infrastructure Partners","ANTIN.PA","2173440872","11.9396","France"
"4145","Telecom Plus PLC","TEP.L","2170541631","2733.13","United Kingdom"
"4146","Sumitomo Pharma","4506.T","2170029363","5.46208","Japan"
"4147","AAR","AIR","2169477376","60.09","United States"
"4148","Peugeot Invest Société anonyme","PEUG.PA","2169399669","86.1423","France"
"4149","Stock Yards Bancorp","SYBT","2168321792","73.58","United States"
"4150","Powerchip Semiconductor Manufacturing","6770.TW","2168076057","0.515344","Taiwan"
"4151","KFin Technologies","KFINTECH.NS","2166960314","12.5895","India"
"4152","nib holdings limited","NHF.AX","2166746051","4.44255","Australia"
"4153","Grupa Kety","KTY.WA","2164002778","221.566","Poland"
"4154","Grainger plc","GRI.L","2162286442","290.184","United Kingdom"
"4155","Empire State Realty Trust","ESRT","2161123584","7.27","United States"
"4156","KWS","KWS.F","2161081920","65.3728","Germany"
"4157","Taesa (Transmissora Aliança de Energia Elétrica)","TAEE11.SA","2160978406","6.27281","Brazil"
"4158","HNI Corporation","HNI","2160510720","46.41","United States"
"4159","Energean","ENOG.L","2160283630","1164.11","United Kingdom"
"4160","Assura Plc","AGR.L","2157193289","66.3778","United Kingdom"
"4161","China Railway Materials","000927.SZ","2156927447","0.356496","China"
"4162","Paradox Interactive","PDX.ST","2155987176","20.4121","Sweden"
"4163","Mivne Real Estate (K.D)","MVNE.TA","2155600123","295.715","Israel"
"4164","TietoEVRY","TIETO.HE","2153980252","18.1591","Finland"
"4165","Paragon REIT","SK6U.SI","2153358603","0.758489","Singapore"
"4166","SHIFT UP","462870.KS","2151556689","36.7884","South Korea"
"4167","DeNA","2432.T","2150805662","19.3126","Japan"
"4168","Innospec","IOSP","2150304000","86.15","United States"
"4169","REN (Redes Energéticas Nacionais)","RENE.LS","2149302172","3.24027","Portugal"
"4170","Electra","ELTR.TA","2149136859","56105","Israel"
"4171","Banner Bank","BANR","2148109568","62.12","United States"
"4172","Chugin Financial Group","5832.T","2147276551","12.0019","Japan"
"4173","Einhell Germany","EIN3.DE","2146151928","189.536","Germany"
"4174","Veracyte","VCYT","2145820032","27.4","United States"
"4175","Dermapharm","DMP.F","2144800745","39.8366","Germany"
"4176","AMP Limited","AMP.AX","2144695826","0.847123","Australia"
"4177","Ermenegildo Zegna","ZGN","2141878272","8.48","Italy"
"4178","Karur Vysya Bank","KARURVYSYA.NS","2140082135","2.65599","India"
"4179","Vitrolife AB","VITR.ST","2139953728","15.7992","Sweden"
"4180","JOYY","YY","2137826432","41.55","China"
"4181","TF1","TFI.PA","2136325375","10.1237","France"
"4182","NCsoft","036570.KS","2135693611","110.292","South Korea"
"4183","Breedon Group","BREE.L","2135068886","616.539","United Kingdom"
"4184","Upwork","UPWK","2134389760","16.22","United States"
"4185","SHB (Saigon - Hanoi Commercial Joint Stock Bank)","SHB.VN","2130484505","0.524068","Vietnam"
"4186","DOF Group","DOFG.OL","2130329538","8.65007","Norway"
"4187","Planisware","PLNW.PA","2129697006","30.303","France"
"4188","Transocean","RIG","2128659072","2.41","Switzerland"
"4189","Comet Holding","COTN.SW","2128488351","273.797","Switzerland"
"4190","Diodes Incorporated","DIOD","2126576256","45.83","United States"
"4191","Arrowhead Pharmaceuticals","ARWR","2125359104","15.39","United States"
"4192","InvenTrust Properties","IVT","2123030784","27.37","United States"
"4193","Hamilton Insurance Group","HG","2122009216","20.66","Bermuda"
"4194","Doha Bank","DHBK.QA","2120074268","0.683791","Qatar"
"4195","DO &amp; CO Aktiengesellschaft","DOC.VI","2119163555","192.941","Austria"
"4196","Buckle","BKE","2117986816","41.4","United States"
"4197","Sheng Siong Group","OV8.SI","2117085248","1.40807","Singapore"
"4198","Ardent Health","ARDT","2117051264","14.8","United States"
"4199","Seacoast Banking","SBCF","2116100736","24.61","United States"
"4200","Strategic Education","STRA","2115971456","87.57","United States"
"4201","Exchange Income Corporation","EIF.TO","2115332818","41.2158","Canada"
"4202","Acadia Healthcare","ACHC","2115125632","22.96","United States"
"4203","Elecnor","ENO.MC","2114674185","24.9688","Spain"
"4204","Moltiply Group (Gruppo Mutuionline)","MOL.MI","2114142631","55.8393","Italy"
"4205","Sprinklr","CXM","2114074752","8.2","United States"
"4206","Agility Public Warehousing Company","AGLTY.KW","2113084537","827.901","Kuwait"
"4207","Toei Company","9605.T","2111918236","34.1118","Japan"
"4208","Teradata","TDC","2110848000","22.08","United States"
"4209","Extreme Networks","EXTR","2109381120","15.84","United States"
"4210","Sixth Street Specialty Lending","TSLX","2108561152","22.44","United States"
"4211","Embla Medical","EMBLA.CO","2108048184","4.94491","Iceland"
"4212","Gelsenwasser","WWG.F","2106741555","612.87","Germany"
"4213","Ramelius Resources","RMS.AX","2105923599","1.81711","Australia"
"4214","NextVision Stabilized Systems","NXSN.TA","2104929330","2596","Israel"
"4215","VIB (Vietnam International Commercial Joint Stock Bank)","VIB.VN","2104820119","0.706522","Vietnam"
"4216","Fletcher Building","FBU.NZ","2104088465","1.94828","New Zealand"
"4217","Belite Bio","BLTE","2103370368","64.63","United States"
"4218","Atrium Ljungberg","ATRLJ-B.ST","2101441677","3.33282","Sweden"
"4219","Trustmark","TRMK","2099177472","34.71","United States"
"4220","Newsmax","NMAX","2096589184","23.57","United States"
"4221","Inter Cars","CAR.WA","2096566970","147.978","Poland"
"4222","Vedant Fashions","MANYAVAR.NS","2095230151","8.62433","India"
"4223","Yamada Holdings","9831.T","2095044609","3.02612","Japan"
"4224","Amano Corporation","6436.T","2094203420","29.3892","Japan"
"4225","Migdal Insurance and Financial Holdings","MGDL.TA","2093725436","198.591","Israel"
"4226","Enlight Renewable Energy","ENLT","2092917376","17.15","Israel"
"4227","Trinity Industries","TRN","2091741184","25.63","United States"
"4228","Powell Industries","POWL","2091057024","173.27","United States"
"4229","Banque Cantonale de Genève","BCGE.SW","2089347303","292.921","Switzerland"
"4230","HBL Power Systems","HBLPOWER.NS","2089286679","7.53724","India"
"4231","National Storage REIT","NSR.AX","2087506418","1.50025","Australia"
"4232","Savola Group","2050.SR","2087499834","6.99907","Saudi Arabia"
"4233","Cogeco","CCA.TO","2087344419","49.5676","Canada"
"4234","Arriyadh Development Company","4150.SR","2086386417","8.91881","Saudi Arabia"
"4235","Chorus","CNU.NZ","2086193937","4.80815","New Zealand"
"4236","East India Distilleries Parry","EIDPARRY.NS","2085863688","11.733","India"
"4237","Hub Group","HUBG","2085371776","34.05","United States"
"4238","Companhia Siderúrgica Nacional","SID","2083751040","1.57","Brazil"
"4239","Indah Kiat Pulp &amp; Paper","INKP.JK","2083459919","0.38082","Indonesia"
"4240","Vericel","VCEL","2083193344","41.38","United States"
"4241","Atlas Energy Solutions","AESI","2081781632","12.55","United States"
"4242","TAV Airports Holding","TAVHL.IS","2080508590","5.727","Turkey"
"4243","Hochschild Mining","HOC.L","2080261646","377.644","United Kingdom"
"4244","TMC the metals company","TMC","2079174784","4.3","Canada"
"4245","GN Store Nord","GN.CO","2075938051","14.2565","Denmark"
"4246","Nishi-Nippon Financial Holdings","7189.T","2075728104","14.9004","Japan"
"4247","F&amp;F Co","383220.KS","2075289176","55.2191","South Korea"
"4248","IIFL Finance","IIFL.NS","2071769939","4.87636","India"
"4249","Koza Gold","KOZAL.IS","2071227498","0.646753","Turkey"
"4250","INFRONEER Holdings","5076.T","2069468326","8.33264","Japan"
"4251","Burjeel Holdings","BURJEEL.AE","2069297725","0.4","United Arab Emirates"
"4252","Dialog Group","7277.KL","2068626528","0.366604","Malaysia"
"4253","Central Garden &amp; Pet","CENT","2068002176","35.95","United States"
"4254","Anant Raj","ANANTRAJ.NS","2067812355","6.01766","India"
"4255","Electrical Industries Company (EIC)","1303.SR","2064524747","1.85575","Saudi Arabia"
"4256","Oxford Lane Capital","OXLC","2063250560","4.48","United States"
"4257","IGO Limited","IGO.AX","2061612411","2.72243","Australia"
"4258","Codan Limited","CDA.AX","2060624936","11.3489","Australia"
"4259","SeABank (Southeast Asia Commercial Joint Stock Bank)","SSB.VN","2059753495","0.723991","Vietnam"
"4260","The Vita Coco Company","COCO","2058294912","36.28","United States"
"4261","Five9","FIVN","2056292992","26.96","United States"
"4262","Alleima AB","ALLEI.ST","2056277489","8.21936","Sweden"
"4263","JBM Auto","JBMA.NS","2056264334","8.69478","India"
"4264","Elang Mahkota Teknologi","EMTK.JK","2055229783","0.0336109","Indonesia"
"4265","Pacific Premier Bancorp","PPBI","2055217536","21.17","United States"
"4266","Jahez International Company for Information Systems Technology","9526.SR","2054435248","10.0331","Saudi Arabia"
"4267","Nagase &amp; Co.","8012.T","2054261306","18.9394","Japan"
"4268","NewAmsterdam Pharma Company","NAMS","2052313984","18.28","Netherlands"
"4269","Addus HomeCare","ADUS","2052051584","111.53","United States"
"4270","Park Hotels &amp; Resorts","PK","2050891904","10.26","United States"
"4271","Central Puerto","CEPU","2049737472","13.64","Argentina"
"4272","DigitalBridge Group","DBRG","2049614464","10.87","United States"
"4273","SJM Holdings","0880.HK","2049532123","0.288593","Hong Kong"
"4274","Super Retail Group","SUL.AX","2048834842","9.07263","Australia"
"4275","Shangri-La","0069.HK","2048415819","0.575909","Hong Kong"
"4276","Veidekke","VEI.OL","2043912516","15.145","Norway"
"4277","OEM International","OEM-B.ST","2043672311","14.7403","Sweden"
"4278","Taiyo Yuden","6976.T","2043034395","16.3793","Japan"
"4279","Aktieselskabet Schouw & Co.","SCHO.CO","2041850628","89.0083","Denmark"
"4280","KRUK Spólka Akcyjna","KRU.WA","2041787155","105.267","Poland"
"4281","QuidelOrtho","QDEL","2040949760","30.18","United States"
"4282","O-I Glass","OI","2040268800","13.19","United States"
"4283","Saudi Kayan Petrochemical Company","2350.SR","2039728002","1.35982","Saudi Arabia"
"4284","Advanced Petrochemical","2330.SR","2038128181","7.83896","Saudi Arabia"
"4285","National Central Cooling Company","TABREED.AE","2037592981","0.716133","United Arab Emirates"
"4286","Indian Energy Exchange","IEX.NS","2036380992","2.29","India"
"4287","Asahi India Glass","ASAHIINDIA.NS","2035979116","8.3666","India"
"4288","New Hope Corporation","NHC.AX","2033513844","2.40557","Australia"
"4289","Capri Holdings","CPRI","2032768384","17.24","United Kingdom"
"4290","Haw Par","H02.SI","2032083967","9.17966","Singapore"
"4291","Kayne Anderson Capital Advisors","KYN","2031203328","12.01","United States"
"4292","Patria Investments","PAX","2029683072","12.84","Cayman Islands"
"4293","VIAVI Solutions","VIAV","2029224320","9.09","United States"
"4294","Bell Food Group","BELL.SW","2028774746","323.182","Switzerland"
"4295","El Al Israel Airlines","ELAL.TA","2028676359","378.414","Israel"
"4296","Qatar Aluminium Manufacturing Company","QAMC.QA","2028159015","0.363462","Qatar"
"4297","Mitsubishi Materials","5711.T","2023902813","15.4898","Japan"
"4298","Retal Urban Development Company","4322.SR","2020670353","4.04746","Saudi Arabia"
"4299","Huntsman Corporation","HUN","2020665984","11.63","United States"
"4300","KIOCL","KIOCL.NS","2020579703","3.32468","India"
"4301","Novocure","NVCR","2019011584","18.11","Jersey"
"4302","Elekta AB","EKTA-B.ST","2016874821","5.27863","Sweden"
"4303","Bavarian Nordic","BAVA.CO","2016758778","25.9189","Denmark"
"4304","FB Financial","FBK","2015996800","44.01","United States"
"4305","Vaisala","VAIAS.HE","2015605729","55.4988","Finland"
"4306","Perdoceo Education","PRDO","2013930496","30.73","United States"
"4307","Scorpio Tankers","STNG","2013103104","39.46","Monaco"
"4308","AvidXchange","AVDX","2008719488","9.73","United States"
"4309","NV Bekaert","BEKB.BR","2008095117","38.4179","Belgium"
"4310","CIE Automotive India","CIEINDIA.NS","2004917887","5.28497","India"
"4311","Icade","ICAD.PA","2004882842","26.1491","France"
"4312","Afry AB","AFRY.ST","2001820879","17.6758","Sweden"
"4313","SKAN Group","SKAN.SW","2000262922","88.9658","Switzerland"
"4314","Innergex Renewable Energy","INE.TO","1999451716","9.90917","Canada"
"4315","H&amp;R REIT","HR-UN.TO","1997697875","7.13489","Canada"
"4316","Aarti Industries","AARTIIND.NS","1997635639","5.51042","India"
"4317","Root Insurance","ROOT","1997515008","130","United States"
"4318","Jubilant Pharmova","JUBLPHARMA.NS","1997491548","12.6107","India"
"4319","Heineken Malaysia","3255.KL","1996361869","6.60833","Malaysia"
"4320","Lovisa Holdings","LOV.AX","1996082529","18.0289","Australia"
"4321","HelloFresh","HFG.DE","1993318243","12.2744","Germany"
"4322","NuVista Energy","NVA.TO","1992773471","9.9309","Canada"
"4323","ManpowerGroup","MAN","1991531648","43.03","United States"
"4324","Viva Energy","VEA.AX","1989199180","1.23189","Australia"
"4325","Robertet","CBE.PA","1989003636","851.322","France"
"4326","Aozora Bank","8304.T","1987600217","14.3632","Japan"
"4327","Triumph Group","TGI","1987299584","25.67","United States"
"4328","Albany International","AIN","1986418304","65.77","United States"
"4329","CenturyPly","CENTURYPLY.NS","1985746533","8.93784","India"
"4330","Denali Therapeutics","DNLI","1984470144","13.66","United States"
"4331","Exxaro Resources","EXX.JO","1981871600","8.12782","South Africa"
"4332","Yamama Saudi Cement Company","3020.SR","1981535834","9.78536","Saudi Arabia"
"4333","EMEIS","EMEIS.PA","1980933869","11.8602","France"
"4334","Paramount Resources","POU.TO","1979591661","13.8279","Canada"
"4335","Vault Minerals","VAU.AX","1979495280","0.290997","Australia"
"4336","Wesdome Gold Mines","WDO.TO","1979483738","13.176","Canada"
"4337","National Industries Group Holding","NIND.KW","1979483703","782.269","Kuwait"
"4338","Weis Markets","WMK","1971921664","73.31","United States"
"4339","Asset World Corp","AWC.BK","1967004712","0.0614439","Thailand"
"4340","Kymera Therapeutics","KYMR","1964658304","30.17","United States"
"4341","V-Guard Industries","VGUARD.NS","1964091012","4.50708","India"
"4342","Hill &amp; Smith PLC","HILS.L","1963745902","2440.24","United Kingdom"
"4343","CG Oncology","CGON","1963563648","25.76","United States"
"4344","Alef Education","ALEFEDT.AE","1963240300","0.28","United Arab Emirates"
"4345","Calibre Mining","CXB.TO","1961358981","2.28896","Canada"
"4346","The Shiga Bank","8366.T","1960908672","42.5526","Japan"
"4347","Arabian Drilling Company","2381.SR","1960111968","22.0237","Saudi Arabia"
"4348","Harmony Biosciences","HRMY","1959891456","34.13","United States"
"4349","African Rainbow Minerals","ARI.JO","1959057300","9.99249","South Africa"
"4350","The North West Company","NWC.TO","1956877767","40.984","Canada"
"4351","Thai Oil","TOP.BK","1955896938","0.875576","Thailand"
"4352","Ligand Pharmaceuticals","LGND","1954309504","101.29","United States"
"4353","BFF Bank","BFF.MI","1954237203","10.3961","Italy"
"4354","National Medical Care Company","4005.SR","1951799016","43.6742","Saudi Arabia"
"4355","First Busey","BUSE","1951787648","21.81","United States"
"4356","Blue Dart Express","BLUEDART.NS","1951507424","82.2453","India"
"4357","Tidewater","TDW","1949860992","39.41","United States"
"4358","Austevoll Seafood","AUSS.OL","1949300075","9.65842","Norway"
"4359","Abdullah Al-Othaim Markets Company","4001.SR","1948540126","2.16504","Saudi Arabia"
"4360","Beach Energy","BPT.AX","1947320341","0.85359","Australia"
"4361","Investis Holding","IREN.SW","1947283819","152.513","Switzerland"
"4362","Kumho Petrochemical","011780.KS","1947270042","79.6472","South Korea"
"4363","Dream Finders Homes","DFH","1946858752","20.81","United States"
"4364","Enterprise Financial Services Corp","EFSC","1946353280","52.7","United States"
"4365","Zeon Corporation","4205.T","1944659080","9.85686","Japan"
"4366","Hang Lung Group","0010.HK","1943904688","1.42764","Hong Kong"
"4367","Exclusive Networks","EXN.PA","1943750564","21.4407","France"
"4368","BB Biotech","BION.SW","1942952493","35.5258","Switzerland"
"4369","BLS International","BLS.NS","1942225799","4.71902","India"
"4370","Eutelsat","ETL.PA","1942210056","3.85881","France"
"4371","Systemair AB","SYSR.ST","1940774399","9.33065","Sweden"
"4372","JGC Holdings","1963.T","1940477818","8.02919","Japan"
"4373","TOMY Company","7867.T","1939327582","21.6321","Japan"
"4374","NextDecade Corp","NEXT","1938293760","7.43","United States"
"4375","Crombie Real Estate Investment Trust","CRR-UN.TO","1937248764","10.4742","Canada"
"4376","Interroll","INRN.SW","1932870185","2331.27","Switzerland"
"4377","Premier","PINC","1931462784","23.2","United States"
"4378","Winpak","WPK.TO","1929275814","31.2631","Canada"
"4379","GlobalData","DATA.L","1929013780","255.956","United Kingdom"
"4380","Bata India","BATAINDIA.NS","1927810011","14.979","India"
"4381","Amicus Therapeutics","FOLD","1927648128","6.26","United States"
"4382","Galapagos NV","GLPG","1926444032","28.78","Belgium"
"4383","Vishay Intertechnology","VSH","1926222336","14.21","United States"
"4384","BinDawood","4161.SR","1926079292","1.68511","Saudi Arabia"
"4385","Activia Properties","3279.T","1925671964","2431.08","Japan"
"4386","Trident","TRIDENT.NS","1924957826","0.378907","India"
"4387","Federal Agricultural Mortgage","AGM","1923054720","182.55","United States"
"4388","Afcons Infrastructure","AFCONS.NS","1923005197","5.22861","India"
"4389","Genus","GNS.L","1922011624","2770.49","United Kingdom"
"4390","GeneDx Holdings","WGS","1921140352","67.33","United States"
"4391","TODA corp","1860.T","1919748662","6.40591","Japan"
"4392","REV Group","REVG","1918700288","37.13","United States"
"4393","OneSpaWorld","OSW","1918380032","18.68","Bahamas"
"4394","Genesis Energy  L.P.","GEL","1917786240","15.66","United States"
"4395","Lionsgate Studios","LION","1914243584","6.7","United States"
"4396","Oceaneering International","OII","1910299008","18.99","United States"
"4397","MAG Silver","MAG","1909945344","18.46","Canada"
"4398","Hilltop Holdings","HTH","1907334016","29.73","United States"
"4399","DCM Shriram","DCMSHRIRAM.NS","1906768558","12.313","India"
"4400","NCR Atleos Corporation","NATL","1905404672","25.94","United States"
"4401","Metrovacesa","MVC.MC","1900873508","12.5411","Spain"
"4402","Safestore","SAFE.L","1900079329","844.232","United Kingdom"
"4403","Mitsui Mining &amp; Smelting","5706.T","1898736976","33.205","Japan"
"4404","Kalmar Oyj","KALMAR.HE","1898036908","34.752","Finland"
"4405","Axcelis Technologies","ACLS","1897246976","59.05","United States"
"4406","Storskogen Group","STOR-B.ST","1896551499","1.1244","Sweden"
"4407","Athabasca Oil Corporation","ATH.TO","1895245397","3.77389","Canada"
"4408","Rorze Corporation","6323.T","1895219065","10.7812","Japan"
"4409","Nickel Industries Limited","NIC.AX","1894361428","0.436495","Australia"
"4410","Kiniksa Pharmaceuticals","KNSA","1893597568","25.95","Bermuda"
"4411","AEON Financial Service","8570.T","1890720529","8.75816","Japan"
"4412","Morinaga Milk Industry","2264.T","1890698242","22.6366","Japan"
"4413","Arion banki","ARION.IC","1890428155","1.3606","Iceland"
"4414","Trupanion","TRUP","1890183936","44.18","United States"
"4415","Minera Valparaíso","MINERA.SN","1888551231","15.1084","Chile"
"4416","Sanoma","SANOMA.HE","1888374514","11.5991","Finland"
"4417","Quaker Houghton","KWR","1885116288","106.62","United States"
"4418","HCI Group","HCI","1883545344","163.11","United States"
"4419","Gav-Yam Lands","GVYM.TA","1883357349","854.844","Israel"
"4420","SSP Group","SSPG.L","1881556637","234.981","United Kingdom"
"4421","Boursa Kuwait Securities Company","BOURSA.KW","1881456897","9370.93","Kuwait"
"4422","Whirlpool India","WHIRLPOOL.NS","1881196429","14.8275","India"
"4423","Liberty Energy","LBRT","1880285824","11.61","United States"
"4424","American Eagle Outfitters","AEO","1879925248","10.85","United States"
"4425","Aluar Aluminio Argentino","ALUA.BA","1878996017","0.67107","Argentina"
"4426","Vicor","VICR","1878400640","41.55","United States"
"4427","Ninety One Group","N91.L","1877204281","212.037","South Africa"
"4428","SJW Group","SJW","1875273856","54.86","United States"
"4429","NCC","NCC-B.ST","1874145467","19.175","Sweden"
"4430","Schneider Electric Infrastructure","SCHNEIDER.NS","1874009792","7.83763","India"
"4431","Star Bulk Carriers","SBLK","1867912064","15.995","Greece"
"4432","Welspun India","WELSPUNIND.NS","1867418314","1.91","India"
"4433","ProSiebenSat.1 Media","PSM.F","1867128925","8.18295","Germany"
"4434","Universal Technical Institute","UTI","1865588608","34.29","United States"
"4435","Minerals Technologies","MTX","1864901376","58.77","United States"
"4436","Construcciones y Auxiliar de Ferrocarriles","CAF.MC","1863459766","54.4206","Spain"
"4437","Seera Holding Group","1810.SR","1863099947","6.74577","Saudi Arabia"
"4438","Gimv NV","GIMB.BR","1862547743","52.321","Belgium"
"4439","Select Medical Holdings","SEM","1862530048","14.49","United States"
"4440","Certara","CERT","1862446208","11.48","United States"
"4441","Kagome Co., Ltd.","2811.T","1861609305","20.2229","Japan"
"4442","RHI Magnesita","RHF.F","1861541437","38.5881","Austria"
"4443","Kajaria Ceramics","KAJARIACER.NS","1859008600","11.6719","India"
"4444","Maruichi Steel Tube","5463.T","1857493419","23.8713","Japan"
"4445","Clas Ohlson AB","CLAS-B.ST","1857325323","29.271","Sweden"
"4446","OCI","OCI.AS","1856579349","8.8015","Netherlands"
"4447","OFG Bancorp","OFG","1856258560","41.33","United States"
"4448","TeamViewer","TMV.DE","1854892875","11.8829","Germany"
"4449","Tutor Perini","TPC","1854073984","35.18","United States"
"4450","Nicolet Bankshares","NIC","1853384576","122.91","United States"
"4451","Métropole Télévision (Groupe M6)","MMT.PA","1853277585","14.7316","France"
"4452","Gestamp Automoción","GEST.MC","1852140098","3.25502","Spain"
"4453","Mabuchi Motor","6592.T","1851587146","14.8829","Japan"
"4454","eClerx Services","ECLERX.NS","1851486072","39.4148","India"
"4455","Emaar The Economic City","4220.SR","1850000774","3.53553","Saudi Arabia"
"4456","Enovis","ENOV","1849074688","32.37","United States"
"4457","Natco Pharma","NATCOPHARM.NS","1847756647","10.3163","India"
"4458","VietJet Aviation","VJC.VN","1846018862","3.40839","Vietnam"
"4459","IHS Towers","IHS","1844370048","5.5","United Kingdom"
"4460","Rai Way","RWAY.MI","1843710634","6.76427","Italy"
"4461","CSG International","CSGS","1842641024","63.59","United States"
"4462","SUNeVision","1686.HK","1842595755","0.781499","Hong Kong"
"4463","BKV Corporation","BKV","1841560576","21.74","United States"
"4464","Leejam Sports Company","1830.SR","1839770603","35.142","Saudi Arabia"
"4465","Tessenderlo Group","TESB.BR","1836219780","30.1328","Belgium"
"4466","Sarana Menara Nusantara","TOWR.JK","1836067634","0.0366944","Indonesia"
"4467","Northern Data AG","NB2.DE","1836065064","28.6006","Germany"
"4468","Meezan Bank","MEBL.PK","1833251653","1.02146","Pakistan"
"4469","Vitec Software Group","VIT-B.ST","1832649165","46.0871","Sweden"
"4470","Landis+Gyr","LAND.SW","1829044021","63.3049","Switzerland"
"4471","AutoStore Holdings","AUTO.OL","1828462259","0.544213","Norway"
"4472","Pathward Financial","CASH","1827934976","77.59","United States"
"4473","Borregaard","BRG.OL","1827823697","18.3283","Norway"
"4474","JYP Entertainment","035900.KQ","1827157331","55.146","South Korea"
"4475","AEON REIT Investment","3292.T","1826064237","868.491","Japan"
"4476","Victoria's Secret &amp; Co","VSCO","1824321152","22.85","United States"
"4477","Nongshim","004370.KS","1822822775","315.224","South Korea"
"4478","Steve Madden","SHOO","1820778880","25.07","United States"
"4479","BEML","BEML.NS","1820463896","43.6547","India"
"4480","STEF SA","STF.PA","1819830085","143.684","France"
"4481","Hawaiian Electric Industries","HE","1819811712","10.55","United States"
"4482","DHT Holdings","DHT","1819688576","11.33","Bermuda"
"4483","Fauji Fertilizer Company","FFC.PK","1819580291","1.2786","Pakistan"
"4484","Grenergy Renovables","GRE.MC","1818025504","64.4649","Spain"
"4485","Shikun &amp; Binui","SKBN.TA","1817596864","331.913","Israel"
"4486","Spin Master","TOY.TO","1815895299","17.8698","Canada"
"4487","EverCommerce","EVCM","1814457344","9.94","United States"
"4488","Wacker Neuson","WAC.F","1814049965","26.6712","Germany"
"4489","Kuwait Telecommunications Company","STC.KW","1813216584","1815.52","Kuwait"
"4490","Al-Dawaa Medical Services Company","4163.SR","1813091588","21.3305","Saudi Arabia"
"4491","Argan SA","ARG.PA","1812814854","70.0261","France"
"4492","Redefine Properties","RDF.JO","1812675300","0.259173","South Africa"
"4493","Carabao Group","CBG.BK","1812596078","1.8126","Thailand"
"4494","Adeka Corporation","4401.T","1812557427","17.8163","Japan"
"4495","ProKidney","PROK","1811823360","0.7369","United States"
"4496","Bravida Holding","BRAV.ST","1809106245","8.84839","Sweden"
"4497","Tarsus Pharmaceuticals","TARS","1805350272","42.97","United States"
"4498","Pitney Bowes","PBI","1805279744","9.96","United States"
"4499","Action Construction Equipment","ACE.NS","1805010232","15.168","India"
"4500","Bank of N. T. Butterfield & Son","NTB","1801013504","42.06","Bermuda"
"4501","UFP Technologies","UFPT","1800929664","233.68","United States"
"4502","CEAT","CEATLTD.NS","1798753163","44.4685","India"
"4503","Region Group","RGN.AX","1797197442","1.53258","Australia"
"4504","Hino Motors","7205.T","1797194170","3.13076","Japan"
"4505","International Seaways","INSW","1795910528","36.4","United States"
"4506","CMB.TECH","CMBT","1795401088","8.71","Belgium"
"4507","Pfeiffer Vacuum","PFV.F","1794108346","180.91","Germany"
"4508","Supernus Pharmaceuticals","SUPN","1793906816","32.04","United States"
"4509","Fidelis Insurance","FIHL","1792808832","16.43","Bermuda"
"4510","Wacoal Holdings","3591.T","1790655634","34.6629","Japan"
"4511","Progyny","PGNY","1790648960","20.89","United States"
"4512","Jasa Marga","JSMR.JK","1790408826","0.246685","Indonesia"
"4513","Savills","SVS.L","1789523305","1276.81","United Kingdom"
"4514","National Company for Learning and Education","4291.SR","1788561457","41.5945","Saudi Arabia"
"4515","Primary Health Properties","PHP.L","1788468084","132.675","United Kingdom"
"4516","WH Smith","SMWH.L","1787955331","1388.83","United Kingdom"
"4517","LeMaitre Vascular","LMAT","1787668992","79.12","United States"
"4518","Y.H. Dimri Construction &amp; Development","DIMRI.TA","1787571876","8626.4","Israel"
"4519","Great Portland Estates","GPE.L","1785365996","442.695","United Kingdom"
"4520","Hanesbrands","HBI","1782345600","5.04","United States"
"4521","United Natural Foods","UNFI","1781224320","29.43","United States"
"4522","Travis Perkins","TPK.L","1781178626","838.833","United Kingdom"
"4523","Domain Holdings Australia","DHG.AX","1780914960","2.81943","Australia"
"4524","Fortuna Mining","FSM","1780368000","5.8","Canada"
"4525","Hut 8 Mining","HUT","1780077568","17.08","Canada"
"4526","AVI Limited","AVI.JO","1779617700","5.35949","South Africa"
"4527","SSI Securities Corporation","SSI.VN","1778325466","0.906444","Vietnam"
"4528","Türkiye Kalkınma","KLNMA.IS","1778315381","0.177832","Turkey"
"4529","Standex","SXI","1778267392","147.31","United States"
"4530","Electrolux","ELUX-A.ST","1773312203","8.07258","Sweden"
"4531","Arçelik","ARCLK.IS","1772706717","2.92115","Turkey"
"4532","Bossard Holding","BOSN.SW","1772602769","229.98","Switzerland"
"4533","Altus Group","AIF.TO","1769457633","39.8105","Canada"
"4534","Diebold Nixdorf","DBD","1766681472","47.41","United States"
"4535","Tata Teleservices","TTML.NS","1766111362","0.900829","India"
"4536","Elgi Equipments","ELGIEQUIP.NS","1765968041","5.59378","India"
"4537","Fagron","FAGR.BR","1764917635","24.0608","Belgium"
"4538","Discovery Silver Corp.","DSV.TO","1764725525","2.20204","Canada"
"4539","Huber+Suhner","HUBN.SW","1764571783","95.6231","Switzerland"
"4540","Forvia SE","FRVIA.PA","1764351797","9.17943","France"
"4541","United Electronics Company (eXtra Saudi)","4003.SR","1763861911","23.0636","Saudi Arabia"
"4542","OPmobility","OPM.PA","1763380502","12.178","France"
"4543","Nippon Shokubai","4114.T","1760229023","11.6217","Japan"
"4544","National Mobile Telecommunications Company","OOREDOO.KW","1756027119","3503.91","Kuwait"
"4545","Goodman Property Trust","GMT.NZ","1755720877","1.14097","New Zealand"
"4546","Fuji Oil Holdings","2607.T","1755142453","20.4148","Japan"
"4547","Horace Mann Educators","HMN","1755132544","43.04","United States"
"4548","Electricity Generating Public Company","EGCO.BK","1754883373","3.33333","Thailand"
"4549","Gibraltar Industries","ROCK","1754678784","59.5","United States"
"4550","Ratch Group","RATCH.BK","1754032336","0.806452","Thailand"
"4551","Jeudan","JDAN.CO","1752819702","31.6474","Denmark"
"4552","Madison Square Garden","MSGE","1751270400","36.9","United States"
"4553","Saudi Chemical Holding Company","2230.SR","1749125785","2.07439","Saudi Arabia"
"4554","ePlus","PLUS","1748431360","65.69","United States"
"4555","Mori Hills REIT Investment","3234.T","1747198010","911.742","Japan"
"4556","Jetblue Airways","JBLU","1746896128","4.93","United States"
"4557","NexPoint Residential Trust","NXRT","1746542592","34.02","United States"
"4558","Phoenix Group","PHX.AE","1745882353","0.29","United Arab Emirates"
"4559","Westgold Resources Limited","WGX.AX","1744229921","1.84944","Australia"
"4560","Hangzhou Shunwang Technology","300113.SZ","1743897668","2.55118","China"
"4561","Qatar Insurance Company","QATI.QA","1743415420","0.533791","Qatar"
"4562","Ourpalm","300315.SZ","1742484516","0.640579","China"
"4563","Perimeter Solutions","PRM","1741724800","11.79","United States"
"4564","PCBL Limited","PCBL.NS","1741360876","4.61099","India"
"4565","La-Z-Boy","LZB","1740735744","42.16","United States"
"4566","Prodea Real Estate Investment Company","PRODEA.AT","1739836550","6.80967","Greece"
"4567","Money Forward","3994.T","1739410719","31.475","Japan"
"4568","LOTTE Chemical","011170.KS","1739383535","41.2498","South Korea"
"4569","Finolex Cables","FINCABLES.NS","1737412718","11.3602","India"
"4570","QNB Finans Finansal Kiralama (QNB Finansleasing)","QNBFK.IS","1737316757","0.868658","Turkey"
"4571","Believe S.A.","BLV.PA","1737261151","17.2512","France"
"4572","CONMED","CNMD","1734490880","56.06","United States"
"4573","Beam Therapeutics","BEAM","1733602688","17.24","United States"
"4574","HomeCo Daily Needs REIT","HDN.AX","1732625071","0.82449","Australia"
"4575","Hotel Properties Limited","H15.SI","1732513682","3.29846","Singapore"
"4576","LegalZoom","LZ","1732119168","9.56","United States"
"4577","Íslandsbanki","ISB.IC","1731357622","0.924105","Iceland"
"4578","Terveystalo","TTALO.HE","1730707307","13.6647","Finland"
"4579","Dürr","DUE.F","1727892498","24.9688","Germany"
"4580","Rasan Information Technology Company","8313.SR","1727659053","22.2904","Saudi Arabia"
"4581","Alony Hetz","ALHE.TA","1727425100","803.33","Israel"
"4582","Bank Jago","ARTO.JK","1726785515","0.124576","Indonesia"
"4583","Kerry Logistics Network","0636.HK","1726395534","0.955166","Hong Kong"
"4584","Abu Dhabi National Hotels","ADNH.AE","1725745405","0.14","United Arab Emirates"
"4585","Cyient","CYIENT.NS","1723745854","15.6471","India"
"4586","(DIA) Distribuidora Internacional de Alimentación","DIA.MC","1722988519","29.6788","Spain"
"4587","SHO-BOND Holdings","1414.T","1722813108","33.7351","Japan"
"4588","Kenon Holdings","KEN","1721999616","33.02","Singapore"
"4589","City Holding Company","CHCO","1720665728","118.81","United States"
"4590","Sunstone Hotel Investors","SHO","1720130304","8.65","United States"
"4591","Ariston Holding","ARIS.MI","1719680654","5.16627","Italy"
"4592","Alpha Group International","ALPH.L","1718654692","4062.57","United Kingdom"
"4593","Tuas Limited","TUA.AX","1718504769","3.67302","Australia"
"4594","Solaris Energy Infrastructure","SEI","1717611008","25.43","United States"
"4595","NCC Limited","NCC.NS","1715989204","2.73313","India"
"4596","Viohalco","VIO.BR","1714989935","6.61673","Belgium"
"4597","Playtika","PLTK","1714741760","4.57","Israel"
"4598","Pharma Mar","PHM.MC","1714447777","99.3077","Spain"
"4599","Arbor Realty Trust","ABR","1714067200","8.92","United States"
"4600","Agios Pharmaceuticals","AGIO","1713710720","29.59","United States"
"4601","Proeduca Altus","PRO.MC","1711819208","37.9072","Spain"
"4602","Wilh. Wilhelmsen Holding","WWI.OL","1711162650","40.8777","Norway"
"4603","Afya","AFYA","1708800384","18.905","Brazil"
"4604","Russel Metals","RUS.TO","1708101189","30.2201","Canada"
"4605","City Union Bank","CUB.NS","1707086947","2.30374","India"
"4606","First Bancorp","FBNC","1706512256","41.2","United States"
"4607","Global Net Lease","GNL","1706359936","7.56","United States"
"4608","PHINIA","PHIN","1705627008","42.85","United States"
"4609","Gamma Communications","GAMA.L","1705319998","1594.67","United Kingdom"
"4610","NextNav","NN","1703949312","12.87","United States"
"4611","Qt Group","QTCOM.HE","1703120990","67.0752","Finland"
"4612","Kulicke and Soffa Industries","KLIC","1702337536","32.26","Singapore"
"4613","Deutsche EuroShop","DEQ.F","1702110180","22.4719","Germany"
"4614","Arabian Contracting Services Company","4071.SR","1701106587","30.9292","Saudi Arabia"
"4615","Quantum Computing","QUBT","1700711296","12.07","United States"
"4616","goeasy","GSY.TO","1699695435","105.777","Canada"
"4617","Bytes Technology","BYIT.L","1699440958","672.686","United Kingdom"
"4618","TKH Group","TWEKA.AS","1699156781","42.1973","Netherlands"
"4619","PC Connection","CNXN","1698818688","66.89","United States"
"4620","Hornbach Holding","HBH.DE","1698716168","106.231","Germany"
"4621","Stewart Information Services","STC","1698057856","60.82","United States"
"4622","Sanofi India Limited","SANOFI.NS","1697021385","73.6855","India"
"4623","Nankai Electric Railway","9044.T","1696998982","14.9876","Japan"
"4624","Gogo Inflight Internet","GOGO","1694301952","12.81","United States"
"4625","Vietnam National Petroleum Group","PLX.VN","1694284379","1.33346","Vietnam"
"4626","The National Agricultural Development Company","6010.SR","1693784325","5.61525","Saudi Arabia"
"4627","MM Group (Mayr-Melnhof AG)","MYM.F","1693308237","84.0994","Austria"
"4628","Xometry","XMTR","1692601856","33.4","United States"
"4629","Al Salam Bank","SALAM.BH","1692397188","1.32626","Bahrain"
"4630","BioArctic AB","BIOA-B.ST","1690109291","19.0911","Sweden"
"4631","Constellium","CSTM","1689290752","11.82","France"
"4632","Lindab International","LIAB.ST","1687956290","21.9113","Sweden"
"4633","Worldline","WLN.PA","1687305123","5.62025","France"
"4634","Twist Bioscience","TWST","1687237376","28.16","United States"
"4635","Hysan Development","0014.HK","1686525293","1.64217","Hong Kong"
"4636","Centessa Pharmaceuticals","CNTA","1686271744","12.62","United Kingdom"
"4637","Lucky Cement","LUCK.PK","1686087887","1.15091","Pakistan"
"4638","Vtech","0303.HK","1686043179","6.66573","Hong Kong"
"4639","Recursion Pharmaceuticals","RXRX","1684921856","4.145","United States"
"4640","Per Aarsleff Holding A/S B","PAAL-B.CO","1682826483","89.6169","Denmark"
"4641","Neuland Laboratories","NEULANDLAB.NS","1681298778","130.991","India"
"4642","Applied Blockchain","APLD","1680890624","7.48","United States"
"4643","Saudi Cement Company","3030.SR","1680735936","10.9852","Saudi Arabia"
"4644","TORM","TRMD","1677734912","16.78","United Kingdom"
"4645","Meliá Hotels International","MEL.MC","1675893206","7.61548","Spain"
"4646","Cadeler A/S","CDLR","1672897024","18.92","Denmark"
"4647","Prosegur","PSG.MC","1670846569","3.13812","Spain"
"4648","Basic-Fit","BFIT.AS","1670411912","25.3093","Netherlands"
"4649","Global Partners LP","GLP","1669801600","49.25","United States"
"4650","Abu Dhabi Aviation","ADAVIATION.AE","1669446004","1.52","United Arab Emirates"
"4651","Clover Health Investments","CLOV","1669247744","3.28","United States"
"4652","IndiaMART","INDIAMART.NS","1668483760","27.8057","India"
"4653","Helios Towers","HTWS.L","1667694311","158.724","United Kingdom"
"4654","Bausch Health","BHC","1666021504","4.5","Canada"
"4655","Höegh Autoliners","HAUTO.OL","1665225471","8.72915","Norway"
"4656","Disc Medicine","IRON","1663831808","48.04","United States"
"4657","Energix Renewable Energies","ENRG.TA","1661354674","301.841","Israel"
"4658","BWP Trust","BWP.AX","1661035094","2.32151","Australia"
"4659","NETSCOUT","NTCT","1660532224","23.28","United States"
"4660","Enerjisa Enerji","ENJSA.IS","1658461801","1.4042","Turkey"
"4661","Aavas Financiers","AAVAS.NS","1658218126","20.945","India"
"4662","Fine Organics","FINEORG.NS","1657129079","54.0486","India"
"4663","Pearl Abyss","263750.KQ","1655333837","26.9513","South Korea"
"4664","Volution Group","FAN.L","1653540732","835.459","United Kingdom"
"4665","Playa Hotels &amp; Resorts","PLYA","1653294720","13.44","United States"
"4666","CASIO","6952.T","1652860292","7.24789","Japan"
"4667","Outokumpu","OUT1V.HE","1652431479","3.89513","Finland"
"4668","Semapa","SEM.LS","1651547057","20.6333","Portugal"
"4669","Gulf International Services","GISS.QA","1648062453","0.886813","Qatar"
"4670","Centuri Holdings","CTRI","1647984896","18.59","United States"
"4671","AQ Group","AQ.ST","1647498539","18.0113","Sweden"
"4672","Energizer Holdings","ENR","1647437440","22.82","United States"
"4673","Peabody Energy","BTU","1646017152","13.54","United States"
"4674","NP3 Fastigheter AB","NP3.ST","1645801473","26.7339","Sweden"
"4675","Bayanat AI","BAYANAT.AE","1645434212","0.64","United Arab Emirates"
"4676","PureCycle Technologies","PCT","1642973952","9.15","United States"
"4677","ARB Corporation Limited","ARB.AX","1642387310","19.749","Australia"
"4678","Eramet","ERA.PA","1641453637","56.804","France"
"4679","Sterling Check","STER","1640344320","16.74","United States"
"4680","KSB ltd","KSB.NS","1639828209","9.42219","India"
"4681","First National Financial","FN.TO","1639770919","27.3444","Canada"
"4682","Burkhalter Holding","BRKN.SW","1639450605","154.45","Switzerland"
"4683","Biotest","BIO.F","1639264665","48.1217","Germany"
"4684","TripAdvisor","TRIP","1637936000","13.87","United States"
"4685","Hanmi Pharmaceutical","008930.KS","1636780834","24.1721","South Korea"
"4686","Orora Limited","ORA.AX","1636164153","1.26422","Australia"
"4687","Karooooo","KARO","1636109184","52.96","Singapore"
"4688","IDEAYA Biosciences","IDYA","1636031744","18.68","United States"
"4689","Omantel (Oman Telecom)","OTEL.OM","1634840218","2.17979","Oman"
"4690","CIMC Enric","3899.HK","1634310198","0.805762","China"
"4691","Veris Residential","VRE","1632985984","14.77","United States"
"4692","Pakistan Petroleum","PPL.PK","1631904922","0.599752","Pakistan"
"4693","Coats Group","COA.L","1631792083","102.442","United Kingdom"
"4694","Beijing Airport","0694.HK","1631432678","0.356272","China"
"4695","Lisi S.A.","FII.PA","1631347289","35.8075","France"
"4696","NW Natural","NWN","1630531456","40.45","United States"
"4697","Despegar","DESP","1630469120","19.5","Argentina"
"4698","Atea ASA","ATEA.OL","1630343471","14.631","Norway"
"4699","Arcutis Biotherapeutics","ARQT","1628299264","13.66","United States"
"4700","VNET Group","VNET","1627607296","6.05","China"
"4701","iQIYI","IQ","1627400704","1.69","China"
"4702","Saras S.p.A.","SRS.MI","1627273488","1.71112","Italy"
"4703","First Commonwealth Financial Corp","FCF","1626554496","15.5","United States"
"4704","Montea Comm","MONT.BR","1624486047","69.3451","Belgium"
"4705","AtriCure","ATRC","1624255872","32.81","United States"
"4706","Chemours","CC","1623963008","10.85","United States"
"4707","Bombay Burmah","BBTC.NS","1623008282","23.2616","India"
"4708","Nippon Shinyaku","4516.T","1622988569","24.0876","Japan"
"4709","Kennametal","KMT","1622251008","21.28","United States"
"4710","Bakkavor Group","BAKK.L","1621823455","281.964","United Kingdom"
"4711","Izumi Co., Ltd.","8273.T","1621166182","22.9645","Japan"
"4712","Fresh Del Monte Produce","FDP","1620924928","33.82","Cayman Islands"
"4713","Técnicas Reunidas","TRE.MC","1620615104","20.7468","Spain"
"4714","OQ Gas Network Company","OQGN.OM","1620186658","0.374123","Oman"
"4715","ICF International","ICFI","1620176768","88","United States"
"4716","Nationwide Building Society","NBS.L","1619073453","177.484","United Kingdom"
"4717","Fluxys Belgium","FLUX.BR","1618592904","23.3799","Belgium"
"4718","Customers Bancorp","CUBI","1616663552","51.18","United States"
"4719","New Wave Group","NEWA-B.ST","1616427467","12.1823","Sweden"
"4720","Dom Development","DOM.WA","1615931654","62.6369","Poland"
"4721","Werner Enterprises","WERN","1615429632","26.16","United States"
"4722","Makino Milling Machine","6135.T","1615220936","69.0608","Japan"
"4723","KSB SE &amp; Co. KGaA","KSB.DE","1614425895","942.004","Germany"
"4724","National Industrialization Company (Saudi Arabia)","2060.SR","1614097303","2.41301","Saudi Arabia"
"4725","Mach Natural Resources LP","MNR","1612919680","13.63","United States"
"4726","Amplitude","AMPL","1611243648","12.31","United States"
"4727","CGN Mining Company","1164.HK","1611156534","0.211975","Hong Kong"
"4728","Coronado Global Resources","CRN.AX","1610389835","0.0711325","Australia"
"4729","Nolato AB","NOLA-B.ST","1609745057","5.97581","Sweden"
"4730","Zip Co","ZIP.AX","1608337411","1.23189","Australia"
"4731","Al Hammadi Holding Company","4007.SR","1608318891","10.052","Saudi Arabia"
"4732","Summerset Holdings","SUM.NZ","1606302383","6.66706","New Zealand"
"4733","Nine Entertainment Co. Holdings","NEC.AX","1604823062","1.01202","Australia"
"4734","edenor","EDN","1601169792","35.92","Argentina"
"4735","LTC Properties","LTC","1600681344","34.85","United States"
"4736","Eurocommercial Properties","ECMPA.AS","1599003282","29.1681","Netherlands"
"4737","Materion","MTRN","1597289344","76.74","United States"
"4738","Kontron AG","KTN.F","1596815036","25.8767","Austria"
"4739","Opera","OPRA","1596695936","17.84","Norway"
"4740","Killam Apartment REIT","KMP-UN.TO","1596685170","12.8863","Canada"
"4741","Aixtron","AIXA.F","1596538291","14.1698","Germany"
"4742","AF Gruppen","AFG.OL","1593806858","14.5914","Norway"
"4743","Mitsubishi Logisnext","7105.T","1593515154","14.9422","Japan"
"4744","Tamarack Valley Energy","TVE.TO","1592432040","3.15094","Canada"
"4745","Dis-Chem Pharmacies","DCP.JO","1591337400","1.84632","South Africa"
"4746","Century Communities","CCS","1589344768","52.03","United States"
"4747","Optima bank","OPTIMA.AT","1589186608","21.5413","Greece"
"4748","EVT Limited","EVT.AX","1589056418","9.77748","Australia"
"4749","Vossloh AG","VOS.DE","1587574078","82.17","Germany"
"4750","Centrus Energy","LEU","1587365248","93.17","United States"
"4751","International Petroleum","IPCO.TO","1587169218","13.9438","Canada"
"4752","Pets at Home","PETS.L","1585564303","349.3","United Kingdom"
"4753","Trainline","TRN.L","1584724342","375.754","United Kingdom"
"4754","Intershop Holding","ISN.SW","1584299642","171.88","Switzerland"
"4755","Force Motors","FORCEMOT.NS","1583875866","120.206","India"
"4756","Dar Global","DAR.L","1579692928","8.775","United Kingdom"
"4757","Aica Kogyo Company","4206.T","1578477515","25.1479","Japan"
"4758","Graubündner Kantonalbank","GRKP.SW","1577491856","2130.34","Switzerland"
"4759","Biohaven","BHVN","1575603584","15.43","United States"
"4760","Ubisoft","UBI.PA","1575130432","11.4175","France"
"4761","tuya","TUYA","1574959744","2.51","China"
"4762","Mixi","2121.T","1574107443","23.2295","Japan"
"4763","Arcos Dorados Holdings","ARCO","1573652608","7.47","Uruguay"
"4764","TeraWulf","WULF","1572948608","4.09","United States"
"4765","Getty Realty","GTY","1572332288","28.36","United States"
"4766","National Healthcare","NHC","1571698816","101.59","United States"
"4767","TGS ASA","TGS.OL","1571549919","8.00749","Norway"
"4768","MITSUI E&amp;S","7003.T","1569425125","15.5561","Japan"
"4769","Osotspa","OSP.BK","1568778744","0.522273","Thailand"
"4770","Champion REIT","2778.HK","1568141892","0.256669","Hong Kong"
"4771","Gasco (National Gas and Industrialization Company)","2080.SR","1567790961","20.9039","Saudi Arabia"
"4772","Immunocore","IMCR","1567790592","31.21","United Kingdom"
"4773","Mahanagar Gas","MGL.NS","1564374296","15.8373","India"
"4774","Northwest Bank","NWBI","1563684480","12.24","United States"
"4775","Hays plc","HAS.L","1560499861","94.141","United Kingdom"
"4776","Sweetgreen","SG","1560463360","13.26","United States"
"4777","UP Fintech (Tiger Brokers)","TIGR","1559554816","8.86","China"
"4778","Perella Weinberg Partners","PWP","1559541760","17.64","United States"
"4779","Top Glove","BVA.SI","1559345001","0.194484","Malaysia"
"4780","One Software Technologies","ONE.TA","1559282862","2178.32","Israel"
"4781","Hartalega","5168.KL","1558086963","0.456481","Malaysia"
"4782","Schrödinger","SDGR","1557057664","21.22","United States"
"4783","Loma Negra","LOMA","1556738048","13.34","Argentina"
"4784","Innovative Industrial","IIPR","1555742080","55.54","United States"
"4785","Godawari Power &amp; Ispat","GPIL.NS","1555195305","2.4046","India"
"4786","Sapiens","SPNS","1553664128","27.8","Israel"
"4787","Danaos","DAC","1553360256","83.63","Greece"
"4788","Helmerich &amp; Payne","HP","1552887296","15.62","United States"
"4789","Diamondrock Hospitality Company","DRH","1551696128","7.48","United States"
"4790","Clariane","CLARI.PA","1549773038","4.25377","France"
"4791","Dah Sing Banking Group","2356.HK","1549159494","1.10202","Hong Kong"
"4792","Eximbank (Vietnam Export Import Commercial Joint Stock Bank)","EIB.VN","1547445964","0.830745","Vietnam"
"4793","RITES","RITES.NS","1543907763","3.21243","India"
"4794","Formula Systems","FORTY","1542589696","98.02","Israel"
"4795","Eckert &amp; Ziegler","EUZ.F","1541528508","73.7147","Germany"
"4796","Craftsman Automation","CRAFTSMAN.NS","1541416574","64.5528","India"
"4797","Aker Solutions ASA","AKSO.OL","1540953106","3.19706","Norway"
"4798","DNOW Inc.","DNOW","1540237184","14.59","United States"
"4799","IDT Corporation","IDT","1539928960","61.07","United States"
"4800","MIRAIT ONE Corporation","1417.T","1536982287","17.1327","Japan"
"4801","World Kinect","WKC","1535732480","27.12","United States"
"4802","Hipgnosis Songs Fund","SONG.L","1535181461","126.957","United Kingdom"
"4803","Savers Value Village","SVV","1534769792","9.89","United States"
"4804","Sunrun","RUN","1533141120","6.71","United States"
"4805","Ceconomy","CEC.DE","1530943484","3.15515","Germany"
"4806","Prospect Capital","PSEC","1530703744","3.39","United States"
"4807","Vital Farms","VITL","1529926016","34.34","United States"
"4808","Wüstenrot &amp; Württembergische","WUW.F","1528258985","16.2751","Germany"
"4809","Genesis Energy","GNE.NZ","1527910315","1.38823","New Zealand"
"4810","SigmaRoc plc","SRC.L","1527805277","140.767","United Kingdom"
"4811","Tejas Networks","TEJASNET.NS","1525341531","8.70594","India"
"4812","Nayax","NYAX","1523931904","40.825","Israel"
"4813","Xior Student Housing","XIOR.BR","1523718770","32.9702","Belgium"
"4814","Andlauer Healthcare Group","AND.TO","1522224335","38.8471","Canada"
"4815","PACS Group","PACS","1520744448","9.8","United States"
"4816","North Pacific Bank","8524.T","1520280098","4.02506","Japan"
"4817","BrightView","BV","1520034944","15.95","United States"
"4818","Hamburger Hafen","HHFA.F","1519679746","20.3155","Germany"
"4819","Allied Properties REIT","AP-UN.TO","1519602845","10.8726","Canada"
"4820","BlueNord ASA","BNOR.OL","1519365604","57.3376","Norway"
"4821","Lakeland Financial Corp","LKFN","1518590976","59.42","United States"
"4822","Finolex Industries","FINPIPE.NS","1517071330","2.45356","India"
"4823","New World Development Company","0017.HK","1516817800","0.602725","Hong Kong"
"4824","Sparebanken Vest","SVEG.OL","1515187012","13.8164","Norway"
"4825","iFAST Corporation","AIY.SI","1514614256","5.04882","Singapore"
"4826","Saudi Reinsurance Company","8200.SR","1513310230","13.0649","Saudi Arabia"
"4827","PeptiDream","4587.T","1513098326","11.6741","Japan"
"4828","Qassim Cement Company","3040.SR","1513036653","13.7848","Saudi Arabia"
"4829","Ryman Healthcare","RYM.NZ","1512914090","1.48951","New Zealand"
"4830","Bank Danamon","BDMN.JK","1512896058","0.154795","Indonesia"
"4831","Donnelley Financial Solutions","DFIN","1510736768","54.66","United States"
"4832","Ingenia Communities Group","INA.AX","1510240249","3.70536","Australia"
"4833","Intercos","ICOS.MI","1509276168","15.6622","Italy"
"4834","Ingersoll Rand India","INGERRAND.NS","1508974557","47.8008","India"
"4835","Monarch Casino &amp; Resort","MCRI","1508889472","81.71","United States"
"4836","Oxford Instruments","OXIG.L","1508505508","2518.52","United Kingdom"
"4837","freee K.K.","4478.T","1508316917","25.6013","Japan"
"4838","Spirent","SPT.L","1507586077","260.49","United Kingdom"
"4839","Pigeon","7956.T","1507459383","12.6053","Japan"
"4840","Ingevity","NGVT","1506365056","41.31","United States"
"4841","NCR Voyix Corporation","VYX","1505629440","10.93","United States"
"4842","WK Kellogg","KLG","1505284224","17.45","United States"
"4843","Brookdale Senior Living","BKD","1504514176","6.42","United States"
"4844","Industrie De Nora","DNR.MI","1503652943","7.40552","Italy"
"4845","Allied Gold Corporation","AAUC.TO","1501847474","13.0166","Canada"
"4846","Alpha Metallurgical Resources","AMR","1501843584","115.06","United States"
"4847","Faes Farma","FAE.MC","1501314484","4.82352","Spain"
"4848","RBL Bank","RBLBANK.NS","1500691562","2.46519","India"
"4849","IDP Education","IEL.AX","1499304035","5.38667","Australia"
"4850","Lotus Technology","LOT","1498919168","2.21","China"
"4851","Fila","081660.KS","1497869518","26.0005","South Korea"
"4852","YOOZOO Interactive","002174.SZ","1497413125","1.63487","China"
"4853","TaskUs","TASK","1496305408","16.85","United States"
"4854","China Lesso Group","2128.HK","1494277142","0.485245","China"
"4855","Montana Aerospace","AERO.SW","1493567077","24.0873","Switzerland"
"4856","Teekay Tankers","TNK","1493473280","43.3","Canada"
"4857","Janux Therapeutics","JANX","1491806720","25.21","United States"
"4858","Hypoport","HYQ.F","1490887954","222.903","Germany"
"4859","Com7 Public Company","COM7.BK","1490414900","0.632873","Thailand"
"4860","Regis Healthcare","REG.AX","1490261155","4.94694","Australia"
"4861","Aamal Company","AHCS.QA","1490192316","0.236538","Qatar"
"4862","Diginex","DGNX","1489768320","64.79","Hong Kong"
"4863","Lindsay Corporation","LNN","1489442816","137.08","United States"
"4864","Keller Group","KLR.L","1489377636","2127.11","United Kingdom"
"4865","Paladin Energy","PDN.AX","1488608522","3.73122","Australia"
"4866","Kuwait Projects Company Holding","KPROJ.KW","1487635463","298.24","Kuwait"
"4867","Middle East Healthcare Company","4009.SR","1487168128","16.1578","Saudi Arabia"
"4868","secunet","YSN.F","1487029213","224.719","Germany"
"4869","Asiana Airlines","020560.KS","1486989607","7.21871","South Korea"
"4870","1st Source","SRCE","1486792320","60.53","United States"
"4871","Banco Latinoamericano de Comercio Exterior","BLX","1486716160","40.41","Panama"
"4872","Enovix","ENVX","1486110976","7.74","United States"
"4873","Stolt-Nielsen Limited","0OHK.L","1486049134","24.7145","United Kingdom"
"4874","National Vision Holdings","EYE","1481466240","18.74","United States"
"4875","Air Transport Services Group","ATSG","1481218432","22.48","United States"
"4876","Rapid7","RPD","1478146304","23.01","United States"
"4877","American Assets Trust","AAT","1476741376","19.1","United States"
"4878","Global Blue Group","GB","1475308416","7.4","Switzerland"
"4879","Granules India","GRANULES.NS","1475068357","6.08165","India"
"4880","Domino's Pizza Enterprises (Australia)","DMP.AX","1473149460","15.5974","Australia"
"4881","Olo","OLO","1471342464","8.8","United States"
"4882","Champion Iron","CIA.AX","1471228148","2.83883","Australia"
"4883","V2X","VVX","1471111296","46.43","United States"
"4884","Spinneys","SPINNEYS.AE","1470388019","0.408441","United Arab Emirates"
"4885","WHA Corporation","WHA.BK","1469424253","0.0983103","Thailand"
"4886","Budget Saudi (United International Transportation Company)","4260.SR","1469338160","18.7975","Saudi Arabia"
"4887","Winmark","WINA","1469316096","416","United States"
"4888","N-Able","NABL","1467105664","7.76","United States"
"4889","Citizen Watch","7762.T","1466425781","6.01317","Japan"
"4890","Insignia Financial (IOOF)","IFL.AX","1466011006","2.18571","Australia"
"4891","Freehold Royalties","FRU.TO","1465561615","8.93853","Canada"
"4892","OC Oerlikon","OERL.SW","1463559524","4.49792","Switzerland"
"4893","Tianyu Digital Technology (Dalian)","002354.SZ","1463117467","0.884278","China"
"4894","KCC Corp","002380.KS","1463002591","198.935","South Korea"
"4895","Braskem","BAK","1462579712","3.56","Brazil"
"4896","PagerDuty","PD","1460995456","16.04","United States"
"4897","Golden Ocean Group","GOGL","1460944896","7.17","Bermuda"
"4898","engcon AB","ENGCON-B.ST","1460837323","9.62419","Sweden"
"4899","Limbach Holdings","LMB","1460282240","125.62","United States"
"4900","Pet Valu","PET.TO","1459518391","21.3974","Canada"
"4901","Zydus Wellness","ZYDUSWELL.NS","1459116629","22.9305","India"
"4902","Semrush","SEMR","1458120832","9.84","United States"
"4903","Hillman Solutions","HLMN","1457616384","7.38","United States"
"4904","Spectrum Brands","SPB","1457148032","58.52","United States"
"4905","Pick n Pay Stores","PIK.JO","1456943200","1.6313","South Africa"
"4906","NV5 Global","NVEE","1456328576","22.16","United States"
"4907","Fever-Tree Drinks","FEVR.L","1454804627","1186.75","United Kingdom"
"4908","Yellow Cake plc","YCA.L","1454077478","670.527","Jersey"
"4909","PEXA Group","PXA.AX","1453950412","8.1867","Australia"
"4910","Banpu Public Company","BANPU.BK","1452817394","0.145008","Thailand"
"4911","Merchants Bancorp","MBIN","1452614656","31.66","United States"
"4912","Lightspeed POS","LSPD","1450947072","9.88","Canada"
"4913","Prosegur Cash","CASH.MC","1450166347","0.989672","Spain"
"4914","NovaGold Resources","NG","1448535552","3.6","Canada"
"4915","Universal Corporation","UVV","1448334080","58.6","United States"
"4916","Juventus Turin","JUVE.MI","1447488385","3.81341","Italy"
"4917","Metsä Board","METSA.HE","1447292412","6.42379","Finland"
"4918","Phreesia","PHR","1447249152","24.34","United States"
"4919","Sprott Inc","SII","1447208704","56.01","Canada"
"4920","SeSa S.p.A.","SES.MI","1447067965","94.3139","Italy"
"4921","Imax Corp","IMAX","1446197248","26.91","Canada"
"4922","Zee Entertainment","ZEEL.NS","1444737199","1.50412","India"
"4923","Wavestone SA","WAVE.PA","1444468015","58.7901","France"
"4924","Century Aluminum","CENX","1444332032","15.48","United States"
"4925","Aedas Homes","AEDAS.MC","1444012584","33.4241","Spain"
"4926","Polenergia","PEP.WA","1443806494","18.6976","Poland"
"4927","Gulf Cable and Electrical Industries Company - KPSC","CABLE.KW","1442452881","6939.37","Kuwait"
"4928","Ghitha","GHITHA.AE","1442034581","5.97","United Arab Emirates"
"4929","Sotetsu Holdings","9003.T","1440776922","14.9492","Japan"
"4930","ACM Research","ACMR","1439505920","22.54","United States"
"4931","FirstGroup","FGP.L","1439274492","252.257","United Kingdom"
"4932","Land and Houses","LH.BK","1439103785","0.12043","Thailand"
"4933","Himax","HIMX","1437784832","8.22","Taiwan"
"4934","IntegraFin","IHP.L","1437691747","433.926","United Kingdom"
"4935","JEOL Ltd.","6951.T","1436578059","28.0917","Japan"
"4936","Tokai Carbon","5301.T","1433458114","6.71494","Japan"
"4937","Nexus AG","NXU.DE","1432912568","82.9645","Germany"
"4938","Simplex Holdings","4373.T","1432830764","25.2525","Japan"
"4939","Douglas Group","DOU.DE","1432471084","13.3016","Germany"
"4940","Anritsu Corporation","6754.T","1431082781","11.1858","Japan"
"4941","Evotec","EVO","1431081344","4.03","Germany"
"4942","Bao Viet Holdings","BVH.VN","1430758506","1.92741","Vietnam"
"4943","Knowles","KN","1430738816","16.45","United States"
"4944","Skeena Resources","SKE","1430529920","12.45","Canada"
"4945","Digital Garage","4819.T","1430400343","31.2169","Japan"
"4946","Ero Copper","ERO","1429914624","13.8","Canada"
"4947","ArcBest","ARCB","1428912256","62.05","United States"
"4948","ARS Pharmaceuticals","SPRY","1426061568","14.52","United States"
"4949","German American Bancorp","GABC","1424266624","38","United States"
"4950","OHB SE","OHB.DE","1421631688","74.2254","Germany"
"4951","Seadrill","SDRL","1419981312","22.82","Bermuda"
"4952","Reliance Infrastructure","RELINFRA.NS","1419119861","3.58653","India"
"4953","Starts Corporation","8850.T","1418714434","28.7404","Japan"
"4954","Structure Therapeutics","GPCR","1418282112","24.65","United States"
"4955","Raspberry Pi","RPI.L","1417893909","723.327","United Kingdom"
"4956","Caisse Régionale de Crédit Agricole Mutuel du Languedoc","CRLA.PA","1416853515","71.7285","France"
"4957","Nipro Corporation","8086.T","1416474881","8.68492","Japan"
"4958","Talos Energy","TALO","1415148160","7.93","United States"
"4959","HPH Trust (Hutchison Port)","NS8U.SI","1411198208","0.162","Singapore"
"4960","Indivior PLC","INDV","1410677632","11.21","United States"
"4961","Adeia","ADEA","1410499968","13","United States"
"4962","Centerra Gold","CGAU","1408843648","6.77","Canada"
"4963","The Greenbrier Companies","GBX","1408756352","44.88","United States"
"4964","89bio","ETNB","1408745600","9.65","United States"
"4965","Criteo","CRTO","1407728896","26.49","France"
"4966","Pan Ocean","028670.KS","1407503865","2.63296","South Korea"
"4967","Grupo Supervielle","SUPV","1405458432","15.94","Argentina"
"4968","S&amp;T Bancorp","STBA","1403655552","36.62","United States"
"4969","AMC Entertainment","AMC","1403386624","3.24","United States"
"4970","Arlo Technologies","ARLO","1403151488","13.57","United States"
"4971","Kimbell Royalty Partners","KRP","1402544000","13","United States"
"4972","The Tel-Aviv Stock Exchange","TASE.TA","1400129602","1534.54","Israel"
"4973","Salzgitter","SZG.F","1399603223","25.8767","Germany"
"4974","Revolve","RVLV","1398692224","19.62","United States"
"4975","Norconsult","NORCO.OL","1397477319","4.63644","Norway"
"4976","KinderCare Learning Companies","KLC","1397191040","11.84","United States"
"4977","HBM Healthcare Investments","HBMN.SW","1395077138","206.013","Switzerland"
"4978","Daido Steel","5471.T","1394764527","6.77633","Japan"
"4979","GRAIL","GRAL","1394692608","38.77","United States"
"4980","Ather Energy","ATHERENERG.NS","1394439978","3.74387","India"
"4981","Travere Therapeutics","TVTX","1394235392","15.7","United States"
"4982","National Bank Holdings","NBHC","1393870464","36.59","United States"
"4983","Country Garden","2007.HK","1393867320","0.0498014","China"
"4984","WisdomTree","WT","1393853952","9.48","United States"
"4985","Trustpilot Group","TRST.L","1392547089","316.638","Denmark"
"4986","Papa John's Pizza","PZZA","1392364160","42.53","United States"
"4987","Austal Limited","ASB.AX","1391758905","3.30443","Australia"
"4988","Siam City Cement (INSEE)","SCCC.BK","1391582255","4.66974","Thailand"
"4989","Forbo Holding","FORN.SW","1388130377","984.071","Switzerland"
"4990","Elme Communities","ELME","1384973184","15.71","United States"
"4991","ChemoMetec","CHEMM.CO","1384803099","79.575","Denmark"
"4992","Jamf","JAMF","1384582528","10.5","United States"
"4993","Aris Water Solutions","ARIS","1383761280","23.4","United States"
"4994","Playtech","PTEC.L","1382876387","447.423","Isle of Man"
"4995","TI Fluid Systems","TIFS.L","1382539418","269.398","United Kingdom"
"4996","Al Yah Satellite Communications Company","YAHSAT.AE","1381741539","0.57","United Arab Emirates"
"4997","Mesoblast","MESO","1380565120","10.83","Australia"
"4998","AlzChem Group","ACT.DE","1380167881","135.966","Germany"
"4999","Coursera","COUR","1379970048","8.55","United States"
"5000","Richelieu Hardware","RCH.TO","1379533365","24.9468","Canada"
"5001","Al Masane Al Kobra Mining Company","1322.SR","1377660468","15.3313","Saudi Arabia"
"5002","Cibus Nordic Real Estate","CIBUS.ST","1377208534","18.0532","Sweden"
"5003","UMH Properties","UMH","1377153280","16.38","United States"
"5004","ARIAKE JAPAN","2815.T","1375240238","43.1804","Japan"
"5005","Republic Bank","RBCAA","1374936320","70.42","United States"
"5006","Tandem Diabetes Care","TNDM","1374772608","20.64","United States"
"5007","Triumph Financial","TFIN","1373722112","58.02","United States"
"5008","Elmos Semiconductor","ELG.DE","1373554911","80.1271","Germany"
"5009","Stellar Bancorp","STEL","1373304960","26.68","United States"
"5010","Gränges","GRNG.ST","1373100922","12.9161","Sweden"
"5011","Clarkson PLC","CKN.L","1372150464","4467.48","United Kingdom"
"5012","Aura Investments","AURA.TA","1369230538","485.061","Israel"
"5013","Dana Gas","DANA.AE","1367645495","0.2","United Arab Emirates"
"5014","SWCC Corporation","5805.T","1367527694","46.2498","Japan"
"5015","Tennant Company","TNC","1365622656","73.21","United States"
"5016","Eos Energy Enterprises","EOSE","1365545984","6","United States"
"5017","GoodRx","GDRX","1364385536","3.82","United States"
"5018","Aevis Victoria","AEVS.SW","1364178561","16.2196","Switzerland"
"5019","Paramount Group","PGRE","1363797248","5.73","United States"
"5020","Wolverine World Wide","WWW","1363160064","16.82","United States"
"5021","Scatec ASA","SCATC.OL","1362859834","8.57592","Norway"
"5022","Ohsho Food Service","9936.T","1361978813","24.1015","Japan"
"5023","Sinfonia Technology","6507.T","1361895837","48.2728","Japan"
"5024","Sanki Engineering","1961.T","1361520387","26.2989","Japan"
"5025","Ngern Tid Lor","TIDLOR.BK","1361225295","0.470046","Thailand"
"5026","TPBank (Tien Phong Commercial Joint Stock Bank)","TPB.VN","1358927386","0.514363","Vietnam"
"5027","Dalata Hotel Group","DHG.IR","1358502744","6.42379","Ireland"
"5028","Hillenbrand","HI","1357646720","19.27","United States"
"5029","National Corporation for Tourism &amp; Hotels","NCTH.AE","1357434296","0.62","United Arab Emirates"
"5030","About You","YOU.DE","1354211817","7.71763","Germany"
"5031","Upbound Group","UPBD","1353694976","23.41","United States"
"5032","Dyne Therapeutics","DYN","1352637312","11.9","United States"
"5033","Celldex Therapeutics","CLDX","1352449920","20.37","United States"
"5034","Omnicell","OMCL","1350969472","28.84","United States"
"5035","Cadre","CDRE","1347052544","33.13","United States"
"5036","Fortress REIT","FFB.JO","1346552200","1.11181","South Africa"
"5037","NTT UD REIT Investment Corporation","8956.T","1345034554","907.556","Japan"
"5038","Intuitive Machines","LUNR","1344613248","11.46","United States"
"5039","Denison Mines","DNN","1344517504","1.5","Canada"
"5040","Nazara Technologies","NAZARA.NS","1344503175","15.3383","India"
"5041","Ibotta","IBTA","1343982208","53.1","United States"
"5042","Neogen","NEOG","1343465216","6.19","United States"
"5043","Sila Realty Trust","SILA","1343354112","24.36","United States"
"5044","LOTTE Corporation","004990.KS","1343137591","18.7599","South Korea"
"5045","Adaptive Biotechnologies","ADPT","1342946176","8.84","United States"
"5046","Sihanoukville Autonomous Port","PAS.KH","1341999499","2.98","Cambodia"
"5047","Megaport Limited","MP1.AX","1340952239","8.3419","Australia"
"5048","Flywire","FLYW","1340784768","11.03","United States"
"5049","Modern Times Group (MTG)","MTG-B.ST","1339527409","11.4379","Sweden"
"5050","Navient","NAVI","1338214400","13.23","United States"
"5051","Jungfraubahn Holding AG","JFN.SW","1337707059","239.421","Switzerland"
"5052","Ashmore Group","ASHM.L","1337477254","199.484","United Kingdom"
"5053","Fiskars","FSKRS.HE","1337357104","16.5475","Finland"
"5054","Superior Plus","SPB.TO","1337150692","5.75862","Canada"
"5055","Is Yatirim Menkul Degerler Anonim Sirketi","ISMEN.IS","1336811341","0.891208","Turkey"
"5056","Friedrich Vorwerk Group","VH2.DE","1334695267","66.7348","Germany"
"5057","Alkhorayef Water and Power Technologies Company","2081.SR","1334488786","38.1282","Saudi Arabia"
"5058","Central Securities","CET","1334225152","46.11","United States"
"5059","Apollo Commercial Real Estate","ARI","1333862400","9.6","United States"
"5060","TS TECH","7313.T","1332709066","11.1753","Japan"
"5061","Liquidia Technologies","LQDA","1330138752","15.56","United States"
"5062","Altri","ALTR.LS","1329365203","6.48054","Portugal"
"5063","Perpetual Limited","PPT.AX","1327397603","11.5817","Australia"
"5064","Dorchester Minerals","DMLP","1325987840","28.01","United States"
"5065","Primaris Real Estate Investment Trust","PMZ-UN.TO","1325712617","10.9233","Canada"
"5066","Yulon Motor Company","2201.TW","1325442101","1.2475","Taiwan"
"5067","Cipher Mining","CIFR","1325230336","3.57","United States"
"5068","Meidensha Corporation","6508.T","1324397517","29.1939","Japan"
"5069","Worthington Steel","WS","1324327040","26.1","United States"
"5070","Sensirion Holding","SENS.SW","1323820974","84.9714","Switzerland"
"5071","Trisura Group","TSU.TO","1323620265","27.8442","Canada"
"5072","Dole PLC","DOLE","1323369600","13.91","Ireland"
"5073","Gujarat Mineral Development","GMDCLTD.NS","1323293392","4.1607","India"
"5074","Grocery Outlet","GO","1321506304","13.48","United States"
"5075","Integral Ad Science","IAS","1320128000","8","United States"
"5076","Green Thumb Industries","GTII.CN","1318423828","5.56304","United States"
"5077","Dalrymple Bay Infrastructure","DBI.AX","1317620202","2.6513","Australia"
"5078","Engineers India","ENGINERSIN.NS","1317228507","2.34201","India"
"5079","Labrador Iron Ore Royalty Corp.","LIF.TO","1315659090","20.5572","Canada"
"5080","4imprint Group","FOUR.L","1315233559","4683.43","United Kingdom"
"5081","PORR","ABS2.F","1312838080","34.2753","Austria"
"5082","Marksans Pharma","MARKSANS.NS","1312518631","2.89634","India"
"5083","DXP Enterprises","DXPE","1312043520","83.6","United States"
"5084","Ladder Capital","LADR","1310422016","10.23","United States"
"5085","SoftwareONE","SWON.SW","1310273264","8.64239","Switzerland"
"5086","Eve Air Mobility","EVEX","1309633664","4.4","United States"
"5087","Benchmark Electronics","BHE","1309187456","36.27","United States"
"5088","Kainos Group","KNOS.L","1308917693","987.974","United Kingdom"
"5089","Sedlmayr Grund und Immobilien AG","SPB.F","1308410015","1781.86","Germany"
"5090","Romande Energie","REHN.SW","1307491895","50.9587","Switzerland"
"5091","Ali Al-Ghanim Sons Automotive Company","ALG.KW","1307384615","3650.59","Kuwait"
"5092","Bodycote","BOY.L","1306798008","723.435","United Kingdom"
"5093","Barco NV","BAR.BR","1306356146","14.8337","Belgium"
"5094","DRDGOLD","DRD","1306190336","15.02","South Africa"
"5095","PNE AG","PNE3.DE","1305846673","17.0469","Germany"
"5096","Veritex Holdings","VBTX","1305772288","24.06","United States"
"5097","Relaxo Footwear","RELAXO.NS","1305559384","5.24212","India"
"5098","B.F. S.p.A.","BFG.MI","1304808553","4.97106","Italy"
"5099","Genuit Group","GEN.L","1304763580","518.282","United Kingdom"
"5100","ARMOUR Residential REIT","ARR","1303904512","15.95","United States"
"5101","TriCo Bancshares","TCBK","1302835584","39.65","United States"
"5102","Ratio Energies","RATI.TA","1302466240","115.891","Israel"
"5103","Ramkrishna Forgings","RKFORGE.NS","1302363806","7.20358","India"
"5104","ViaSat","VSAT","1301529600","10.08","United States"
"5105","LexinFintech Holdings","LX","1300680704","7.73","China"
"5106","Ziff Davis","ZD","1300085888","30.89","United States"
"5107","Safari Industries India","SAFARI.NS","1299396099","26.5799","India"
"5108","CompoSecure","CMPO","1298415360","12.69","United States"
"5109","Bank Islam Malaysia","5258.KL","1297269949","0.572375","Malaysia"
"5110","Leon's Furniture","LNF.TO","1296343750","18.9998","Canada"
"5111","NFI Group","NFI.TO","1296113440","10.887","Canada"
"5112","Kuwait International Bank","KIB.KW","1295726310","782.269","Kuwait"
"5113","Advantage Energy","AAV.TO","1295407583","7.74335","Canada"
"5114","CompuGroup Medical","COP.DE","1295273272","25.0369","Germany"
"5115","Turning Point Brands","TPB","1294958336","72.34","United States"
"5116","Duc Giang Chemicals Group","DGC.VN","1294429623","3.40839","Vietnam"
"5117","Cricut","CRCT","1293969792","6.11","United States"
"5118","Dometic Group","DOM.ST","1293614421","4.04887","Sweden"
"5119","Mainstreet Equity","MEQ.TO","1293189320","138.772","Canada"
"5120","Europris","EPR.OL","1292621771","7.89875","Norway"
"5121","Drägerwerk","DRW8.F","1290864093","61.06","Germany"
"5122","Hope Bancorp","HOPE","1290804480","10.08","United States"
"5123","Generation Development Group","GDG.AX","1290375349","3.28503","Australia"
"5124","REE (Refrigeration Electrical Engineering Corporation)","REE.VN","1287240446","2.73292","Vietnam"
"5125","Great Eagle","0041.HK","1287086837","1.72134","Hong Kong"
"5126","Dynex Capital","DX","1284896384","11.99","United States"
"5127","Birchcliff Energy","BIR.TO","1283798073","4.71555","Canada"
"5128","Dai-Dan","1980.T","1283254765","29.7868","Japan"
"5129","Azenta","AZTA","1283210624","28.03","United States"
"5130","CRA International","CRAI","1283131520","188.45","United States"
"5131","Corticeira Amorim","COR.LS","1283081094","9.48814","Portugal"
"5132","Deterra Royalties","DRR.AX","1282611054","2.42497","Australia"
"5133","MannKind Corp","MNKD","1282597120","4.22","United States"
"5134","United Gulf Holding Company","UGH.BH","1281176310","0.570292","Bahrain"
"5135","Knowledge Economic City Company","4310.SR","1281026048","3.7755","Saudi Arabia"
"5136","Vesuvius India","VESUVIUS.NS","1279808152","63.0569","India"
"5137","Abacus Storage King","ASK.AX","1278910799","0.973222","Australia"
"5138","Neurones","NRO.PA","1278286651","52.5479","France"
"5139","thyssenkrupp nucera","NCH2.DE","1277449443","10.0443","Germany"
"5140","Banco di Desio e della Brianza","BDB.MI","1276401444","9.48814","Italy"
"5141","Edgewell Personal Care","EPC","1274975232","27.11","United States"
"5142","Stagwell","STGW","1274171136","4.76","United States"
"5143","Netstreit","NTST","1271387904","15.48","United States"
"5144","Shochiku","9601.T","1270152092","92.4298","Japan"
"5145","Musashi Seimitsu Industry","7220.T","1268828247","19.3649","Japan"
"5146","Centuria Industrial REIT","CIP.AX","1268704139","1.99818","Australia"
"5147","Sanlorenzo","SL.MI","1268622658","35.3535","Italy"
"5148","Yubico","YUBICO.ST","1268418988","14.7036","Sweden"
"5149","Assaí Atacadista","ASAI","1268362752","4.67","Brazil"
"5150","CVS Group","CVSG.L","1267194644","1693","United Kingdom"
"5151","WIN Semiconductors","3105.TWO","1267012073","2.98866","Taiwan"
"5152","Corbion","CRBN.AS","1266964803","21.2348","Netherlands"
"5153","BGF Retail","282330.KS","1265984300","73.2842","South Korea"
"5154","Westamerica Bancorporation","WABC","1265705984","48.345","United States"
"5155","Ramsay Générale de Santé","GDS.PA","1265049960","11.4062","France"
"5156","DeFi Technologies","DEFI.NE","1264565251","3.83908","Canada"
"5157","Alexander &amp; Baldwin","ALEX","1264452992","17.39","United States"
"5158","Aditya Birla Fashion and Retail","ABFRL.NS","1264212802","1.03973","India"
"5159","Norwegian Air Shuttle","NAS.OL","1263984072","1.31135","Norway"
"5160","Watches of Switzerland Group","WOSG.L","1263764657","544.736","United Kingdom"
"5161","Inwido AB","INWI.ST","1262850276","21.7855","Sweden"
"5162","Guaranty Trust Bank","9JO.F","1262616956","2.14505","Nigeria"
"5163","Sprout Social","SPT","1261828736","21.69","United States"
"5164","Photronics","PLAB","1261699712","19.85","United States"
"5165","Sandy Spring Bank","SASR","1261674240","27.95","United States"
"5166","Rengo Co., Ltd.","3941.T","1261271711","5.08957","Japan"
"5167","MasterBrand","MBC","1261043072","9.95","United States"
"5168","Aegean Airlines","AEGN.AT","1260821065","14.1187","Greece"
"5169","Tarkett","TKTT.PA","1260654146","19.2373","France"
"5170","Adient","ADNT","1260248960","15","Ireland"
"5171","Future Corporation","4722.T","1256905410","14.1819","Japan"
"5172","Partner Communications","PTNR.TA","1256698034","674.129","Israel"
"5173","Elco Ltd.","ELCO.TA","1256075159","4664.05","Israel"
"5174","P10","PX","1254667520","11.19","United States"
"5175","Transcontinental","TCL-A.TO","1253945592","14.9869","Canada"
"5176","Distribution Solutions Group","DSGR","1253834112","27","United States"
"5177","Isrotel","ISRO.TA","1253759733","2232.06","Israel"
"5178","Pakuwon Jati Tbk","PWON.JK","1253367322","0.0260253","Indonesia"
"5179","Redfin","RDFN","1252143104","9.78","United States"
"5180","Vera Therapeutics","VERA","1251887488","19.63","United States"
"5181","Marcopolo","POMO4.SA","1250874772","1.22444","Brazil"
"5182","dentalcorp","DNTL.TO","1248935518","6.30913","Canada"
"5183","MapmyIndia","MAPMYINDIA.NS","1248763873","23.4554","India"
"5184","EHang Holdings","EH","1248218112","17.34","China"
"5185","Shriram Pistons &amp; Rings","SHRIPISTON.NS","1246869032","28.3059","India"
"5186","Olectra Greentech","OLECTRA.NS","1246544203","15.1868","India"
"5187","Lucky Strike Entertainment","LUCK","1246422400","8.89","United States"
"5188","Puuilo","PUUILO.HE","1246414927","14.777","Finland"
"5189","National Bank of Oman","NBOB.OM","1246178682","0.766433","Oman"
"5190","Italmobiliare","ITM.MI","1245308528","29.4518","Italy"
"5191","Cracker Barrel","CBRL","1245197568","55.93","United States"
"5192","BMV (Bolsa Mexicana de Valores)","BOLSAA.MX","1244130390","2.22499","Mexico"
"5193","Rogers Corporation","ROG","1242094592","67.05","United States"
"5194","Baytex Energy","BTE","1241868672","1.61","Canada"
"5195","Jenoptik","JEN.F","1241426108","21.564","Germany"
"5196","JBG SMITH","JBGS","1241136128","16.45","United States"
"5197","MeridianLink","MLNK","1240449664","16.07","United States"
"5198","ANI Pharmaceuticals","ANIP","1239958528","57.27","United States"
"5199","Stepan Company","SCL","1239102592","54.88","United States"
"5200","Graphite India","GRAPHITE.NS","1237999287","6.33351","India"
"5201","Blue Bird Corporation","BLBD","1237683200","39.21","United States"
"5202","Magazine Luíza","MGLU3.SA","1237177951","1.67807","Brazil"
"5203","Vitasoy","0345.HK","1234834867","1.16203","Hong Kong"
"5204","A10 Networks","ATEN","1234021760","17.12","United States"
"5205","Bilia AB","BILI-A.ST","1231341626","13.304","Sweden"
"5206","Thai Union Group","TU.BK","1230193559","0.30722","Thailand"
"5207","Live Oak Bank","LOB","1230047744","26.97","United States"
"5208","Voltalia","VLTSA.PA","1225402211","9.3406","France"
"5209","Gudang Garam","GGRM.JK","1225175987","0.636756","Indonesia"
"5210","Suburban Propane Partners","SPH","1225134336","18.86","United States"
"5211","Calumet Specialty Products Partners","CLMT","1224828160","14.14","United States"
"5212","Sinarmas Land","A26.SI","1224792264","0.287837","Singapore"
"5213","Kuwait Real Estate Company (AQARAT)","KRE.KW","1223982373","1251.63","Kuwait"
"5214","Flex LNG","FLNG","1223466112","22.62","Bermuda"
"5215","Everi Holdings","EVRI","1222936704","14.08","United States"
"5216","HIAG Immobilien","HIAG.SW","1222874484","121.042","Switzerland"
"5217","MilDef Group","MILDEF.ST","1222116194","25.979","Sweden"
"5218","Seabridge Gold","SA","1221597440","12.15","Canada"
"5219","Yalla Group","YALA","1220903936","7.75","United Arab Emirates"
"5220","Pacific Basin Shipping","2343.HK","1220805553","0.240068","Hong Kong"
"5221","Delta Galil Industries","DELG.TA","1220333103","4677.97","Israel"
"5222","Rusta AB","RUSTA.ST","1220285794","7.97823","Sweden"
"5223","National Bank of Umm Al Qaiwain","NBQ.AE","1219877468","0.61","United Arab Emirates"
"5224","Safety Insurance","SAFT","1219339136","81.87","United States"
"5225","Bet Shemesh Engines","BSEN.TA","1218568126","13393.5","Israel"
"5226","Xenia Hotels &amp; Resorts","XHR","1218143488","11.66","United States"
"5227","Soho House & Co","SHCO","1217701504","6.26","United States"
"5228","Befesa","BFSA.DE","1216660992","30.4165","Luxembourg"
"5229","Costamare","CMRE","1216009600","8.32","Monaco"
"5230","CTS Corporation","CTS","1215538688","40.5","United States"
"5231","InterRent Real Estate Investment Trust","IIP-UN.TO","1215493949","8.56187","Canada"
"5232","Artivion","AORT","1215321600","28.46","United States"
"5233","Astra Microwave","ASTRAMICRO.NS","1214487999","12.7915","India"
"5234","Bowhead Specialty Holdings","BOW","1214072448","37.17","United States"
"5235","PetroVietnam Power","POW.VN","1213663219","0.518245","Vietnam"
"5236","Adtran Networks","ADV.DE","1211119337","23.2664","Germany"
"5237","Teladoc Health","TDOC","1210501632","6.9","United States"
"5238","LGI Homes","LGIH","1209544576","51.68","United States"
"5239","Électricite de Strasbourg","ELEC.PA","1208324140","168.539","France"
"5240","Monex Group","8698.T","1207499455","4.80635","Japan"
"5241","Pacira Biosciences","PCRX","1207163520","26.07","United States"
"5242","AdaptHealth","AHCO","1206435072","8.94","United States"
"5243","Mechel PAO","MTL","1206171008","2.25","Russia"
"5244","Exail Technologies","EXA.PA","1205769297","71.0476","France"
"5245","Life Healthcare Group","LHC.JO","1205637500","0.830844","South Africa"
"5246","Byline Bancorp","BY","1205498112","26.12","United States"
"5247","Gulf Navigation Holding","GULFNAV.AE","1204060606","1.51123","United Arab Emirates"
"5248","Siltronic","WAF.F","1203949899","40.0636","Germany"
"5249","Caisse Régionale de Crédit Agricole Mutuel Nord de France","CNDF.PA","1203269005","20.3019","France"
"5250","Air New Zealand","AIR.NZ","1202408694","0.360462","New Zealand"
"5251","Lenzing","LEN.F","1200976888","30.984","Austria"
"5252","Pediatrix Medical Group","MD","1200102656","13.97","United States"
"5253","Leggett &amp; Platt","LEG","1200087552","8.88","United States"
"5254","Digi International","DGII","1199849088","32.37","United States"
"5255","Elkem","ELK.OL","1198876471","1.89115","Norway"
"5256","naturenergie holding","NEAG.SW","1198066505","36.1915","Switzerland"
"5257","Ellington Financial","EFC","1196535936","12.66","United States"
"5258","Dowlais Group","DWL.L","1196346244","89.3496","United Kingdom"
"5259","eXp World Holdings","EXPI","1196254464","7.66","United States"
"5260","Sonos","SONO","1196066560","9.96","United States"
"5261","Norbit ASA","NORBT.OL","1195095310","18.7237","Norway"
"5262","Delek US","DK","1193898752","19.66","United States"
"5263","Palfinger","PFI.F","1193604358","34.2753","Austria"
"5264","Cymbria","CYB.TO","1193470057","54.8336","Canada"
"5265","Fox-Wizel","FOX.TA","1193013748","8604.13","Israel"
"5266","Inabata &amp; Co.,Ltd.","8098.T","1191242663","21.9041","Japan"
"5267","G-III Apparel Group","GIII","1190993152","27.51","United States"
"5268","The Hyakugo Bank","8368.T","1190545595","4.84123","Japan"
"5269","Fiverr","FVRR","1190390016","33.15","Israel"
"5270","Neinor Homes","HOME.MC","1190223566","15.9573","Spain"
"5271","Biotage AB","BIOT.ST","1190023426","14.8661","Sweden"
"5272","Chennai Petroleum","CHENNPETRO.NS","1190015113","7.99145","India"
"5273","Boubyan Petrochemical Company","BPCC.KW","1189707432","2229.47","Kuwait"
"5274","GFH Financial Group","GFH.AE","1189695568","0.31","Bahrain"
"5275","Glory Ltd.","6457.T","1189182319","20.5752","Japan"
"5276","CommScope","COMM","1189117440","5.49","United States"
"5277","Daiseki","9793.T","1188129346","24.8689","Japan"
"5278","Sienna Senior Living","SIA.TO","1187721303","12.8935","Canada"
"5279","Crayon Group","CRAYN.OL","1186779428","13.2766","Norway"
"5280","Growthpoint Properties Australia","GOZ.AX","1185110764","1.57138","Australia"
"5281","Mitani Corporation","8066.T","1184762758","14.1609","Japan"
"5282","ProAssurance","PRA","1182785792","23.16","United States"
"5283","CAMGSM Plc. (Cellcard)","CGSM.KH","1182530428","0.6","Cambodia"
"5284","Meitav Investment House","MTAV.TA","1182501445","1502.24","Israel"
"5285","IRSA Inversiones y Representaciones","IRS","1181982208","15.37","Argentina"
"5286","Innoviva","INVA","1181429248","18.82","United States"
"5287","Novavax","NVAX","1180761344","7.29","United States"
"5288","GELEX Group Joint Stock Company","GEX.VN","1180547919","1.30823","Vietnam"
"5289","Dah Sing Financial","0440.HK","1179363962","3.69041","Hong Kong"
"5290","Carter's","CRI","1179237248","32.36","United States"
"5291","Dynavax Technologies","DVAX","1179195392","9.82","United States"
"5292","Westshore Terminals Investment","WTE.TO","1178536352","19.0795","Canada"
"5293","Merida Industry","9914.TW","1176788314","3.93596","Taiwan"
"5294","KATITAS CO., Ltd.","8919.T","1172800606","14.998","Japan"
"5295","Two Harbors Investment","TWO","1172361856","11.27","United States"
"5296","Power Mech Projects","POWERMECH.NS","1172089113","37.0723","India"
"5297","Super Hi International","9658.HK","1172058885","1.99206","Singapore"
"5298","Cellcom Israel","CEL.TA","1171450098","703.088","Israel"
"5299","Vietnam Maritime Commercial Joint Stock Bank","MSB.VN","1170807479","0.450311","Vietnam"
"5300","Virtus Investment Partners","VRTS","1168677248","169.1","United States"
"5301","The Andersons","ANDE","1166829696","34.13","United States"
"5302","Indiabulls Housing Finance","IBULHSGFIN.NS","1166498502","1.95962","India"
"5303","Freightways","FRW.NZ","1166151459","6.52407","New Zealand"
"5304","Steelcase","SCS","1163606144","10.15","United States"
"5305","Aether Industries","AETHER.NS","1163272272","8.77345","India"
"5306","Topgolf Callaway Brands","MODG","1163150208","6.33","United States"
"5307","Employers Holdings","EIG","1162843776","48.37","United States"
"5308","Berkshire Hills Bancorp","BHLB","1161968128","25.09","United States"
"5309","Medartis Holding","MED.SW","1161327936","93.6865","Switzerland"
"5310","Bank Dhofar","BKDB.OM","1160951895","0.381917","Oman"
"5311","MCB Bank Pakistan","MCB.PK","1160724091","0.979464","Pakistan"
"5312","Interface","TILE","1159905792","19.79","United States"
"5313","Derichebourg","DBG.PA","1158784174","7.28635","France"
"5314","PageGroup","PAGE.L","1158603598","362.257","United Kingdom"
"5315","Arhaus","ARHS","1157068160","8.21","United States"
"5316","PROG Holdings","PRG","1156949120","28.67","United States"
"5317","GasLog","GLOP-PA","1156417920","25.2","Greece"
"5318","Pagaya Technologies","PGY","1156055040","15.27","Israel"
"5319","Seiko Group","8050.T","1155380205","28.287","Japan"
"5320","Microvast","MVST","1154960512","3.55","United States"
"5321","QCR Holdings","QCRH","1154721408","68.2","United States"
"5322","Sildarvinnslan","SVN.IC","1154097446","0.625246","Iceland"
"5323","Pressance Corporation","3254.T","1153661710","16.6234","Japan"
"5324","Fortune REIT","0778.HK","1153554025","0.564416","Hong Kong"
"5325","WEBTOON Entertainment","WBTN","1153474432","8.86","United States"
"5326","DNO ASA","DNO.OL","1152781879","1.18234","Norway"
"5327","HighPeak Energy","HPK","1152252416","9.14","United States"
"5328","Janus International Group","JBI","1151887232","8.23","United States"
"5329","Lassonde Industries","LAS-A.TO","1151216909","168.76","Canada"
"5330","Kissei Pharmaceutical","4547.T","1151108196","26.8918","Japan"
"5331","Unipar Carbocloro","UNIP6.SA","1149901339","10.7134","Brazil"
"5332","Ocular Therapeutix","OCUL","1149349504","7.215","United States"
"5333","Colgate-Palmolive (Pakistan)","COLG.PK","1147780738","4.72779","Pakistan"
"5334","Innodata","INOD","1147592704","36.15","United States"
"5335","Hongkong and Shanghai Hotels","0045.HK","1147323671","0.688281","Hong Kong"
"5336","Sappi","SAP.JO","1146253000","1.90481","South Africa"
"5337","U.S. Physical Therapy","USPH","1145454208","75.4","United States"
"5338","Kestra Medical Technologies","KMTS","1145075968","22.3","United States"
"5339","Supply Network Limited","SNL.AX","1144896228","26.3449","Australia"
"5340","Nishi-Nippon Railroad","9031.T","1144659722","14.7783","Japan"
"5341","Barloworld","BAW.JO","1144599600","6.1221","South Africa"
"5342","Creades AB","CRED-A.ST","1143630776","8.42379","Sweden"
"5343","LendingClub","LC","1143142016","10.01","United States"
"5344","Bapcor Limited","BAP.AX","1141319221","3.36263","Australia"
"5345","Amphastar Pharmaceuticals","AMPH","1140766208","24.2","United States"
"5346","Wheels Up","UP","1139164544","1.63","United States"
"5347","Grupa Pracuj","GPP.WA","1137810798","16.6676","Poland"
"5348","Usiminas","USIM5.SA","1136756945","0.928518","Brazil"
"5349","Oakley Capital Investments","OCI.L","1136689358","655.95","Bermuda"
"5350","Ingles Markets","IMKTA","1136244992","59.82","United States"
"5351","Bank First","BFC","1135777280","114.52","United States"
"5352","TreeHouse Foods","THS","1135239936","22.48","United States"
"5353","Pulse Biosciences","PLSE","1134238080","16.86","United States"
"5354","Waypoint REIT","WPR.AX","1134181512","1.68778","Australia"
"5355","VTEX","VTEX","1134011648","6.22","United Kingdom"
"5356","Moonpig Group","MOON.L","1133767977","339.447","United Kingdom"
"5357","VA Tech Wabag","WABAG.NS","1133310287","18.2232","India"
"5358","EVgo","EVGO","1132711936","3.69","United States"
"5359","Veeco","VECO","1132617472","19.43","United States"
"5360","SIG (Semen Indonesia)","SMGR.JK","1132543302","0.167746","Indonesia"
"5361","Nestle Pakistan","NESTLE.PK","1131206280","24.9441","Pakistan"
"5362","Alma Media","ALMA.HE","1130696956","13.7328","Finland"
"5363","Navios Maritime Partners","NMM","1130546944","38.34","Monaco"
"5364","The Kiyo Bank","8370.T","1130143255","17.6558","Japan"
"5365","Astrana Health","ASTH","1129481344","24.47","United States"
"5366","Mercialys","MERY.PA","1128640763","12.0304","France"
"5367","Kuros Biosciences","KURN.SW","1128482851","29.7279","Switzerland"
"5368","Humansoft Holding Company","HUMANSOFT.KW","1127892256","8409.39","Kuwait"
"5369","DEUTZ","DEZ.DE","1127608526","8.12621","Germany"
"5370","Zad Holding Company","ZHCD.QA","1127562831","3.92308","Qatar"
"5371","Kaiser Aluminum","KALU","1127415552","69.79","United States"
"5372","XPS Pensions Group","XPS.L","1125914629","543.251","United Kingdom"
"5373","Raysum","8890.T","1125828472","40.8676","Japan"
"5374","VIEL &amp; Cie","VIL.PA","1125725498","17.8754","France"
"5375","Arvind","ARVIND.NS","1125621257","4.29925","India"
"5376","HEG","HEG.NS","1125221786","5.8157","India"
"5377","BASSAC","BASS.PA","1125049688","64.6919","France"
"5378","PVR INOX","PVRINOX.NS","1121913667","11.4224","India"
"5379","MillerKnoll","MLKN","1121883648","16.56","United States"
"5380","MMTC","MMTC.NS","1121574313","0.747716","India"
"5381","Syrma SGS Technology","SYRMA.NS","1121077787","6.29653","India"
"5382","Televisa","TV","1120573952","2.04","Mexico"
"5383","Elopak ASA","ELO.OL","1119339275","4.16192","Norway"
"5384","Aston Martin","AML.L","1118748436","104.129","United Kingdom"
"5385","Shinsegae","004170.KS","1118339549","127.553","South Korea"
"5386","Southern Province Cement Company","3050.SR","1117984320","7.9856","Saudi Arabia"
"5387","Aurinia Pharmaceuticals","AUPH","1117310080","8.27","Canada"
"5388","Implenia AG","IMPN.SW","1117207630","60.763","Switzerland"
"5389","Cannae Holdings","CNNE","1116275840","17.77","United States"
"5390","Volati AB","VOLO.ST","1115795917","12.6645","Sweden"
"5391","Viridian Therapeutics","VRDN","1115362688","13.67","United States"
"5392","Planet Labs","PL","1115306240","3.69","United States"
"5393","Saul Centers","BFS","1115132032","32.58","United States"
"5394","Webjet Limited","WEB.AX","1114579280","3.08456","Australia"
"5395","Ricoh Leasing Company","8566.T","1113838003","36.1348","Japan"
"5396","BigBear.ai","BBAI","1112341888","3.82","United States"
"5397","Taboola.com","TBLA","1112061312","3.46","United States"
"5398","Isras Investment Company","ISRS.TA","1112057285","22376.3","Israel"
"5399","Telkom SA","TKG.JO","1111074800","2.26031","South Africa"
"5400","Aimco","AIV","1110990720","7.84","United States"
"5401","Salvatore Ferragamo","SFER.MI","1110563142","6.50891","Italy"
"5402","Par Pacific Holdings","PARR","1109977984","21.52","United States"
"5403","Ferrum S.A. de Cerámica y Metalurgia","FERR.BA","1109045499","0.0234258","Argentina"
"5404","Nakanishi","7716.T","1108615540","13.2541","Japan"
"5405","Grid Dynamics","GDYN","1108420224","13.11","United States"
"5406","Canada Goose","GOOS","1106400256","11.41","Canada"
"5407","Dime Community Bancshares","DCOM","1105543296","25.23","United States"
"5408","Retail Estates NV","RET.BR","1105119110","74.4524","Belgium"
"5409","KDH (Khang Dien House Trading and Investment)","KDH.VN","1104952998","1.09278","Vietnam"
"5410","Bank ABC (Arab Banking Corporation)","ABC.BH","1104050000","1.1","Bahrain"
"5411","Al Moammar Information Systems","7200.SR","1103852820","36.7951","Saudi Arabia"
"5412","SFL Corp","SFL","1103805184","8.27","Bermuda"
"5413","Monadelphous Group","MND.AX","1103759608","11.1678","Australia"
"5414","Alexander's, Inc.","ALX","1103378944","216.04","United States"
"5415","Almunajem Foods Company","4162.SR","1102253067","18.3709","Saudi Arabia"
"5416","Adriatic Metals","ADT1.L","1102188822","319.202","United Kingdom"
"5417","Bradespar","BRAP3.SA","1102034955","2.70227","Brazil"
"5418","eDreams ODIGEO","EDR.MC","1102028501","9.38599","Spain"
"5419","Zeal Network","TIMA.F","1101269522","52.2075","Germany"
"5420","Spire Healthcare Group","SPI.L","1100165882","260.49","United Kingdom"
"5421","ARCS Company Limited","9948.T","1098797393","20.3555","Japan"
"5422","Paragon 28","FNA","1098735360","13.09","United States"
"5423","GrainCorp","GNC.AX","1098705859","4.94694","Australia"
"5424","Miahona Company","2084.SR","1098441701","6.82576","Saudi Arabia"
"5425","Saudi Automotive Services Company","4050.SR","1097453673","15.6779","Saudi Arabia"
"5426","Canfor","CFP.TO","1097341921","9.34417","Canada"
"5427","Precinct Properties","PCT.NZ","1096857960","0.691134","New Zealand"
"5428","Jazeera Airways","JAZEERA.KW","1096414602","4983.7","Kuwait"
"5429","CTT - Correios De Portugal","CTT.LS","1096086183","8.2397","Portugal"
"5430","Badger Infrastructure Solutions","BDGI.TO","1095050505","32.4438","Canada"
"5431","Alok Industries","ALOKINDS.NS","1094887742","0.220511","India"
"5432","Dynavox Group","DYVOX.ST","1093748343","10.4315","Sweden"
"5433","Aris Mining","ARMN","1093533952","6.14","Canada"
"5434","AMTD IDEA Group","AMTD","1092461824","0.977","Hong Kong"
"5435","Aichi Steel","5482.T","1092291659","52.4583","Japan"
"5436","Marcus &amp; Millichap","MMI","1091353216","28","United States"
"5437","RLJ Lodging Trust","RLJ","1090274944","7.15","United States"
"5438","Lifenet Insurance Company","7157.T","1089754603","13.568","Japan"
"5439","Iluka Resources","ILU.AX","1089152771","2.5155","Australia"
"5440","AS ONE Corporation","7476.T","1087997248","15.1864","Japan"
"5441","Cembre S.p.A.","CMB.MI","1087930196","63.7839","Italy"
"5442","Edelweiss Financial Services","EDELWEISS.NS","1087748527","1.17958","India"
"5443","Centerspace","CSR","1086855680","61.38","United States"
"5444","Okumura Corporation","1833.T","1085196749","30.2751","Japan"
"5445","Noritsu Koki","7744.T","1084409390","30.4844","Japan"
"5446","Youdao","DAO","1082099456","9.05","China"
"5447","OdontoPrev","ODPV3.SA","1081802545","1.935","Brazil"
"5448","Takuma Co., Ltd.","6013.T","1081708554","14.3284","Japan"
"5449","M.Yochananof and Sons","YHNF.TA","1081559903","7465.26","Israel"
"5450","Iguatemi","IGTI3.SA","1080063791","0.453627","Brazil"
"5451","UNITI","UNIT","1079993216","4.4","United States"
"5452","Metro Bank Holdings","MTRO.L","1079430301","160.387","United Kingdom"
"5453","fuboTV","FUBO","1079266432","3.16","United States"
"5454","Mips AB","MIPS.ST","1078145280","40.6984","Sweden"
"5455","Fastly","FSLY","1077312000","7.44","United States"
"5456","Sano Bruno's Enterprises","SANO1.TA","1076655963","9578.7","Israel"
"5457","Pebblebrook Hotel Trust","PEB","1076472960","9.07","United States"
"5458","Gabriel India","GABRIEL.NS","1075059517","7.48362","India"
"5459","Taikisha","1979.T","1074003439","16.5606","Japan"
"5460","Pakistan Tobacco Company","PAKT.PK","1073807876","4.20287","Pakistan"
"5461","ME Group International","MEGP.L","1073223447","284.785","United Kingdom"
"5462","Commercial Real Estate Company (Kuwait)","ALTIJARIA.KW","1071935332","589.961","Kuwait"
"5463","Cimpress","CMPR","1071281152","43.06","Ireland"
"5464","Aya Gold &amp; Silver","AYA.TO","1071238466","8.1852","Canada"
"5465","PennyMac Mortgage Investment Trust","PMT","1071100544","12.31","United States"
"5466","Diversified Energy","DEC.L","1070951646","1407.64","United States"
"5467","Lapidoth Capital","LAPD.TA","1070669086","1734.75","Israel"
"5468","YG Entertainment","122870.KQ","1070263903","57.7058","South Korea"
"5469","RAK Properties","RAKPROP.AE","1070115725","0.36","United Arab Emirates"
"5470","ProFrac","ACDC","1068387264","6.67","United States"
"5471","Learning Technologies Group","LTG.L","1068303400","134.834","United Kingdom"
"5472","Boss Energy","BOE.AX","1067885986","2.5737","Australia"
"5473","Headwater Exploration","HWX.TO","1067842137","4.491","Canada"
"5474","Telia Lietuva","ZWS.F","1067787956","1.77619","Lithuania"
"5475","Establishment Labs","ESTA","1065602432","36.85","Costa Rica"
"5476","R&S Group","RSGN.SW","1065584042","28.808","Switzerland"
"5477","Bird Construction","BDT.TO","1065501302","19.2388","Canada"
"5478","Jamieson Wellness","JWEL.TO","1064911435","25.5552","Canada"
"5479","Mineralys Therapeutics","MLYS","1063660864","16.32","United States"
"5480","Barrett Business Services","BBSI","1063160320","41.4","United States"
"5481","Deyaar Development","DEYAAR.AE","1062831628","0.242886","United Arab Emirates"
"5482","Genomma Lab Internacional","LABB.MX","1062613779","1.09121","Mexico"
"5483","Groupon","GRPN","1061895360","26.67","United States"
"5484","Altice USA","ATUS","1061738048","2.27","United States"
"5485","MRC Global","MRC","1061199872","12.33","United States"
"5486","Aksa Energy","AKSEN.IS","1060871001","0.865071","Turkey"
"5487","Pilot Corporation","7846.T","1060610920","27.5197","Japan"
"5488","TriMas","TRS","1060196352","26.08","United States"
"5489","Happiest Minds Technologies","HAPPSTMNDS.NS","1060174135","7.06561","India"
"5490","Marten Transport","MRTN","1058599232","12.99","United States"
"5491","J D Wetherspoon","JDW.L","1058365869","980.214","United Kingdom"
"5492","Chimera Investment Corporation","CIM","1058287104","13.07","United States"
"5493","Neuren Pharmaceuticals","NEU.AX","1058247725","8.3225","Australia"
"5494","Astronics Corporation","ATRO","1057874112","29.86","United States"
"5495","Ferretti","F3T1.F","1057533937","3.03257","Italy"
"5496","Reit 1 Ltd","RIT1.TA","1056713582","542.144","Israel"
"5497","Zigup","ZIG.L","1056530029","473.978","United Kingdom"
"5498","Takara Standard","7981.T","1056354683","15.7096","Japan"
"5499","Softchoice","SFTC.TO","1056349490","17.5091","Canada"
"5500","Bunka Shutter","5930.T","1056268964","14.8446","Japan"
"5501","The First Bancshares","FBMS","1056163584","33.81","United States"
"5502","Easterly Government Properties","DEA","1055141056","20.96","United States"
"5503","Nokian Tyres","TYRES.HE","1054655862","7.64953","Finland"
"5504","Acadian Asset Management","AAMI","1054171584","29.45","United States"
"5505","Elementis","ELM.L","1053708850","178.159","United Kingdom"
"5506","Praj Industries","PRAJIND.NS","1053245861","5.72999","India"
"5507","Mensch und Maschine","MUM.F","1052931109","61.741","Germany"
"5508","LEM Holding","LEHN.SW","1052061896","923.55","Switzerland"
"5509","Toagosei","4045.T","1051624819","9.5848","Japan"
"5510","10x Genomics","TXG","1051564352","8.54","United States"
"5511","Biolife Solutions","BLFS","1051102528","22.1","United States"
"5512","Array Technologies","ARRY","1051048896","6.89","United States"
"5513","Al Seer Marine Supplies &amp; Equipment Company","ASM.AE","1050977872","1.05","United Arab Emirates"
"5514","Peoples Bancorp","PEBO","1050125248","29.46","United States"
"5515","Nick Scali Limited","NCK.AX","1049215522","12.2671","Australia"
"5516","Israel Canada (T.R) Ltd","ISCN.TA","1047621173","316.598","Israel"
"5517","Heiwa Real Estate","8803.T","1045768493","31.3215","Japan"
"5518","Union Coop","UNIONCOOP.AE","1045678477","0.599047","United Arab Emirates"
"5519","Utz Brands","UTZ","1045650816","12.15","United States"
"5520","Cosmo Pharmaceuticals","C43.F","1045134745","65.2593","Ireland"
"5521","Enghouse Systems","ENGH.TO","1044747916","18.9419","Canada"
"5522","Aveanna Healthcare","AVAH","1043752896","5.35","United States"
"5523","MYT Netherlands Parent (Mytheresa)","MYTE","1041897344","7.64","Germany"
"5524","Safehold","SAFE","1041422272","14.52","United States"
"5525","Healthcare Services Group","HCSG","1041277568","14.28","United States"
"5526","International General Insurance","IGIC","1039563904","22.95","Jordan"
"5527","Lectra SA","LSS.PA","1039362615","27.2387","France"
"5528","GungHo Online Entertainment","3765.T","1038813019","19.1731","Japan"
"5529","Konoike Transport","9025.T","1038487058","19.5672","Japan"
"5530","Star Asia Investment Corporation","3468.T","1038421454","386.461","Japan"
"5531","Phu Nhuan Jewelry (PNJ)","PNJ.VN","1036276969","3.06677","Vietnam"
"5532","Nitto Boseki","3110.T","1034936003","28.4265","Japan"
"5533","Sudarshan Chemical","SUDARSCHEM.NS","1034587097","13.1672","India"
"5534","Transport Corporation of India","TCI.NS","1034091918","13.4983","India"
"5535","NANO Nuclear Energy","NNE","1033910848","27.57","United States"
"5536","Karnov Group","KAR.ST","1033695861","9.58226","Sweden"
"5537","Cargojet","CJT.TO","1033064511","66.5682","Canada"
"5538","Origin Bancorp","OBK","1031700992","33.11","United States"
"5539","Iress Limited","IRE.AX","1030328361","5.516","Australia"
"5540","Compagnie des Alpes","CDA.PA","1030274412","20.3609","France"
"5541","Kalpataru Power Transmission","KALPATPOWR.NS","1029335063","6.33","India"
"5542","Riyadh Cement Company","3092.SR","1028662879","8.57219","Saudi Arabia"
"5543","Towa Pharmaceutical","4553.T","1028483414","20.8926","Japan"
"5544","Harmonic","HLIT","1028051776","9.09","United States"
"5545","Verint Systems","VRNT","1027825728","17.06","United States"
"5546","Tabcorp","TAH.AX","1027502264","0.442961","Australia"
"5547","Meiko Electronics","6787.T","1027455586","40.0413","Japan"
"5548","Cloetta","CLA-B.ST","1026881297","3.58968","Sweden"
"5549","Mezzan Holding Company","MEZZAN.KW","1026526936","3298.57","Kuwait"
"5550","Preferred Bank","PFBC","1025161472","82.5","United States"
"5551","Middlesex Water Company","MSEX","1024497792","57.17","United States"
"5552","Scandinavian Tobacco Group","STG.CO","1024248505","13.0089","Denmark"
"5553","OCB (Orient Commercial Joint Stock Bank)","OCB.VN","1024221764","0.415373","Vietnam"
"5554","Petco","WOOF","1023366208","3.69","United States"
"5555","Savencia Fromage &amp; Dairy","SAVE.PA","1022895417","78.0842","France"
"5556","Helios Technologies","HLIO","1022619648","30.68","United States"
"5557","Kornit Digital","KRNT","1021681920","22.54","Israel"
"5558","Ibstock plc","IBST.L","1021128720","259.141","United Kingdom"
"5559","Liontown Resources","LTR.AX","1020333764","0.410628","Australia"
"5560","Enfusion","ENFN","1020070592","10.76","United States"
"5561","Paul Hartmann","PHH2.F","1019850423","287.141","Germany"
"5562","Endeavour Silver","EXK","1019180800","3.52","Canada"
"5563","Fox Factory Holding","FOXF","1018616832","24.42","United States"
"5564","OppFi","OPFI","1018256704","11.73","United States"
"5565","EPIC Suisse","EPIC.SW","1017805442","98.5281","Switzerland"
"5566","Porch Group","PRCH","1017798464","9.86","United States"
"5567","Formosa Sumco Technology","3532.TW","1016839651","2.62175","Taiwan"
"5568","Hokuriku Electric Power Company","9505.T","1016632011","4.86774","Japan"
"5569","Autoneum Holding","AUTN.SW","1016611213","175.511","Switzerland"
"5570","NAPCO Security Technologies","NSSC","1015850816","28.49","United States"
"5571","Udemy","UDMY","1015832768","6.83","United States"
"5572","United Development Company","UDCD.QA","1014592563","0.286538","Qatar"
"5573","East Pipes Integrated Company for Industry","1321.SR","1012904937","32.1557","Saudi Arabia"
"5574","DAIHEN Corporation","6622.T","1012170505","42.3433","Japan"
"5575","Global Industrial Company","GIC","1011965760","26.38","United States"
"5576","Xvivo Perfusion AB","XVIVO.ST","1011184943","32.1016","Sweden"
"5577","Vietcap Securities","VCI.VN","1010523682","1.40722","Vietnam"
"5578","Kossan Rubber Industries","7153.KL","1010451678","0.397351","Malaysia"
"5579","Electrica","ECEA.F","1010418214","11.5764","Romania"
"5580","Radware","RDWR","1008681984","23.63","Israel"
"5581","MLP SE","MLP.DE","1008503879","9.2271","Germany"
"5582","Judo Capital Holdings","JDO.AX","1008256201","0.902089","Australia"
"5583","MaxLinear","MXL","1007982272","11.67","United States"
"5584","OPKO Health","OPK","1007177280","1.27","United States"
"5585","Agthia Group","AGTHIA.AE","1007118838","1.21","United Arab Emirates"
"5586","TCG BDC","CGBD","1006790464","13.81","United States"
"5587","OVS S.p.A.","OVS.MI","1006280767","4.09942","Italy"
"5588","Frey SA","FREY.PA","1006129030","31.5515","France"
"5589","Fnac Darty","FNAC.PA","1005967777","35.921","France"
"5590","Kinepolis Group","KIN.BR","1004566619","37.1127","Belgium"
"5591","Symphony Limited","SYMPHONY.NS","1004437928","14.6267","India"
"5592","MAAS Group Holdings","MGH.AX","1004041598","2.7677","Australia"
"5593","Couchbase","BASE","1001891072","18.56","United States"
"5594","Sakata Seed","1377.T","1001630145","23.1598","Japan"
"5595","Harvia Oyj","HARVIA.HE","1001153213","53.5694","Finland"
"5596","Ducommun","DCO","1000674112","67.26","United States"
"5597","Sabre","SABR","1000542080","2.58","United States"
"5598","Liberty Latin America","LILA","1000386368","4.97","United States"
"5599","IFA Hotels and Resorts","IFAHR.KW","999383051","4361.15","Kuwait"
"5600","RPC","RES","999159488","4.53","United States"
"5601","Voltamp Transformers","VOLTAMP.NS","998987304","98.7425","India"
"5602","Manitou Group","MTU.PA","998927995","26.047","France"
"5603","Savaria Corporation","SIS.TO","996657934","13.9583","Canada"
"5604","AMAG Austria Metall","AM8.F","996533315","28.0331","Austria"
"5605","PennantPark Floating Rate","PFLT","996147776","10.04","United States"
"5606","Cybozu","4776.T","996020118","21.5553","Japan"
"5607","Develia","DVL.WA","995111688","2.17426","Poland"
"5608","Craneware","CRW.L","995035921","2810.06","United Kingdom"
"5609","Vetoquinol","VETO.PA","993507570","82.851","France"
"5610","Arena REIT","ARF.AX","993310411","2.48317","Australia"
"5611","MiMedx Group","MDXG","992557440","6.72","United States"
"5612","Camping World","CWH","991724992","15.85","United States"
"5613","Elvalhalcor Hellenic Copper and Aluminium Industry","ELHA.AT","990168689","2.63875","Greece"
"5614","Custom Truck One Source","CTOS","989700096","4.37","United States"
"5615","Singapore Post","S08.SI","989511446","0.439535","Singapore"
"5616","Time Technoplast","TIMETECHNO.NS","989077471","4.35679","India"
"5617","Mediaset España Comunicación","TL5.MC","988369326","3.16","Spain"
"5618","Bain Capital","BCSF","987947200","15.23","United States"
"5619","StorageVault Canada","SVI.TO","987655358","2.70184","Canada"
"5620","Rhön-Klinikum","RHK.DE","987629681","14.7543","Germany"
"5621","Gyre Therapeutics","GYRE","987612224","11.21","United States"
"5622","Vermilion Energy","VET","987389120","6.39","Canada"
"5623","Marshalls plc","MSLH.L","986437457","381.288","United Kingdom"
"5624","Evolv Technologies","EVLV","985616000","6.01","United States"
"5625","XPEL","XPEL","985143552","35.61","United States"
"5626","Altareit","AREIT.PA","984237194","562.933","France"
"5627","Rashtriya Chemicals and Fertilizers","RCF.NS","984042093","1.78369","India"
"5628","Nisshinbo Holdings","3105.T","983844582","6.30197","Japan"
"5629","Integra LifeSciences","IART","983837760","12.66","United States"
"5630","Abu Dhabi National Insurance Company","ADNIC.AE","982464261","1.72","United Arab Emirates"
"5631","Bonheur ASA","BONHR.OL","981777372","23.0833","Norway"
"5632","Campus Activewear","CAMPUS.NS","981464911","3.21372","India"
"5633","OceanFirst Financial","OCFC","980259008","16.79","United States"
"5634","Hansol Chemical","014680.KS","979916752","86.449","South Korea"
"5635","Intellia Therapeutics","NTLA","979895168","9.46","United States"
"5636","Redwire","RDW","979730048","12.71","United States"
"5637","GB Group (GBG)","GBG.L","979418974","368.466","United Kingdom"
"5638","Applied Optoelectronics","AAOI","978136896","17.61","United States"
"5639","Momo","MOMO","976867456","6.08","China"
"5640","Energy Fuels","UUUU","976796992","4.5","United States"
"5641","Kier Group","KIE.L","976529468","223.251","United Kingdom"
"5642","Sinclair Broadcast","SBGI","976088192","14.03","United States"
"5643","Veridis Environment","VRDS.TA","974557349","671.345","Israel"
"5644","Thermon Group","THR","972633216","28.87","United States"
"5645","MoneyLion","ML","972396608","85.9","United States"
"5646","Innovex International","INVX","971220160","14.08","United States"
"5647","Ottogi","007310.KS","970965227","282.312","South Korea"
"5648","Formosa Taffeta","1434.TW","970871615","0.577051","Taiwan"
"5649","Dicker Data","DDR.AX","970636579","5.37374","Australia"
"5650","First Watch Restaurant","FWRG","970401792","15.91","United States"
"5651","Select Energy Services","WTTR","970135040","8.07","United States"
"5652","Srisawad Corporation","SAWAD.BK","969852294","0.583717","Thailand"
"5653","Navitas Semiconductor","NVTS","968630464","5.05","Ireland"
"5654","Future plc","FUTR.L","968321615","909.017","United Kingdom"
"5655","AmRest","EAT.MC","967345872","4.47168","Spain"
"5656","Allegiant Air","ALGT","967316608","52.99","United States"
"5657","The Pennant Group","PNTG","967200128","28.06","United States"
"5658","Norion Bank","NORION.ST","966781472","4.70726","Sweden"
"5659","Investcorp Capital","ICAP.AE","966707485","0.44","United Arab Emirates"
"5660","Spadel","SPA.BR","965849343","229.259","Belgium"
"5661","Cancom","COK.F","965739517","30.6435","Germany"
"5662","Alfa Financial Software","ALFA.L","965608843","325.951","United Kingdom"
"5663","Winnebago Industries","WGO","965475072","34.45","United States"
"5664","Arezzo Indústria e Comércio","ARZZ3.SA","965378440","8.7004","Brazil"
"5665","CECO Environmental","CECO","964224384","27.34","United States"
"5666","Cera Sanitaryware","CERA.NS","963995904","74.7423","India"
"5667","I.B.I. Investment House","IBI.TA","963809241","7081","Israel"
"5668","Komeri Co.,Ltd.","8218.T","962278008","20.2997","Japan"
"5669","EL.En. S.p.A. (Elen Group)","ELN.MI","961970410","11.985","Italy"
"5670","Perfect Presentation for Commercial Services CompanyPerfect Presentation for Commercial Services","7204.SR","961471838","3.20491","Saudi Arabia"
"5671","Kelt Exploration","KEL.TO","961040474","4.83869","Canada"
"5672","MFA Financial","MFA","960832064","9.36","United States"
"5673","Gorman-Rupp","GRC","960008512","36.51","United States"
"5674","HiteJinro","000080.KS","959990986","13.984","South Korea"
"5675","Victrex","VCT.L","957571764","1079.75","United Kingdom"
"5676","Montepino Logística","MLMTP.PA","956398175","11.1225","Spain"
"5677","Samhällsbyggnadsbolaget i Norden","SBB-B.ST","955697942","0.566968","Sweden"
"5678","Forestar Group","FOR","954470976","18.78","United States"
"5679","EuroTeleSites","ETS.VI","954026158","5.74282","Austria"
"5680","Jinko Solar","JKS","954019776","18.47","China"
"5681","Orient Corporation","8585.T","953055322","5.56672","Japan"
"5682","CareDx","CDNA","952693376","17.11","United States"
"5683","Penguin Solutions","PENG","952521088","18.04","United States"
"5684","Redox Limited","RDX.AX","950735456","1.81065","Australia"
"5685","Sun Corp","6736.T","950552725","42.6921","Japan"
"5686","Adecoagro","AGRO","949935424","9.5","Luxembourg"
"5687","Montage Gold Corp.","MAU.V","949046002","2.68011","Canada"
"5688","Navigator Holdings","NVGS","948608768","13.69","United Kingdom"
"5689","Barings BDC","BBDC","948383616","9.01","United States"
"5690","Accel Entertainment","ACEL","947982528","11.2","United States"
"5691","Isracard","ISCD.TA","947940991","468.911","Israel"
"5692","Ardelyx","ARDX","947449856","3.96","United States"
"5693","Brim hf.","BRIM.IC","946421584","0.491545","Iceland"
"5694","Ahlibank","ABOB.OM","946211762","0.402702","Oman"
"5695","Harrow Health","HROW","944647680","25.74","United States"
"5696","Plazza AG","PLAN.SW","944599128","456.328","Switzerland"
"5697","Perpetua Resources","PPTA","944372864","13.2","United States"
"5698","Yellow Hat","9882.T","944125681","10.6451","Japan"
"5699","ESAB India","ESABINDIA.NS","943374218","61.0337","India"
"5700","Ponsse","PON1V.HE","943122479","33.7079","Finland"
"5701","Geron","GERN","942638656","1.48","United States"
"5702","Japan Securities Finance","8511.T","940946075","11.4194","Japan"
"5703","Comer Industries","COM.MI","939753454","32.7999","Italy"
"5704","OSG Corporation","6136.T","939712807","11.3322","Japan"
"5705","Magellan Financial Group","MFG.AX","938839661","5.40607","Australia"
"5706","SD BioSensor","137310.KS","938733679","7.8477","South Korea"
"5707","Wave Life Sciences","WVE","938676096","6.09","Singapore"
"5708","AMS-Osram","AMS.SW","938166747","9.48364","Austria"
"5709","NeoGenomics","NEO","936899648","7.28","United States"
"5710","Curevac","CVAC","936661440","4.16","Germany"
"5711","Helix Energy Solutions","HLX","936455360","6.18","United States"
"5712","Wild Bunch","WBAH.F","934773497","39.0421","Germany"
"5713","Oculis Holding AG","OCS","934486016","17.95","Switzerland"
"5714","Solaria Energía","SLR.MC","933693538","7.47248","Spain"
"5715","Phibro Animal Health","PAHC","933083520","23.02","United States"
"5716","Lumi Rental Company","4262.SR","932675609","16.9577","Saudi Arabia"
"5717","Renewi","RWI.L","932429925","1166.13","United Kingdom"
"5718","Brookline Bancorp","BRKL","932034112","10.46","United States"
"5719","Catapult Group International","CAT.AX","932004734","3.43376","Australia"
"5720","MBB SE","MBB.DE","931986653","170.469","Germany"
"5721","Religare","RELIGARE.NS","930859790","2.81521","India"
"5722","Trinity Capital","TRIN","930325056","14.39","United States"
"5723","Syndax Pharmaceuticals","SNDX","930172416","10.81","United States"
"5724","Arcus Biosciences","RCUS","929670272","8.78","United States"
"5725","STAAR Surgical","STAA","929604928","18.77","United States"
"5726","Al Majed for Oud Company","4165.SR","927876283","37.1151","Saudi Arabia"
"5727","Community Trust Bancorp","CTBI","926734720","51.17","United States"
"5728","Collegium Pharmaceutical","COLL","926338176","28.82","United States"
"5729","Altius Minerals","ALS.TO","926332571","20.0067","Canada"
"5730","Newag","NWG.WA","925530193","20.5673","Poland"
"5731","Yurtec Corporation","1934.T","923968043","13.4564","Japan"
"5732","Engro Corporation","ENGRO.PK","923808278","1.72151","Pakistan"
"5733","Gaotu Techedu","GOTU","923768128","3.73","China"
"5734","Sundaram Finance","SUNDARMHLD.NS","923415368","4.18418","India"
"5735","Foran Mining","FOM.TO","922684422","2.18755","Canada"
"5736","Momentum Group AB","MMGR-B.ST","920477820","18.6194","Sweden"
"5737","Asseco South Eastern Europe","ASE.WA","920396790","17.736","Poland"
"5738","Imdex Limited","IMD.AX","920144531","1.79771","Australia"
"5739","Africa Oil","AOI.TO","919799336","1.36179","Canada"
"5740","Troax Group AB","TROAX.ST","919783878","15.3694","Sweden"
"5741","GVS S.p.A.","GVS.MI","918492539","4.85756","Italy"
"5742","Galaxy Surfactants","GALAXYSURF.NS","918486567","25.8988","India"
"5743","D/S Norden (Dampskibsselskabet Norden)","DNORD.CO","918094676","31.404","Denmark"
"5744","BJ's Restaurants","BJRI","917805696","41.5","United States"
"5745","Nagarro","NA9.DE","916780642","70.1396","Germany"
"5746","GAG Immobilien","GWK3.HM","916263761","56.7472","Germany"
"5747","UCT (Ultra Clean Holdings)","UCTT","915172288","20.27","United States"
"5748","Uxin Limited","UXIN","913328576","4.43","China"
"5749","Blend Labs","BLND","912586240","3.53","United States"
"5750","Elecom","6750.T","912440828","11.9496","Japan"
"5751","Agilon Health","AGL","910694400","2.2","United States"
"5752","DFDS A/S","DFDS.CO","910278839","16.8583","Denmark"
"5753","Willis Lease Finance Corporation","WLFC","909950848","131.82","United States"
"5754","Spyre Therapeutics","SYRE","909528704","15.07","United States"
"5755","Senior plc","SNR.L","909478862","220","United Kingdom"
"5756","Daqo New Energy","DQ","909288896","13.56","China"
"5757","Varroc","VARROC.NS","908833654","5.94603","India"
"5758","Expro Group","XPRO","908127168","7.87","United States"
"5759","Amalgamated Financial","AMAL","906372800","29.63","United States"
"5760","Encore Capital Group","ECPG","906182464","38.81","United States"
"5761","InMode","INMD","905787840","14.33","Israel"
"5762","Collective Mining","CNL","904565120","10.65","Canada"
"5763","Adastria","2685.T","904224256","19.5323","Japan"
"5764","Bel Fuse","BELFB","903897856","72.53","United States"
"5765","Mitsui High-tec","6966.T","903857264","4.94587","Japan"
"5766","Kohl's","KSS","902837632","8.11","United States"
"5767","BKS Bank","BKS.VI","902673113","19.748","Austria"
"5768","The Bank of Nagoya","8522.T","902248946","55.0393","Japan"
"5769","Viña Concha y Toro","CONCHATORO.SN","901499387","1.21987","Chile"
"5770","Bajaj Electricals","BAJAJELEC.NS","900893572","7.81063","India"
"5771","Nutex Health","NUTX","900860992","161.86","United States"
"5772","Parex Resources","PXT.TO","900255819","9.22827","Canada"
"5773","TANLA","TANLA.NS","899387643","6.69516","India"
"5774","ScanSource","SCSC","899304832","39.8","United States"
"5775","Kirloskar Ferrous Industries","KIRLFER.NS","898973455","5.4018","India"
"5776","Toyo Construction","1890.T","898965677","9.57085","Japan"
"5777","MOIL","MOIL.NS","898606303","4.41608","India"
"5778","Fluence Energy","FLNC","898334720","4.93","United States"
"5779","Hagar hf.","HAGA.IC","898334255","0.817932","Iceland"
"5780","KOMEDA Holdings","3543.T","897760295","19.7346","Japan"
"5781","Astec Industries","ASTE","896615040","39.21","United States"
"5782","Laurentian Bank of Canada","LB.TO","894799681","20.2819","Canada"
"5783","Propel Holdings","PRL.TO","894480363","23.02","Canada"
"5784","Eagle Point Credit Company","ECC","894161536","7.44","United States"
"5785","Black Box","BBOX.NS","893701934","5.27734","India"
"5786","Pharvaris","PHVS","893141888","16.39","Netherlands"
"5787","Heidrick &amp; Struggles","HSII","892468224","43.28","United States"
"5788","Navigo Invest","NAVIGO-STAM.ST","891733933","0.194476","Sweden"
"5789","FDC India","FDC.NS","891415626","5.47519","India"
"5790","Nanosonics Limited","NAN.AX","891315664","2.93583","Australia"
"5791","GO (Etihad Atheeb Telecommunication Company)","7040.SR","891131939","26.2098","Saudi Arabia"
"5792","Bangkok Airways","BA.BK","890322632","0.423963","Thailand"
"5793","Protolabs","PRLB","889971200","37.44","United States"
"5794","BKI Investment Company","BKI.AX","889908700","1.09609","Australia"
"5795","Sally Beauty Holdings","SBH","889885056","8.82","United States"
"5796","Helia Group","HLI.AX","889733553","3.26563","Australia"
"5797","Ivanhoe Electric","IE","889678912","6.71","Canada"
"5798","SLR Investment","SLRC","889239936","16.3","United States"
"5799","Takasago International Corporation","4914.T","889213133","45.622","Japan"
"5800","Franklin BSP Realty Trust","FBRT","888739840","10.81","United States"
"5801","Global Ship Lease","GSL","888534400","24.95","United Kingdom"
"5802","Mullen Group","MTL.TO","888274606","10.1554","Canada"
"5803","Capital A (Air Asia)","5099.KL","886995315","0.204588","Malaysia"
"5804","Emerald Holding","EEX","886911168","4.46","United States"
"5805","ThredUp","TDUP","886852480","7.5","United States"
"5806","Melco International Development","0200.HK","886563328","0.437997","Hong Kong"
"5807","Aeva Technologies","AEVA","885863872","16.1","United States"
"5808","South Indian Bank","SOUTHBANK.NS","884121836","0.337928","India"
"5809","Network18","NETWORK18.NS","883925996","0.573233","India"
"5810","Kumho Tire","073240.KS","883453522","3.07545","South Korea"
"5811","AMERISAFE","AMSF","883362368","46.37","United States"
"5812","SolarEdge","SEDG","882415552","14.945","Israel"
"5813","Fuso Chemical","4368.T","881720087","25.0084","Japan"
"5814","Kaveri Seed","KSCL.NS","881258300","17.2064","India"
"5815","Gulf Insurance Group","GINS.KW","881171421","3096.48","Kuwait"
"5816","Corsair Gaming","CRSR","880430656","8.32","United States"
"5817","Siam Global House","GLOBAL.BK","879577017","0.162826","Thailand"
"5818","Tompkins Financial","TMP","879349696","60.92","United States"
"5819","Stratasys","SSYS","879074112","10.46","Israel"
"5820","Mishra Dhatu Nigam","MIDHANI.NS","878341861","4.68849","India"
"5821","Al-Babtain Power and Telecommunications","2320.SR","878088396","13.7315","Saudi Arabia"
"5822","Bukalapak.com","BUKA.JK","877778716","0.00851064","Indonesia"
"5823","JOST Werke SE","JST.DE","877664301","58.9036","Germany"
"5824","Royal holdings","8179.T","876444421","17.8023","Japan"
"5825","Nextage Co Ltd","3186.T","875305558","10.8684","Japan"
"5826","Zignago Vetro","ZV.MI","874924308","9.74918","Italy"
"5827","Caisse régionale de Crédit Agricole Mutuel Atlantique Vendée","CRAV.PA","874626499","119.6","France"
"5828","Endava","DAVA","873979648","14.7","United Kingdom"
"5829","Superloop Limited","SLC.AX","873881488","1.70718","Australia"
"5830","Bumble","BMBL","873085824","5.84","United States"
"5831","Esso (Thailand)","ESSO.BK","872280968","0.25","Thailand"
"5832","Morguard","MRC.TO","872251102","81.4899","Canada"
"5833","O.Y. Nofar Energy","NOFR.TA","871664139","2452.59","Israel"
"5834","Myer Holdings","MYR.AX","871623127","0.504394","Australia"
"5835","Karnataka Bank","KTKBANK.NS","871285176","2.30385","India"
"5836","ConnectOne Bancorp","CNOB","870960768","22.64","United States"
"5837","Equasens","EQS.PA","870048585","57.7687","France"
"5838","CVR Partners","UAN","869878144","82.3","United States"
"5839","Zehnder Group","ZEHN.SW","869503941","78.072","Switzerland"
"5840","QuinStreet","QNST","869086016","15.26","United States"
"5841","Bellevue Gold","BGL.AX","868760776","0.58846","Australia"
"5842","HSBC Oman","HBMO.OM","867893572","0.433879","Oman"
"5843","SAKURA Internet","3778.T","867811311","21.6948","Japan"
"5844","Aecon Group","ARE.TO","867724456","13.7917","Canada"
"5845","Ecovyst","ECVT","867593344","7.39","United States"
"5846","Resolute Mining","RSG.AX","867364903","0.400929","Australia"
"5847","Viant Technology","DSP","867173056","13.86","United States"
"5848","Yanbu Cement Company","3060.SR","866764397","5.50327","Saudi Arabia"
"5849","Danya Cebus","DNYA.TA","865625368","2744.41","Israel"
"5850","Smith Douglas Homes","SDHC","865521472","16.83","United States"
"5851","Realia Business","RLIA.MC","865308909","1.06685","Spain"
"5852","Unitil Corporation","UTL","865203264","53.24","United States"
"5853","IPH Limited","IPH.AX","864681175","3.20743","Australia"
"5854","Dorian LPG","LPG","864650944","20.2","United States"
"5855","Evolent Health","EVH","864064000","7.36","United States"
"5856","Australian United Investment Company","AUI.AX","863960393","6.95805","Australia"
"5857","Pantoro Limited","PNR.AX","863387774","2.21804","Australia"
"5858","Turpaz Industries","TRPZ.TA","862595896","855.122","Israel"
"5859","Plug Power","PLUG","862564160","0.7999","United States"
"5860","Bergman &amp; Beving","BERG-B.ST","862264112","32.2379","Sweden"
"5861","Kiwi Property","KPG.NZ","861800343","0.530267","New Zealand"
"5862","Synergie SE","SDG.PA","861276132","37.5667","France"
"5863","Riken Keiki","7734.T","860113053","18.7231","Japan"
"5864","APG|SGA","APGN.SW","859759001","286.869","Switzerland"
"5865","NETGEAR","NTGR","859478336","29.86","United States"
"5866","ISE Chemicals","4107.T","859225975","168.606","Japan"
"5867","Avadel Pharmaceuticals","AVDL","859041408","8.88","Ireland"
"5868","NEUCA","NEU.WA","858548632","188.578","Poland"
"5869","CrossAmerica Partners","CAPL","857574720","22.51","United States"
"5870","CI&amp;T","CINT","857268288","6.37","Brazil"
"5871","Engro Fertilizers","EFERT.PK","857205805","0.641958","Pakistan"
"5872","ATOM Corporation","7412.T","856828870","4.43663","Japan"
"5873","Rupert Resources","RUP.TO","856112165","3.65799","Canada"
"5874","Sumitomo Osaka Cement","5232.T","856001281","25.9641","Japan"
"5875","Univest","UVSP","855431552","29.62","United States"
"5876","Sto SE &amp; Co. KGaA","STO3.DE","854757880","133.016","Germany"
"5877","Raito Kogyo","1926.T","854164436","19.3789","Japan"
"5878","Frontier Airlines","ULCC","854118720","3.75","United States"
"5879","Bicara Therapeutics","BCAX","854036864","15.66","United States"
"5880","Transcat","TRNS","853610368","91.63","United States"
"5881","Bestway Cement","BWCL.PK","853300187","1.4311","Pakistan"
"5882","Aeon Hokkaido Corporation","7512.T","853206839","6.12478","Japan"
"5883","Hammond Power Solutions","HPS-A.TO","853109514","71.6604","Canada"
"5884","Borosil","BORORENEW.NS","852905454","6.43508","India"
"5885","TF Bank AB","TFBANK.ST","852876145","39.5766","Sweden"
"5886","Villar International","VILR.TA","852524338","4811.63","Israel"
"5887","Arzan Financial Group for Financing and Investment","ARZAN.KW","852318853","987.614","Kuwait"
"5888","Miramar Hotel and Investment","0071.HK","851446631","1.23227","Hong Kong"
"5889","Arjo AB","ARJO-B.ST","850936672","3.12419","Sweden"
"5890","Deutsche Pfandbriefbank","PBB.DE","850116772","6.31597","Germany"
"5891","NorthWest Healthcare Properties REIT","NWH-UN.TO","849675634","3.39722","Canada"
"5892","Southside Bancshares","SBSI","849617728","28.12","United States"
"5893","HealthStream","HSTM","849213824","27.82","United States"
"5894","Enerflex","EFXT","849119168","6.85","Canada"
"5895","Kakao Games","293490.KQ","849080387","10.3783","South Korea"
"5896","Silvercorp Metals","SVM","848431680","3.87","Canada"
"5897","American Woodmark","AMWD","848248128","57.18","United States"
"5898","Mastek","MASTEK.NS","847882004","27.3924","India"
"5899","The Real Brokerage","REAX","847482048","4.11","Canada"
"5900","Grendene","GRND3.SA","847263740","0.93029","Brazil"
"5901","Banco de Brasília","BSLI3.SA","846815647","1.38215","Brazil"
"5902","PHC Holdings Corporation","6523.T","846447491","6.71075","Japan"
"5903","Doosan Fuel Cell","336260.KS","846058008","12.2213","South Korea"
"5904","SMA Solar Technology","S92.F","845249039","24.2197","Germany"
"5905","Placoplatre","MLPLC.PA","844662209","646.919","France"
"5906","Orient Cement","ORIENTCEM.NS","844239148","4.10786","India"
"5907","Tadano","6395.T","844152106","6.6396","Japan"
"5908","First Mid-Illinois Bancshares","FMBH","843693056","35.17","United States"
"5909","ITOCHU-SHOKUHIN","2692.T","842536416","66.41","Japan"
"5910","Al Meera Consumer Goods Company","MERS.QA","842109890","4.08791","Qatar"
"5911","Empiric Student Property Plc","ESP.L","841731859","125.251","United Kingdom"
"5912","Gentherm","THRM","841238144","27.26","United States"
"5913","Kennedy Wilson","KW","840821376","6.08","United States"
"5914","Séché Environnement","SCHP.PA","840198915","106.231","France"
"5915","Apogee Enterprises","APOG","838762176","38.88","United States"
"5916","Maravai LifeSciences","MRVI","838464512","2.295","United States"
"5917","Global Medical REIT","GMRE","837741440","6.16","United States"
"5918","Revenio","REG1V.HE","837724989","31.4947","Finland"
"5919","Fenix Outdoor","FOI-B.ST","837002656","62.2742","Switzerland"
"5920","SPIMACO (Saudi Pharmaceutical Industries and Medical Appliances Corporation)","2070.SR","836964782","7.0124","Saudi Arabia"
"5921","Sparebanken Sør","SOR.OL","836522864","20.0682","Norway"
"5922","Sheela Foam","SFL.NS","835688557","7.67208","India"
"5923","MA Financial Group","MAF.AX","835043126","4.55248","Australia"
"5924","Surya Roshni","SURYAROSNI.NS","834959255","3.8378","India"
"5925","i3 Verticals","IIIV","834406016","25.12","United States"
"5926","uniQure","QURE","833819648","15.23","Netherlands"
"5927","Yext","YEXT","833520512","6.69","United States"
"5928","Africa Israel Residences","AFRE.TA","833037957","6582.57","Israel"
"5929","Olaplex","OLPX","832403776","1.25","United States"
"5930","Grieg Seafood","GSF.OL","831660562","7.4094","Norway"
"5931","Nissin Corporation","9066.T","831655352","56.6438","Japan"
"5932","Cable One","CABO","831615616","147.77","United States"
"5933","CorMedix","CRMD","831530880","12.26","United States"
"5934","Vamos Locação de Caminhões, Máquinas e Equipamentos S.A.","VAMO3.SA","831247977","0.753092","Brazil"
"5935","AO World","AO.L","830660847","143.337","United Kingdom"
"5936","u-blox","UBXN.SW","830582279","111.843","Switzerland"
"5937","Radius Recycling (Schnitzer Steel)","RDUS","829984896","29.43","United States"
"5938","Quanex Building Products","NX","829364032","17.56","United States"
"5939","NRW Holdings Limited","NWH.AX","828120294","1.81065","Australia"
"5940","AMN Healthcare Services","AMN","827809152","21.67","United States"
"5941","Bristow Group","VTOL","825851136","28.7","United States"
"5942","PROS","PRO","825455616","17.25","United States"
"5943","Central Plaza Hotel","CENTEL.BK","825345661","0.611367","Thailand"
"5944","Tosei Corporation","8923.T","823570558","16.9862","Japan"
"5945","Sky Harbour Group","SKYH","823316416","10.85","United States"
"5946","Better Collective A/S","BETCO-DKK.CO","822912074","13.3893","Denmark"
"5947","Enliven Therapeutics","ELVN","822892160","16.77","United States"
"5948","Mani, Inc.","7730.T","822160537","8.34659","Japan"
"5949","E2open","ETWO","821476224","2.65","United States"
"5950","Riskified","RSKD","820280000","5","Israel"
"5951","GL Events SA","GLO.PA","819699884","27.6927","France"
"5952","Agrana","AGR.VI","819144215","13.1086","Austria"
"5953","EverQuote","EVER","818944704","22.65","United States"
"5954","Voyageurs du Monde","ALVDM.PA","818501746","183.861","France"
"5955","Converge Technology Solutions","CTS.TO","818343477","4.33888","Canada"
"5956","SÜSS MicroTec","SMHN.DE","817469145","42.7647","Germany"
"5957","Kvutzat Acro","ACRO.TA","817394820","1296.47","Israel"
"5958","Mitani Sekisan","5273.T","817311180","46.0405","Japan"
"5959","GOL Airlines","GOLL4.SA","817108325","0.255165","Brazil"
"5960","B.Grimm Power","BGRIM.BK","816908782","0.313364","Thailand"
"5961","Musti Group","MUSTI.HE","816603391","24.4581","Finland"
"5962","Tian An China Investments Company","0028.HK","816241082","0.556754","Hong Kong"
"5963","Tokai Tokyo Financial Holdings","8616.T","815951790","3.25074","Japan"
"5964","Compañía de Acero del Pacífico","CAP.SN","815454813","5.45645","Chile"
"5965","Huya","HUYA","813576448","3.64","China"
"5966","Media and Games Invest","M8G.DE","813132385","4.31052","Malta"
"5967","Mutares","MUX.DE","812887818","38.0774","Germany"
"5968","First Milling Company","2283.SR","812411717","14.638","Saudi Arabia"
"5969","TXO Energy Partners","TXO","811424832","15.3","United States"
"5970","Tiptree","TIPT","811060096","21.63","United States"
"5971","Elior Group","ELIOR.PA","810529892","3.20281","France"
"5972","Piovan S.p.A.","PVN.MI","809443541","15.8325","Italy"
"5973","Hallador Energy Company","HNRG","809241856","18.83","United States"
"5974","Groupe CRIT","CEN.PA","808322905","76.7223","France"
"5975","Oxford Industries","OXM","808147904","54.33","United States"
"5976","Faro Technologies","FARO","807500416","42","United States"
"5977","ENCE Energía y Celulosa","ENC.MC","806962134","3.32539","Spain"
"5978","Vitesse Energy","VTS","806251904","20.88","United States"
"5979","Habib Bank","HBL.PK","805819384","0.549353","Pakistan"
"5980","Trulieve Cannabis","TRUL.CN","805531239","4.21574","United States"
"5981","Cohu","COHU","803566656","17.28","United States"
"5982","BML, Inc.","4694.T","803522011","20.5996","Japan"
"5983","Standard Chartered Bank (Pakistan)","SCBPL.PK","803290350","0.207484","Pakistan"
"5984","Caisse Régionale de Crédit Agricole Mutuel Sud Rhône Alpes","CRSU.PA","803289488","179.321","France"
"5985","EZCorp","EZPW","803035328","13.14","United States"
"5986","Salhia Real Estate Company","SRE.KW","802965111","1333.12","Kuwait"
"5987","Morgan Advanced Materials","MGAM.L","802716659","286.809","United Kingdom"
"5988","Piedmont Office Realty Trust","PDM","802431552","6.45","United States"
"5989","Totech Corporation","9960.T","802419893","19.4975","Japan"
"5990","Ethos Watches","ETHOSLTD.NS","802110649","32.7654","India"
"5991","XPLR Infrastructure","XIFR","801828480","8.53","United States"
"5992","Telesat","TSAT","801384512","15.7","Canada"
"5993","Olvi plc","OLVAS.HE","801162256","38.7016","Finland"
"5994","Chimerix","CMRX","801084480","8.54","United States"
"5995","Altus Power","AMPS","800500736","4.99","United States"
"5996","Niagen Bioscience","NAGE","800300096","10.16","United States"
"5997","Murano Global Investments","MRNO","800278272","10.09","United Kingdom"
"5998","Zymeworks","ZYME","799966592","11.48","Canada"
"5999","NTN Corporation","6472.T","799575334","1.51027","Japan"
"6000","Vizsla Silver","VZLA","799157760","2.72","Canada"
"6001","Daikokutenbussan","2791.T","798945242","57.6902","Japan"
"6002","Mader Group Limited","MAD.AX","798930374","3.86702","Australia"
"6003","NerdWallet","NRDS","798029952","10.71","United States"
"6004","Gokaldas Exports","GOKEX.NS","796541183","10.897","India"
"6005","Associated Capital Group","AC","796468544","37.68","United States"
"6006","Cronos Group","CRON","795108864","2.05","Canada"
"6007","Caisse Régionale de Crédit Agricole Mutuel Alpes Provence","CRAP.PA","794354620","107.82","France"
"6008","LENZ Therapeutics","LENZ","794285760","28.22","United States"
"6009","Westlake Chemical Partners","WLKP","794278080","22.54","United States"
"6010","Guild Mortgage","GHLD","793802176","12.76","United States"
"6011","SiteMinder","SDR.AX","793784003","2.8259","Australia"
"6012","Aktia Bank","AKTIA.HE","792721898","10.8274","Finland"
"6013","Bawan Company","1302.SR","792694290","13.2116","Saudi Arabia"
"6014","Compass Minerals","CMP","792454336","19.04","United States"
"6015","Audax Renovables","ADX.MC","792192087","1.75462","Spain"
"6016","Saudi Ceramic Company","2040.SR","792018131","7.94561","Saudi Arabia"
"6017","Strides Pharma","STAR.NS","791757820","8.59087","India"
"6018","SG Fleet Group","SGF.AX","790798983","2.25684","Australia"
"6019","Patrizia Immobilien","P1Z.VI","790180347","9.15901","Germany"
"6020","Bouvet","BOUV.OL","789988223","7.69114","Norway"
"6021","Riverstone Holdings","AP4.SI","789829604","0.532887","Singapore"
"6022","X-FAB","XFAB.PA","789758257","5.95846","Belgium"
"6023","CEWE","CWC.F","789166923","113.494","Germany"
"6024","Armah Sports","9590.SR","788515630","23.9968","Saudi Arabia"
"6025","Shenzhen Bingchuan Network","300533.SZ","788505383","3.36304","China"
"6026","discoverIE Group plc","DSCV.L","788245892","820.612","United Kingdom"
"6027","Prima Meat Packers","2281.T","788216015","15.6817","Japan"
"6028","Saudi Steel Pipes","1320.SR","787007138","15.5713","Saudi Arabia"
"6029","Tronox","TROX","785971520","4.96","United States"
"6030","Autobacs Seven","9832.T","785741420","10.0103","Japan"
"6031","Heritage Financial","HFWA","785449664","23.03","United States"
"6032","Admie Holding","ADMIE.AT","785240268","3.38781","Greece"
"6033","Pierre et Vacances","VAC.PA","785211431","1.70015","France"
"6034","SI-BONE","SIBN","784959104","18.42","United States"
"6035","Abacus Life","ABL","784641280","8.19","United States"
"6036","TOWA Corporation","6315.T","784327341","10.4568","Japan"
"6037","The Rank Group","RNK.L","783972747","167.362","United Kingdom"
"6038","Dexco","DXCO3.SA","783862347","0.969274","Brazil"
"6039","Kanamoto","9678.T","783512210","22.4971","Japan"
"6040","Deep Yellow","DYL.AX","783247579","0.80509","Australia"
"6041","Pacific Century Regional Developments","P15.SI","782440266","0.295616","Singapore"
"6042","Xeris Pharmaceuticals","XERS","781556480","4.88","United States"
"6043","Zuken Inc.","6947.T","781403806","36.0651","Japan"
"6044","PM Capital Global Opportunities Fund","PGF.AX","781282977","1.62958","Australia"
"6045","Liquidity Services","LQDT","781141952","25.02","United States"
"6046","Docebo","DCBO","781041600","26.34","Canada"
"6047","Praxis Precision Medicines","PRAX","780336448","38.31","United States"
"6048","Vetropack","VETN.SW","778649211","39.2781","Switzerland"
"6049","Daktronics","DAKT","778597376","15.605","United States"
"6050","Gulf Investment House Company","GIH.KW","778290795","1955.67","Kuwait"
"6051","GOLDCREST Co.,Ltd.","8871.T","777831893","23.4039","Japan"
"6052","Happinet","7552.T","777691599","35.4372","Japan"
"6053","The Keiyo Bank","8544.T","777589708","6.41777","Japan"
"6054","Synsam","SYNSAM.ST","777223607","5.37823","Sweden"
"6055","Kurabo Industries","3106.T","777105624","46.1103","Japan"
"6056","Kuwait Cement Company","KCEM.KW","776184198","1088.66","Kuwait"
"6057","Asseco Business Solutions","ABS.WA","775717746","23.5055","Poland"
"6058","PolyPeptide Group","PPGN.SW","775627075","23.5063","Switzerland"
"6059","Tsuburaya Fields Holdings","2767.T","775448674","12.4658","Japan"
"6060","Nittetsu Mining","1515.T","773861329","49.1796","Japan"
"6061","Cathay Real Estate Development","2501.TW","773555695","0.667111","Taiwan"
"6062","Electrosteel Castings","ELECTCAST.NS","773330100","1.25097","India"
"6063","Modern Mills for Food Products","2284.SR","773307640","9.54539","Saudi Arabia"
"6064","Sun Hung Kai &amp; Co.","0086.HK","771897649","0.393304","Hong Kong"
"6065","Pursuit Attractions and Hospitality","PRSU","770538432","27.27","United States"
"6066","Greenlam Industries","GREENLAM.NS","770423184","3.01951","India"
"6067","Kronos Worldwide","KRO","769590848","6.69","United States"
"6068","Cognyte Software","CGNT","769211776","10.69","Israel"
"6069","New Fortress Energy","NFE","769074944","2.805","United States"
"6070","Aussie Broadband Limited","ABB.AX","768752483","2.59957","Australia"
"6071","Earth Corporation","4985.T","768699784","35.2977","Japan"
"6072","ANGI Homeservices","ANGI","768271872","16.01","United States"
"6073","Ascopiave","ASC.MI","767641321","3.5467","Italy"
"6074","Lar España Real Estate","LRE.MC","767385147","9.17543","Spain"
"6075","Auction Technology Group","ATG.L","766250454","629.545","United Kingdom"
"6076","Kura Sushi USA","KRUS","765616384","63.35","United States"
"6077","Nuvation Bio","NUVB","765591744","2.25","United States"
"6078","World Acceptance Corporation","WRLD","765308672","142.79","United States"
"6079","Kforce","KFRC","765134080","41.07","United States"
"6080","Serica Energy","SQZ.L","764322188","195.716","United Kingdom"
"6081","Shoals Technologies","SHLS","763989824","4.57","United States"
"6082","Warteck Invest","WARN.SW","763925864","2469.26","Switzerland"
"6083","PIERER Mobility","PKTM.VI","763307611","22.5854","Austria"
"6084","Latitude Group Holdings","LFS.AX","763095821","0.730725","Australia"
"6085","Citycon","CTY1S.HE","762486092","4.13801","Finland"
"6086","Magic Software","MGIC","761800896","15.02","Israel"
"6087","Nurix Therapeutics","NRIX","761593600","9.99","United States"
"6088","Funai Soken Holdings Incorporated","9757.T","759669223","16.3862","Japan"
"6089","Harworth Group","HWG.L","759661713","234.171","United Kingdom"
"6090","Wirtualna Polska (WP Holding)","WPL.WA","759499580","25.6424","Poland"
"6091","Waha Capital Company","WAHA.AE","759047011","0.4","United Arab Emirates"
"6092","M.P. Evans Group PLC","MPE.L","758805167","1423.92","United Kingdom"
"6093","Service Stream Limited","SSM.AX","758783546","1.23189","Australia"
"6094","Koh Young Technology","098460.KQ","758592749","11.4973","South Korea"
"6095","The Westaim Corporation","WED.V","758572037","22.6071","Canada"
"6096","Biglari","BH","757992832","246.42","United States"
"6097","Vestis","VSTS","757752256","5.75","United States"
"6098","Phnom Penh Water Supply Authority","PWSA.KH","756681192","1.58","Cambodia"
"6099","Kosmos Energy","KOS","755254208","1.58","United States"
"6100","Target Hospitality","TH","755171712","7.6","United States"
"6101","Exmar","EXM.BR","754975190","13.12","Belgium"
"6102","Mitsuuroko Group Holdings","8131.T","754697689","13.3727","Japan"
"6103","Bénéteau","BEN.PA","754411604","9.19873","France"
"6104","Data#3 Limited","DTL.AX","754300099","4.86934","Australia"
"6105","CBL Properties","CBL","754212352","24.38","United States"
"6106","Gentrack Group","GTK.NZ","754131020","7.00071","New Zealand"
"6107","Société de la Tour Eiffel","EIFF.PA","754054014","5.62933","France"
"6108","Fujita Kanko","9722.T","753240522","62.8523","Japan"
"6109","Orchid Island Capital","ORC","752525760","6.89","United States"
"6110","sterling &amp; wilson solar","SWSOLAR.NS","752030188","3.22077","India"
"6111","Arclands Corporation","9842.T","751834100","12.0682","Japan"
"6112","HBT Financial","HBT","751795200","23.87","United States"
"6113","SBS Holdings","2384.T","751669348","18.9254","Japan"
"6114","Emirates Driving Company","DRIVE.AE","751051929","0.7","United Arab Emirates"
"6115","Portillo's","PTLO","751046912","11.72","United States"
"6116","Telus International","TIXT","750302976","2.7","Canada"
"6117","WELL Health Technologies","WELL.TO","749928185","2.96261","Canada"
"6118","Kohnan Shoji","7516.T","749758384","26.1943","Japan"
"6119","Guardian Capital Group","GCG.TO","748659255","30.7416","Canada"
"6120","ACLEDA Bank","ABC.KH","748516153","1.73","Cambodia"
"6121","Sipef","SIP.BR","747249066","70.8206","Belgium"
"6122","Burelle","BUR.PA","746629477","417.66","France"
"6123","PowerFleet","AIOT","746025664","5.63","United States"
"6124","FD Technologies","FDP.L","745897537","3273","United Kingdom"
"6125","Willdan Group","WLDN","744700608","51.37","United States"
"6126","Old Second Bancorp","OSBC","744328448","16.52","United States"
"6127","Steel Partners","SPLP","743841472","38.85","United States"
"6128","Akebia Therapeutics","AKBA","743259840","2.83","United States"
"6129","Aoyama Trading","8219.T","743187332","15.312","Japan"
"6130","Golden Entertainment","GDEN","743096320","28.11","United States"
"6131","Knr Constructions","KNRCON.NS","742492413","2.63932","India"
"6132","Universal Insurance Holdings","UVE","742175744","26.37","United States"
"6133","Judges Scientific plc","JDG.L","741690473","11028.3","United Kingdom"
"6134","Kaufman &amp; Broad","KOF.PA","741661214","37.9072","France"
"6135","Electra Real Estate","ELCRE.TA","741004770","1169.49","Israel"
"6136","Accent Group","AX1.AX","740592252","1.23189","Australia"
"6137","Thermador Groupe","THEP.PA","740045125","79.3327","France"
"6138","Aramis Group","ARAMI.PA","738657769","8.89797","France"
"6139","Theeb Rent A Car Company","4261.SR","738354920","17.171","Saudi Arabia"
"6140","Plymouth Industrial REIT","PLYM","736611200","16","United States"
"6141","Recticel","RECT.BR","736591842","12.9384","Belgium"
"6142","Vital Healthcare Property Trust","VHP.NZ","736222765","1.08437","New Zealand"
"6143","Tokmanni","TOKMAN.HE","736127550","12.5071","Finland"
"6144","Immunome","IMNM","736124096","8.46","United States"
"6145","Mochida Pharmaceutical","4534.T","735967901","20.7601","Japan"
"6146","Thurgauer Kantonalbank","TKBP.SW","735934928","183.984","Switzerland"
"6147","TOCALO Co.,Ltd.","3433.T","735352438","12.3682","Japan"
"6148","Piaggio","PIA.MI","734752759","2.04744","Italy"
"6149","FIGS","FIGS","734730560","4.52","United States"
"6150","Texmaco Rail &amp; Engineering","TEXRAIL.NS","733399847","1.83583","India"
"6151","Vimeo","VMEO","733110784","4.45","United States"
"6152","Bank of Sharjah","BOS.AE","732743363","0.24","United Arab Emirates"
"6153","PDF Solutions","PDFS","732693312","18.72","United States"
"6154","Weave Communications","WEAV","732270720","9.74","United States"
"6155","Redwood Trust","RWT","732148992","5.5","United States"
"6156","Atlanticus","ATLC","732108096","48.4","United States"
"6157","Getty Images","GETY","731748096","1.77","United States"
"6158","Capitol Federal Savings Bank","CFFN","731722496","5.625","United States"
"6159","Pharming Group","PHAR","731445760","10.5","Netherlands"
"6160","IperionX","IPX","731393536","22.81","United States"
"6161","G City","GCT.TA","731218061","367.276","Israel"
"6162","Ituran","ITRN","731089792","36.75","Israel"
"6163","McMillan Shakespeare","MMS.AX","730022553","10.4629","Australia"
"6164","Nitta Corporation","5186.T","729760526","26.3687","Japan"
"6165","Nürnberger Versicherung","NBG6.F","729388047","61.968","Germany"
"6166","Clairvest Group","CVG.TO","729353975","50.7772","Canada"
"6167","DoubleUGames","192080.KS","729351465","36.7884","South Korea"
"6168","Predictive Discovery Limited","PDI.AX","728620637","0.278063","Australia"
"6169","Klöckner &amp; Co","KCO.DE","727945196","7.2977","Germany"
"6170","Zamil Industrial Investment Company","2240.SR","727902912","12.1317","Saudi Arabia"
"6171","Aisan Industry","7283.T","727775787","12.7658","Japan"
"6172","National Bank of Pakistan","NBP.PK","726727274","0.341585","Pakistan"
"6173","Mission Produce","AVO","726353792","10.22","United States"
"6174","Great Lakes Dredge &amp; Dock Corp.","GLDD","726133184","10.69","United States"
"6175","ARGO GRAPHICS","7595.T","726043633","34.077","Japan"
"6176","MARR S.p.A.","MARR.MI","724212262","11.0317","Italy"
"6177","Dave & Buster's","PLAY","722639168","20.91","United States"
"6178","Amerant Bancorp","AMTB","721584768","17.2","United States"
"6179","SIMPAR","SIMH3.SA","721496947","0.845235","Brazil"
"6180","Granite Ridge Resources","GRNT","721121472","5.5","United States"
"6181","Iino Kaiun Kaisha","9119.T","721088843","6.81539","Japan"
"6182","Central Pacific Financial","CPF","720526272","26.71","United States"
"6183","Brandywine Realty Trust","BDN","719883904","4.15","United States"
"6184","IDOM Inc.","7599.T","719334116","7.16418","Japan"
"6185","Mercantile Bank","MBWM","719219328","44.3","United States"
"6186","Jastrzebska Spólka Weglowa","JSW.WA","718810569","6.12212","Poland"
"6187","Astra Agro Lestari","AALI.JK","718123627","0.373111","Indonesia"
"6188","Ameresco","AMRC","718039104","13.65","United States"
"6189","Nichiha Corporation","7943.T","717983812","21.1019","Japan"
"6190","Hyster-Yale Materials Handling","HY","717870144","40.54","United States"
"6191","CSB Bank","CSBBANK.NS","717304221","4.23643","India"
"6192","eMudhra","EMUDHRA.NS","716688565","8.81279","India"
"6193","JK Paper","JKPAPER.NS","716664903","4.22704","India"
"6194","Eastern Province Cement Company","3080.SR","716571132","8.33222","Saudi Arabia"
"6195","Stabilus","STM.DE","716246728","28.9978","Luxembourg"
"6196","Gulf Oil Lubricants","GULFOILLUB.NS","716067620","14.5234","India"
"6197","Jindal Worldwide","JINDWORLD.NS","715639917","0.711082","India"
"6198","LINK Mobility Group","LINK.OL","715535631","2.52088","Norway"
"6199","Festi hf.","FESTI.IC","714794930","2.2965","Iceland"
"6200","Dan Hotels","DANH.TA","714265519","617.882","Israel"
"6201","NIPPON KANZAI Holdings","9347.T","714126397","18.6604","Japan"
"6202","GigaCloud Technology","GCT","712642304","18.72","China"
"6203","Paysafe","PSFE","712000768","12","United States"
"6204","Amanat Holdings","AMANAT.AE","711718409","0.285909","United Arab Emirates"
"6205","AT&amp;S Austria Technologie &amp; Systemtechnik","ATS.VI","711654723","18.318","Austria"
"6206","Heritage Insurance","HRTG","710986304","22.94","United States"
"6207","Cardinal Energy","CJ.TO","710244235","4.4258","Canada"
"6208","Atal S.A.","1AT.WA","709893101","16.4272","Poland"
"6209","Plejd AB","PLEJD.ST","709036204","63.4274","Sweden"
"6210","Herbalife","HLF","708855104","6.96","United States"
"6211","Mühlbauer Holding","MUB.DE","708704084","49.9376","Germany"
"6212","Sunteck Realty","SUNTECK.NS","708398790","4.83585","India"
"6213","MetroCity Bankshares","MCBS","707939840","27.87","United States"
"6214","Abacus Group","ABG.AX","707917698","0.792157","Australia"
"6215","Ready Capital","RC","707853056","4.13","United States"
"6216","SunCoke Energy","SXC","707683200","8.36","United States"
"6217","Northeast Bank","NBN","707604864","83","United States"
"6218","Nexa Resources","NEXA","707224256","5.34","Luxembourg"
"6219","Rocket Pharmaceuticals","RCKT","706761280","6.56","United States"
"6220","Japan Lifeline","7575.T","706604721","10.0801","Japan"
"6221","Gram Car Carriers","GCC.OL","706344440","24.3693","Norway"
"6222","Donegal Group","DGICA","706058048","19.88","United States"
"6223","Puravankara","PURVA.NS","705908803","2.97349","India"
"6224","Sligro Food","SLIGR.AS","705900969","16.0027","Netherlands"
"6225","ArriVent BioPharma","AVBP","705805888","20.63","United States"
"6226","Noritake","5331.T","705574149","24.8689","Japan"
"6227","Wickes Group","WIX.L","705527765","300.306","United Kingdom"
"6228","BSR Real Estate Investment Trust","HOM-UN.TO","705095455","13.1832","Canada"
"6229","Logistea AB","LOGI-A.ST","704615278","1.48871","Sweden"
"6230","Allied Group Limited","0373.HK","704432001","0.200483","Hong Kong"
"6231","I.D.I. Insurance Company","IDIN.TA","704332893","4775.43","Israel"
"6232","Hankyu Hanshin REIT","8977.T","704162013","1012.89","Japan"
"6233","NTG Nordic Transport Group A/S","NTG.CO","703085166","32.4082","Denmark"
"6234","nLIGHT","LASR","703029696","14.22","United States"
"6235","HSC (Ho Chi Minh City Securities Corporation)","HCM.VN","702922040","0.97632","Vietnam"
"6236","Ataa Educational Company","4292.SR","702481952","16.6911","Saudi Arabia"
"6237","United Arab Bank","UAB.AE","701948953","0.34","United Arab Emirates"
"6238","United Fire Group","UFCS","701935808","27.58","United States"
"6239","Ferroglobe","GSM","701713728","3.76","United Kingdom"
"6240","Sun Frontier Fudousan","8934.T","701536095","14.44","Japan"
"6241","Ontex Group","ONTEX.BR","701388501","8.70503","Belgium"
"6242","Auto Partner","APR.WA","701282658","5.36888","Poland"
"6243","Kempower","KEMPOWR.HE","699487241","12.6319","Finland"
"6244","Red Violet","RDVT","699330176","50.11","United States"
"6245","GH Research","GHRS","699056704","11.27","Ireland"
"6246","Italtile","ITE.JO","698558900","0.587153","South Africa"
"6247","MTY Food Group","MTY.TO","697345259","30.3215","Canada"
"6248","Armada Hoffler Properties","AHH","697322496","6.83","United States"
"6249","Oil-Dri Corporation Of America","ODC","697260864","47.79","United States"
"6250","Baladna","BLDN.QA","697069081","0.348352","Qatar"
"6251","Rajesh Exports","RAJESHEXPO.NS","696485973","2.35517","India"
"6252","Shibaura Mechatronics","6590.T","696245514","53.0861","Japan"
"6253","Bystronic AG","BYS.SW","696229767","337.102","Switzerland"
"6254","Ashoka Buildcon","ASHOKA.NS","696192694","2.47963","India"
"6255","Arata Corporation","2733.T","695849321","20.8438","Japan"
"6256","Nederman Holding","NMAN.ST","695794788","19.8145","Sweden"
"6257","Nexxen","NEXN","695684480","10.97","Israel"
"6258","Alujain Corporation","2170.SR","695597903","10.052","Saudi Arabia"
"6259","ProCredit","PCZ.DE","695204158","11.8034","Germany"
"6260","Arendals Fossekompani","AFK.OL","695154797","12.6538","Norway"
"6261","Amotiv Limited","AOV.AX","694937751","5.09567","Australia"
"6262","Westrock Coffee","WEST","694666432","7.34","United States"
"6263","Shin Nippon Air Technologies","1952.T","694246432","15.3189","Japan"
"6264","Hollywood Bowl Group","BOWL.L","693977816","406.932","United Kingdom"
"6265","REX American Resources","REX","693879936","41.76","United States"
"6266","GFT Technologies","GFT.DE","693179998","26.3307","Germany"
"6267","International Financial Advisors Holding","IFA.KW","693136428","1515.65","Kuwait"
"6268","Norva24 Group AB","NORVA.ST","692796474","3.81089","Norway"
"6269","Maxvalu Tokai","8198.T","692732861","21.7297","Japan"
"6270","Südwestdeutsche Salzwerke","SSH.F","691675188","65.8268","Germany"
"6271","Heartland Express","HTLD","691664448","8.805","United States"
"6272","Insteel Industries","IIIN","691441152","35.62","United States"
"6273","National Investments Company (Kuwait)","NINV.KW","691029518","867.014","Kuwait"
"6274","Hanmi Financial","HAFC","690346496","22.85","United States"
"6275","Close Brothers Group","CBG.L","690175876","458.625","United Kingdom"
"6276","Mavi Giyim Sanayi ve Ticaret","MAVI.IS","689345170","0.867633","Turkey"
"6277","TomTom","TOM2.AS","688849847","5.55215","Netherlands"
"6278","MedCap","MCAP.ST","688412370","46.0766","Sweden"
"6279","Kitex Garments","KITEX.NS","687589344","3.44656","India"
"6280","City Cement Company","3003.SR","686841754","4.90601","Saudi Arabia"
"6281","Saudi Paper Manufacturing Company","2300.SR","686763804","18.5842","Saudi Arabia"
"6282","RattanIndia Power","RTNPOWER.NS","686664875","0.127868","India"
"6283","Epsilon Net","EPSIL.AT","686293131","12.6622","Greece"
"6284","KITZ Corporation","6498.T","685576062","7.88269","Japan"
"6285","The Hackett Group","HCKT","685572416","24.79","United States"
"6286","NB Bancorp","NBBK","685234048","16.89","United States"
"6287","Frequentis","FQT.VI","685231751","51.64","Austria"
"6288","SunOpta","STKL","685066432","5.82","Canada"
"6289","Volex plc","VLX.L","684723338","372.503","United Kingdom"
"6290","PDS Multinational","PDSL.NS","684574648","4.85111","India"
"6291","Teekay","TK","684362112","8.19","Canada"
"6292","Mortgage Advice Bureau (Holdings)","MAB1.L","683749357","1102.35","United Kingdom"
"6293","Yanlord","Z25.SI","683691072","0.353962","Singapore"
"6294","Solaris Resources","SLSR","682673536","4.14","Canada"
"6295","ChipMOS Technologies","IMOS","682584192","18.77","Taiwan"
"6296","Oeneo","SBT.PA","681975313","10.6458","France"
"6297","Schweiter Technologies","SWTQ.SW","681971066","476.3","Switzerland"
"6298","Energiekontor","EKT.DE","681891272","48.8594","Germany"
"6299","Metropolitan Bank Holding","MCB","681819968","63.96","United States"
"6300","Suprajit Engineering","SUPRAJIT.NS","681650610","4.96736","India"
"6301","Equity Bancshares","EQBK","681177792","38.89","United States"
"6302","DroneShield","DRO.AX","681112036","0.779224","Australia"
"6303","Avalon Technologies","AVALON.NS","680846762","10.2177","India"
"6304","MMA Offshore","MRM.AX","679768079","1.7227","Australia"
"6305","Ryerson","RYI","678693760","21.08","United States"
"6306","Energy Recovery","ERII","678515008","12.45","United States"
"6307","Latham Group","SWIM","678425408","5.83","United States"
"6308","Mahindra Lifespaces","MAHLIFE.NS","677925514","3.99807","India"
"6309","Verbio","VBK.F","677216679","10.6288","Germany"
"6310","Lincoln Educational Services","LINC","676717760","21.42","United States"
"6311","Hektaş","HEKTS.IS","676116036","0.0802036","Turkey"
"6312","SF Urban Properties (SFP)","SFPN.SW","675949724","115.716","Switzerland"
"6313","Aubay","AUB.PA","675144506","52.7749","France"
"6314","SMASCO (Saudi Manpower Solutions Company)","1834.SR","675109985","1.68777","Saudi Arabia"
"6315","Caisse Régionale de Crédit Agricole Mutuel Loire Haute-Loire","CRLO.PA","674874734","83.078","France"
"6316","Montrose Environmental","MEG","674743424","19.72","United States"
"6317","Replimune","REPL","674649664","8.76","United States"
"6318","Oppenheimer Holdings","OPY","674474048","64.08","United States"
"6319","Medley, Inc.","4480.T","674140910","20.8508","Japan"
"6320","NPK International","NPKI","672800704","7.96","United States"
"6321","Alpha HPA Limited","A4N.AX","672754925","0.591693","Australia"
"6322","Develop Global Limited","DVP.AX","672476148","2.37971","Australia"
"6323","Beta Bionics","BBNX","672456192","15.51","United States"
"6324","Pason Systems","PSI.TO","672109870","8.51841","Canada"
"6325","MPC Container Ships","MPCC.OL","671546329","1.51351","Norway"
"6326","Bahnhof AB","3B7.F","671383970","6.08331","Sweden"
"6327","Bloomsbury Publishing","BMY.L","671242359","691.042","United Kingdom"
"6328","Al-Saif Stores for Development &amp; Investment","4192.SR","670977195","1.91708","Saudi Arabia"
"6329","NRJ Group","NRG.PA","670922220","8.67098","France"
"6330","Hansen Technologies","HSN.AX","670911916","3.29149","Australia"
"6331","Energy Absolute","EA.BK","670796907","0.0903226","Thailand"
"6332","TV TOKYO Holdings","9413.T","670750550","25.1828","Japan"
"6333","Avon Protection","AVON.L","670654455","2262.8","United Kingdom"
"6334","Preformed Line Products","PLPC","670047488","135.63","United States"
"6335","Camden National Bank","CAC","669327104","39.6","United States"
"6336","India Glycols","INDIAGLYCO.NS","669008011","21.6037","India"
"6337","NAGAWA Co., Ltd.","9663.T","668282526","42.7619","Japan"
"6338","G8 Education","GEM.AX","667429642","0.818024","Australia"
"6339","Mepco (Middle East Company for Manufacturing and Producing Paper)","1202.SR","666666934","7.69231","Saudi Arabia"
"6340","MediaAlpha","MAX","666648384","10.16","United States"
"6341","PayPoint","PAY.L","666142468","916.313","United Kingdom"
"6342","Komax Holding","KOMN.SW","666086414","129.999","Switzerland"
"6343","Sigma Lithium","SGML","665648256","5.94","Canada"
"6344","Crédit Agricole Mutuel de la Touraine et du Poitou","CRTO.PA","665283813","108.376","France"
"6345","IRadimed","IRMD","664745408","52.28","United States"
"6346","adesso SE","ADN1.DE","664737079","101.918","Germany"
"6347","Serve Robotics","SERV","664345152","11.63","United States"
"6348","Smartgroup Corporation","SIQ.AX","663656215","4.92108","Australia"
"6349","AMTD Digital","HKD","663128704","2.11","Hong Kong"
"6350","Kyokuto Kaihatsu Kogyo","7226.T","662783077","17.2791","Japan"
"6351","Axial Retailing","8255.T","662748446","7.4781","Japan"
"6352","BrightSpire Capital","BRSP","662746944","5.08","United States"
"6353","Archicom","ARH.WA","662490090","11.3254","Poland"
"6354","Avalon Pharma (Middle East Pharmaceutical)","4016.SR","662311692","33.1156","Saudi Arabia"
"6355","Carriage Services","CSV","661769536","42.17","United States"
"6356","Itoki Corporation","7972.T","661079668","13.4355","Japan"
"6357","Ethan Allen","ETD","660671360","25.98","United States"
"6358","Kri-Kri Milk Industry","KRI.AT","660271751","20.0204","Greece"
"6359","Grenke","GLJ.F","658832823","14.9132","Germany"
"6360","Infibeam Avenues","INFIBEAM.NS","658770848","0.236714","India"
"6361","Canaccord Genuity Group","CF.TO","658414916","6.84515","Canada"
"6362","NetDragon Websoft","0777.HK","658049486","1.23865","China"
"6363","Canadian Solar","CSIQ","657667008","9.82","Canada"
"6364","Showa Sangyo","2004.T","657601816","20.2509","Japan"
"6365","Ålandsbanken","ALBAV.HE","657577810","44.2629","Finland"
"6366","Hangzhou Electronic Soul Network Technology","603258.SS","657556445","2.68904","China"
"6367","Zeria Pharmaceutical","4559.T","657108989","14.9074","Japan"
"6368","ADS-TEC Energy","ADSE","656438400","11.97","Ireland"
"6369","Cicor Technologies","CICN.SW","656189871","150.697","Switzerland"
"6370","Bloomin' Brands","BLMN","655823424","7.71","United States"
"6371","Arnoldo Mondadori Editore","MN.MI","655615753","2.50823","Italy"
"6372","Curaleaf","CURLF","655582080","0.842","United States"
"6373","NCC Group plc","NCC.L","655431531","214.061","United Kingdom"
"6374","Energy Resources of Australia","ERA.AX","655382498","0.00129332","Australia"
"6375","Anavex Life Sciences","AVXL","654802496","7.67","United States"
"6376","Independent Bank (Michigan)","IBCP","654780416","31.6","United States"
"6377","Skipper Limited","SKIPPER.NS","654638970","5.79809","India"
"6378","YIT","YIT.HE","654426258","2.83736","Finland"
"6379","Anup Engineering","ANUP.NS","654225022","32.668","India"
"6380","Shutterstock","SSTK","653956096","18.55","United States"
"6381","Taseko Mines","TGB","653861248","2.07","Canada"
"6382","Yuasa Trading","8074.T","653637424","31.0773","Japan"
"6383","Simulations Plus","SLP","653406400","32.49","United States"
"6384","Saudi Industrial Services Company","2190.SR","652765939","8.0256","Saudi Arabia"
"6385","Basilea Pharmaceutica","BSLN.SW","652276944","53.8031","Switzerland"
"6386","Horizon Bancorp","HBNC","652199040","14.79","United States"
"6387","RAK Ceramics","RAKCEC.AE","652097083","0.66","United Arab Emirates"
"6388","Quadient","QDT.PA","651418599","19.0444","France"
"6389","Arabi Group Holding","AGHC.KW","651145711","1254.89","Kuwait"
"6390","IFB Industries","IFBIND.NS","650976011","16.0393","India"
"6391","Evertz Technologies","ET.TO","647446362","8.52565","Canada"
"6392","Autohellas","OTOEL.AT","647198493","13.4604","Greece"
"6393","MGP Ingredients","MGPI","647088128","30.42","United States"
"6394","Pollen Street Group","POLN.L","646946355","1052.74","United Kingdom"
"6395","Chow Sang Sang Holdings","0116.HK","646742936","0.962828","Hong Kong"
"6396","Laurent-Perrier","LPE.PA","646603382","110.317","France"
"6397","Renta 4 Banco","R4.MC","646583625","15.8892","Spain"
"6398","Scanfil","SCANFL.HE","646268673","9.89672","Finland"
"6399","RxSight","RXST","645721920","15.89","United States"
"6400","2G Energy AG","2GB.DE","645440908","35.9778","Germany"
"6401","Matthews International Corporation","MATW","644978880","20.8","United States"
"6402","Great Southern Bancorp","GSBC","644496000","56.2","United States"
"6403","Shui On Land","0272.HK","644356031","0.0804485","China"
"6404","Xerox","XRX","644044800","5.12","United States"
"6405","Gladstone Commercial","GOOD","643199488","13.77","United States"
"6406","Helen of Troy","HELE","643195776","28.035","United States"
"6407","Fatima Fertilizer","FATIMA.PK","643145920","0.30626","Pakistan"
"6408","Electra Consumer Products","ECP.TA","642886407","2768.91","Israel"
"6409","Cars.com","CARS","642702080","10.22","United States"
"6410","PTC India","PTC.NS","642301866","2.16988","India"
"6411","The Hub Power Company","HUBC.PK","642205267","0.495088","Pakistan"
"6412","Cantaloupe","CTLP","642184192","8.79","United States"
"6413","Oman Arab Bank","OAB.OM","641913952","0.384515","Oman"
"6414","SpartanNash","SPTN","641723904","18.96","United States"
"6415","Capital City Bank Group","CCBG","641264192","37.6","United States"
"6416","Basellandschaftliche Kantonalbank","BLKB.SW","640875065","1137.79","Switzerland"
"6417","Ribbon Communications","RBBN","640854720","3.63","United States"
"6418","Walaa Cooperative Insurance Company","8060.SR","639405477","5.01267","Saudi Arabia"
"6419","Nichols plc","NICL.L","637368987","1704.87","United Kingdom"
"6420","Vir Biotechnology","VIR","637277184","4.61","United States"
"6421","RAIZNEXT Corporation","6379.T","636211538","11.7892","Japan"
"6422","Property For Industry","PFI.NZ","635935520","1.26311","New Zealand"
"6423","Day One Biopharmaceuticals","DAWN","635539712","6.27","United States"
"6424","BellSystem24","6183.T","634814146","8.62911","Japan"
"6425","Takara Bio","4974.T","634196397","5.26676","Japan"
"6426","Standard Motor Products (SMP)","SMP","634151872","28.85","United States"
"6427","AdvanSix","ASIX","632779712","23.6","United States"
"6428","Immatics","IMTX","632059968","5.2","Germany"
"6429","Bravura Solutions","BVS.AX","632052116","1.40972","Australia"
"6430","Finnair","FIA1S.HE","630805602","3.08024","Finland"
"6431","RCS MediaGroup","RCS.MI","630693306","1.20077","Italy"
"6432","Tri Chemical Laboratories","4369.T","630431387","19.3998","Japan"
"6433","Douglas Dynamics","PLOW","630367296","27.16","United States"
"6434","Arabian Cement Company","3010.SR","630315958","6.30316","Saudi Arabia"
"6435","Shibaura Electronics","6957.T","629983762","41.7853","Japan"
"6436","Similarweb","SMWB","629877248","7.54","Israel"
"6437","ADTRAN","ADTN","629423680","7.87","United States"
"6438","Karat Packaging","KRT","628945728","31.39","United States"
"6439","Globe Trade Centre","GTC.WA","628891851","1.09514","Poland"
"6440","Okamoto Industries","5122.T","628855642","36.2743","Japan"
"6441","Alpha &amp; Omega Semiconductor","AOSL","628233600","21.11","United States"
"6442","Hindustan Construction Company","HCC.NS","628064844","0.345208","India"
"6443","mobilezone Holding","MOZN.SW","627927762","14.5492","Switzerland"
"6444","Beazer Homes USA","BZH","627280384","20.7","United States"
"6445","JTOWER","4485.T","626987923","24.3883","Japan"
"6446","Whitestone REIT","WSR","624732672","12.12","United States"
"6447","Fulgent Genetics","FLGT","624702656","20.52","United States"
"6448","Seneca Foods","SENEA","624605440","90.29","United States"
"6449","Vinci Partners","VINP","624452416","9.75","Brazil"
"6450","Indus Holding","INH.F","624438506","25.0823","Germany"
"6451","Pakistan State Oil Company","PSO.PK","624410286","1.33002","Pakistan"
"6452","Marimekko","MEKKO.HE","624387951","15.3899","Finland"
"6453","Deluxe","DLX","624254912","13.96","United States"
"6454","Qatar National Cement Company","QNCD.QA","624084325","0.954945","Qatar"
"6455","CeriBell","CBLL","623828160","17.26","United States"
"6456","Reitir fasteignafélag","REITIR.IC","622988608","0.888714","Iceland"
"6457","Union Properties","UPP.AE","622552685","0.145133","United Arab Emirates"
"6458","SPARC","SPARC.NS","622248799","1.91743","India"
"6459","Lithium Americas","LAC","622127360","2.83","Canada"
"6460","HomeTrust Bancshares","HTB","621739840","35.43","United States"
"6461","Slate Grocery REIT","SGR-UN.TO","620636817","10.4959","Canada"
"6462","Shentel","SHEN","620433856","11.31","United States"
"6463","Universal Logistics Holdings","ULH","620410176","23.56","United States"
"6464","Maharah for Human Resources Company","1831.SR","620317317","1.37848","Saudi Arabia"
"6465","Gree","3632.T","620046979","3.62046","Japan"
"6466","Groupe Guillin","ALGIL.PA","619999328","33.3674","France"
"6467","SITE Centers","SITC","617879616","11.75","United States"
"6468","Mid Penn Bancorp","MPB","617488512","26.89","United States"
"6469","China Yongda Automobiles Services","3669.HK","616935319","0.330733","China"
"6470","Zojirushi","7965.T","616850630","9.40343","Japan"
"6471","Arbutus Biopharma","ABUS","616716992","3.22","United States"
"6472","Enviri Corporation","NVRI","616609280","7.66","United States"
"6473","Evolus","EOLS","616386752","9.56","United States"
"6474","BitFuFu","FUFU","615769536","3.78","Singapore"
"6475","Miquel y Costas &amp; Miquel","MCM.MC","614836691","16.2297","Spain"
"6476","SmarTone Telecommunications","0315.HK","614364695","0.558031","Hong Kong"
"6477","Ridley Corporation","RIC.AX","614344005","1.69425","Australia"
"6478","Embecta","EMBC","613938496","10.505","United States"
"6479","Bitfarms","BITF","613568640","1.09","Canada"
"6480","Trevi Therapeutics","TRVI","613522368","6.03","United States"
"6481","Emirates Stallions Group (ESG)","ESG.AE","613342410","2.45","United Arab Emirates"
"6482","Orion Engineered Carbons","OEC","613338624","10.9","United States"
"6483","India Tourism Development Corp","ITDC.NS","612199589","7.13078","India"
"6484","Red Cat Holdings","RCAT","611859968","6.73","United States"
"6485","Taysha Gene Therapies","TSHA","611786688","2.85","United States"
"6486","Nufarm","NUF.AX","611718796","1.59725","Australia"
"6487","NS United Kaiun Kaisha","9110.T","611529876","25.9501","Japan"
"6488","Tinexta","TNXT.MI","610432305","13.3016","Italy"
"6489","AnaptysBio","ANAB","609351552","20.74","United States"
"6490","Ace Hardware Indonesia","ACES.JK","608156038","0.035461","Indonesia"
"6491","Koppers","KOP","607706752","30.37","United States"
"6492","Sri Trang Gloves","STGT.BK","607365343","0.211982","Thailand"
"6493","First Financial","THFF","604854656","51.04","United States"
"6494","TPG Real Estate Finance Trust","TRTX","604520512","7.57","United States"
"6495","Premium Water Holdings","2588.T","603600919","20.3346","Japan"
"6496","Vulcan Energy Resources","VUL.AX","603589475","2.77417","Australia"
"6497","Mesa Laboratories","MLAB","603239360","111.02","United States"
"6498","VIP Industries","VIPIND.NS","602156968","4.23878","India"
"6499","KKR Real Estate Finance Trust","KREF","602120000","8.88","United States"
"6500","Velocity Financial","VEL","601379904","16.48","United States"
"6501","OneSpan","OSPN","601174656","15.725","United States"
"6502","Wemade","112040.KQ","600924672","17.8091","South Korea"
"6503","CARE's Ratings","CARERATING.NS","600743717","20.0702","India"
"6504","Celesc (Centrais Elétricas de Santa Catarina)","CLSC4.SA","600570175","16.1516","Brazil"
"6505","Kid ASA","KID.OL","600303959","14.7694","Norway"
"6506","Daily Journal","DJCO","599870784","435.5","United States"
"6507","Collins Foods Limited","CKF.AX","599168645","5.08274","Australia"
"6508","Southern Missouri Bancorp","SMBC","599012992","53.01","United States"
"6509","National Energy Services Reunited","NESR","598973120","6.21","United States"
"6510","National Presto Industries","NPK","598799104","83.78","United States"
"6511","Sun Country Airlines","SNCY","598054528","11.24","United States"
"6512","World Co., Ltd.","3612.T","597976491","17.5512","Japan"
"6513","Pareto Bank","PARB.OL","597369743","7.78012","Norway"
"6514","AbCellera","ABCL","596969984","2","Canada"
"6515","Covenant Logistics","CVLG","596711040","22.47","United States"
"6516","Priority Technology Holdings","PRTH","596556224","7.48","United States"
"6517","SNP Schneider-Neureither &amp; Partner","SHF.DE","595147702","81.716","Germany"
"6518","VRL Logistics","VRLLOG.NS","593985889","6.79086","India"
"6519","Sturm, Ruger &amp; Co","RGR","593827840","35.87","United States"
"6520","Groupe SAMSE","SAMS.PA","593225159","173.079","France"
"6521","MATSUDA SANGYO","7456.T","593002442","22.8807","Japan"
"6522","MidWestOne Financial Group","MOFG","592868160","28.48","United States"
"6523","ATRenew","RERE","592868160","2.67","China"
"6524","Bank Nizwa","BKNZ.OM","592801271","0.265004","Oman"
"6525","Five Star Bancorp","FSBC","592767744","27.75","United States"
"6526","The RealReal","REAL","592617792","5.24","United States"
"6527","JBCC Holdings","9889.T","591493330","9.52202","Japan"
"6528","Credit Corp Group","CCP.AX","591135877","8.68463","Australia"
"6529","Sjóvá-Almennar tryggingar","SJOVA.IC","591126657","0.383799","Iceland"
"6530","Ackerstein Group","ACKR.TA","591073298","205.19","Israel"
"6531","TrustCo Bank","TRST","590942080","31.07","United States"
"6532","Attica Holdings","ATTICA.AT","590592414","2.42878","Greece"
"6533","Hogy Medical","3593.T","589564136","27.3453","Japan"
"6534","ECARX Holdings","ECX","589460672","1.59","China"
"6535","WashTec AG","WSU.DE","589301119","44.0359","Germany"
"6536","Lesha Bank","QFBQ.QA","589230769","0.526099","Qatar"
"6537","Minto Apartment Real Estate Investment Trust","MI-UN.TO","588698150","9.17032","Canada"
"6538","Orient Electric","ORIENTELEC.NS","587892677","2.75533","India"
"6539","Sygnity","SGN.WA","587746747","25.9095","Poland"
"6540","Nexity","NXI.PA","587027961","10.294","France"
"6541","Hamborner REIT","HABA.DE","586233027","7.2069","Germany"
"6542","NeuroPace","NPCE","586109248","17.87","United States"
"6543","Hikal","HIKAL.NS","585913596","4.7519","India"
"6544","Thryv","THRY","585654528","13.39","United States"
"6545","Pexip","PEXIP.OL","585501379","5.78319","Norway"
"6546","ASP Isotopes","ASPI","585482048","7.8","United States"
"6547","S Foods Inc.","2292.T","585301556","18.4929","Japan"
"6548","PolyNovo","PNV.AX","585229283","0.84389","Australia"
"6549","KYORIN Pharmaceutical","4569.T","585100973","10.1847","Japan"
"6550","Vital Energy","VTLE","585010624","15.09","United States"
"6551","Hutchison Telecommunications Hong Kong Holdings","0215.HK","584610755","0.121311","Hong Kong"
"6552","Gladstone Capital","GLAD","584596800","26.18","United States"
"6553","CTO Realty Growth","CTO","584590912","17.75","United States"
"6554","Chesnara plc","CSN.L","584513423","386.957","United Kingdom"
"6555","Iovance Biotherapeutics","IOVA","584384512","1.75","United States"
"6556","Weathernews Inc.","4825.T","584266184","26.3687","Japan"
"6557","National Building and Marketing Company","9510.SR","584242101","48.6868","Saudi Arabia"
"6558","Oula Fuel Marketing Company","OULAFUEL.KW","584170900","1443.94","Kuwait"
"6559","ProPetro","PUMP","583974208","5.62","United States"
"6560","OTC Markets Group","OTCM","583630400","48.58","United States"
"6561","oOh!media Limited","OML.AX","583582693","1.08315","Australia"
"6562","New York Mortgage Trust","NYMT","583326400","6.46","United States"
"6563","Pantheon Resources","PANR.L","582237562","33.5377","United Kingdom"
"6564","Nat Games (Nexon Games)","225570.KQ","581547580","9.09104","South Korea"
"6565","EIZO Corporation","6737.T","581409110","14.1261","Japan"
"6566","BOE Varitronix","0710.HK","581085643","0.745745","Hong Kong"
"6567","Sinko Industries","6458.T","581051376","8.30124","Japan"
"6568","Jupiter Fund Management","JUP.L","580957363","113.644","United Kingdom"
"6569","Orrstown Financial Services","ORRF","580768064","29.77","United States"
"6570","On the Beach Group","OTB.L","580589427","351.302","United Kingdom"
"6571","Metall Zug AG","METN.SW","580576276","1295.15","Switzerland"
"6572","Quess","QUESS.NS","579506472","3.89064","India"
"6573","Invictus Investment Company","INVICTUS.AE","579441797","0.52","United Arab Emirates"
"6574","Lifestyle Communities Limited","LIC.AX","579410635","4.75941","Australia"
"6575","Kyoei Steel","5440.T","578737875","13.3169","Japan"
"6576","Universal Entertainment Corporation","6425.T","578403228","7.46414","Japan"
"6577","Boozt","BOOZT.ST","578239181","9.07379","Sweden"
"6578","WA1 Resources","WA1.AX","578015259","8.5359","Australia"
"6579","Systems Limited (Pakistan)","SYS.PK","578009013","1.97195","Pakistan"
"6580","Avio S.p.A.","AVIO.MI","577859712","22.8691","Italy"
"6581","E7 Group PJSC","E7.AE","577329476","0.28","United Arab Emirates"
"6582","Guess","GES","577326528","11.1","United States"
"6583","Shoei Co., Ltd.","7839.T","577150873","10.98","Japan"
"6584","Avanos Medical","AVNS","577125120","12.48","United States"
"6585","Malibu Boats","MBUU","576299712","30.03","United States"
"6586","SRG Global Limited","SRG.AX","576069405","0.953822","Australia"
"6587","Advanced Medical Solutions Group","AMS.L","576058220","268.049","United Kingdom"
"6588","V-ZUG Holding","VZUG.SW","575813615","89.571","Switzerland"
"6589","Krosaki Harima","5352.T","575806798","17.0978","Japan"
"6590","Accolade","ACCD","575591616","7.02","United States"
"6591","Daiwa Industries","6459.T","575412776","11.6566","Japan"
"6592","Keros Therapeutics","KROS","575114048","14.16","United States"
"6593","ECN Capital","ECN.TO","574848682","2.04268","Canada"
"6594","Mersen","MRN.PA","573888312","23.2664","France"
"6595","ASA Gold and Precious Metals","ASA","573762752","30.34","United States"
"6596","Sionna Therapeutics","SION","573638208","13.01","United States"
"6597","B Communications","BCOM.TA","572828638","549.94","Israel"
"6598","Trican Well Service","TCW.TO","572787298","3.07126","Canada"
"6599","Rain Industries","RAIN.NS","572608882","1.70244","India"
"6600","Transport International Holdings","0062.HK","571864595","1.12372","Hong Kong"
"6601","South Plains Financial","SPFI","571864192","35.24","United States"
"6602","Shikoku Kasei Holdings Corp","4099.T","571503358","13.2192","Japan"
"6603","Schoeller-Bleckmann Oilfield Equipment","SBO.VI","571462980","36.2615","Austria"
"6604","Ichor Systems","ICHR","570829248","16.73","United States"
"6605","Delta Israel Brands","DLTI.TA","569925979","2277.73","Israel"
"6606","Pharmanutra","PHN.MI","569462100","57.5417","Italy"
"6607","Jensen-Group","JEN.BR","569092089","60.3791","Belgium"
"6608","NEC Capital Solutions","8793.T","568732175","26.4035","Japan"
"6609","Sumou Real Estate Company","4323.SR","568590880","11.3718","Saudi Arabia"
"6610","Medgulf (The Mediterranean and Gulf Cooperative Insurance and Reinsurance Company)","8030.SR","568324198","5.41261","Saudi Arabia"
"6611","GuangZhou Wahlap Technology","301011.SZ","568096976","3.87272","China"
"6612","Cass Information Systems","CASS","567933568","42.51","United States"
"6613","KalVista Pharmaceuticals","KALV","567752128","11.42","United States"
"6614","Care Property Invest NV","CPINV.BR","567573043","15.3445","Belgium"
"6615","F.I.L.A. - Fabbrica Italiana Lapis ed Affini","FILA.MI","567132866","10.816","Italy"
"6616","Sanyo Chemical Industries","4471.T","567129057","25.6362","Japan"
"6617","D2L Inc.","DTOL.TO","566576719","10.3076","Canada"
"6618","Kvika banki","KVIKA.IC","566258606","0.12151","Iceland"
"6619","SP Group A/S","SPG.CO","565831778","47.1668","Denmark"
"6620","Australian Agricultural Company","AAC.AX","565187199","0.908556","Australia"
"6621","Riley Permian","REPX","564889920","25.65","United States"
"6622","Hunting PLC","HTG.L","564723964","347.801","United Kingdom"
"6623","AB Dynamics","ABDP.L","564272800","2466.56","United Kingdom"
"6624","PlayWay","PLW.WA","564132699","85.4746","Poland"
"6625","Cogent Biosciences","COGT","563587200","4.95","United States"
"6626","Algoma Steel","ASTL","563495552","5.37","Canada"
"6627","Al-Ahleia Insurance","AINS.KW","563205945","2428.29","Kuwait"
"6628","Caleres","CAL","562867200","16.51","United States"
"6629","Dubai Refreshment","DRC.AE","562423426","6.24915","United Arab Emirates"
"6630","Soft-World International","5478.TWO","561923040","3.73408","Taiwan"
"6631","IP Group","IPO.L","561525821","58.7791","United Kingdom"
"6632","National Fertilizers","NFL.NS","561165178","1.14353","India"
"6633","Bicycle Therapeutics","BCYC","560956672","8.1","United Kingdom"
"6634","Ouster","OUST","560543936","10.42","United States"
"6635","Heritage Commerce","HTBK","560519104","9.1","United States"
"6636","Genco Shipping &amp; Trading","GNK","560191872","13.04","United States"
"6637","USANA","USNA","559810368","30.06","United States"
"6638","Lux Industries","LUXIND.NS","559726388","18.6131","India"
"6639","Meshek Energy - Renewable Energies","MSKE.TA","559550719","78.7459","Israel"
"6640","Menicon Co., Ltd.","7780.T","559033519","7.36648","Japan"
"6641","Hippo","HIPO","558736960","22.21","United States"
"6642","Nextdoor","KIND","558578496","1.46","United States"
"6643","Kameda Seika","2220.T","558144441","26.4733","Japan"
"6644","Sichuan Xunyou Network Technology","300467.SZ","558028451","2.74614","China"
"6645","DocMorris","DOCM.SW","557753113","11.62","Switzerland"
"6646","Torrid","CURV","556462912","5.3","United States"
"6647","Doshisha Co.","7483.T","556423202","15.9537","Japan"
"6648","Senvest Capital","SEC.TO","556267478","228.896","Canada"
"6649","JCU Corporation","4975.T","555438576","22.2878","Japan"
"6650","Precision Drilling Corporation","PDS","555127360","41.05","Canada"
"6651","PubMatic","PUBM","554739072","11.43","United States"
"6652","GDI Integrated Facility Services","GDI.TO","554484941","23.527","Canada"
"6653","Bank AL Habib","BAHL.PK","553840272","0.498315","Pakistan"
"6654","Compass Diversified Holdings","CODI","553736960","7.36","United States"
"6655","Eurowag","WPS.L","553572574","80.1717","United Kingdom"
"6656","Chiyoda Corporation","6366.T","553119018","2.13461","Japan"
"6657","Evli","EVLI.HE","553083809","20.883","Finland"
"6658","Plasson Industries","PLSN.TA","552996355","5791.77","Israel"
"6659","Stitch Fix","SFIX","552539136","4.29","United States"
"6660","Palram Industries","PLRM.TA","551930989","2145.46","Israel"
"6661","J.S.B.Co.","3480.T","551808659","26.1594","Japan"
"6662","Senshu Electric","9824.T","551504757","31.7749","Japan"
"6663","Clear Channel Outdoor","CCO","551353664","1.11","United States"
"6664","Argosy Property","ARG.NZ","551162288","0.64347","New Zealand"
"6665","Lindblad Expeditions","LIND","550908544","10.07","United States"
"6666","BCI Minerals Limited","BCI.AX","550834141","0.190764","Australia"
"6667","Nordic American Tankers","NAT","550552576","2.6","Bermuda"
"6668","Strawberry Fields REIT","STRW","548977280","9.88","United States"
"6669","Subros","SUBROS.NS","548559515","8.40887","India"
"6670","PRA Group","PRAA","547686656","13.81","United States"
"6671","Regulus Therapeutics","RGLS","547641664","7.91","United States"
"6672","Alandalus Property Company","4320.SR","547482330","5.86588","Saudi Arabia"
"6673","Xencor","XNCR","547303488","7.69","United States"
"6674","Galliford Try","GFRD.L","547113620","560.068","United Kingdom"
"6675","Navigator Global Investments","NGI.AX","546676734","1.08962","Australia"
"6676","Almawarid Manpower Company","1833.SR","546327173","36.4218","Saudi Arabia"
"6677","Hingham Institution for Savings","HIFS","545857792","250.25","United States"
"6678","Skellerup Holdings","SKL.NZ","545553060","2.78241","New Zealand"
"6679","Qualitas Limited","QAL.AX","545449758","1.81711","Australia"
"6680","G2 Goldfields","GTWO.TO","545239075","2.26723","Canada"
"6681","Dada Nexus","DADA","544899008","2.11","China"
"6682","Ominvest","OMVS.OM","544555462","0.581969","Oman"
"6683","Phoenix Mecano","PMN.SW","544479442","570.108","Switzerland"
"6684","Samty Residential Investment Corporation","3459.T","544285554","638.289","Japan"
"6685","Forterra plc","FORT.L","544245147","253.472","United Kingdom"
"6686","Nippon Seiki","7287.T","544184977","9.48714","Japan"
"6687","Caisse régionale de Crédit Agricole Mutuel d'Ille-et-Vilaine","CIV.PA","543950898","92.9406","France"
"6688","Dor Alon Energy In Israel","DRAL.TA","542936951","3430.51","Israel"
"6689","InnovAge","INNV","542752256","4.02","United States"
"6690","Yiren Digital","YRD","542632832","6.28","China"
"6691","Pakistan Oilfields Limited","POL.PK","541232479","1.90672","Pakistan"
"6692","Build-A-Bear","BBW","540785728","40.95","United States"
"6693","JCI Hitachi India","JCHAC.NS","540267719","19.8694","India"
"6694","Legacy Housing Corporation","LEGH","540240960","22.4","United States"
"6695","Kura Oncology","KURA","540226112","6.24","United States"
"6696","The Honest Company","HNST","540161280","4.9","United States"
"6697","Polar Capital Holdings","POLR.L","540016790","568.895","United Kingdom"
"6698","Washington Trust Bancorp","WASH","539764992","27.98","United States"
"6699","Tohokushinsha Film","2329.T","539351965","3.99715","Japan"
"6700","Valneva SE","VALN","539202688","6.33","France"
"6701","Gladstone Investment","GAIN","538562752","14.62","United States"
"6702","Brunel International","BRNL.AS","538292698","10.0783","Netherlands"
"6703","Clearfield","CLFD","537887552","38.89","United States"
"6704","HOMAG Group","HG1.F","537711497","34.2753","Germany"
"6705","MCAN Mortgage Corporation","MKP.TO","537690863","13.7265","Canada"
"6706","Tallink Grupp","T5N.F","536633390","0.717285","Estonia"
"6707","Osaka Steel","5449.T","536384771","17.9279","Japan"
"6708","Hampiðjan","HAMP.IC","536250856","0.857255","Iceland"
"6709","MPS Limited","MPSLTD.NS","536105349","31.2766","India"
"6710","EQT Holdings Limited","EQT.AX","535577251","20.0141","Australia"
"6711","Heidelbergcement India","HEIDELBERG.NS","534881830","2.36033","India"
"6712","Meeza QSTP LLC (Public)","MEZA.QA","534873600","0.824176","Qatar"
"6713","Shofu Inc.","7979.T","534845771","15.0469","Japan"
"6714","NWTN Inc.","NWTN","534726016","1.83","United Arab Emirates"
"6715","Arko","ARKO","534448960","4.69","United States"
"6716","Mind Medicine (MindMed)","MNMD","534161824","7.07","United States"
"6717","Kelsian Group","KLS.AX","533811054","1.96584","Australia"
"6718","Hexatronic Group AB","HTRO.ST","533799048","2.5979","Sweden"
"6719","TechTarget","TTGT","533762848","7.47","United States"
"6720","Bluelinx","BXC","533557856","66.51","United States"
"6721","Shoe Carnival","SCVL","533237568","19.51","United States"
"6722","Village Super Market","VLGEA","533096832","36.15","United States"
"6723","SmartFinancial (SmartBank)","SMBK","532647744","31.3","United States"
"6724","Eagle Bancorp","EGBN","532515840","17.53","United States"
"6725","GAMCO Investors","GAMI","532270752","23.75","United States"
"6726","Alerus Financial","ALRS","531918720","20.97","United States"
"6727","American Coastal Insurance Corporation","ACIC","530436800","10.97","United States"
"6728","Bit Digital","BTBT","529841504","2.55","United States"
"6729","Marcus Corporation","MCS","529555392","16.92","United States"
"6730","The Tinplate Company Of India","TINPLATE.NS","529503972","5.05483","India"
"6731","Purmo Group","PURMO.HE","529467877","12.4061","Finland"
"6732","TXT e-solutions","TXT.MI","529420697","40.9148","Italy"
"6733","PostNL","PNL.AS","529407731","1.05436","Netherlands"
"6734","Butterfly Network","BFLY","529198464","2.14","United States"
"6735","Northern Dynasty Minerals","NAK","528388960","0.978","Canada"
"6736","Cobram Estate Olives","CBO.AX","528282150","1.26099","Australia"
"6737","Heisco (Heavy Engineering Industries and Shipbuilding Company)","SHIP.KW","528147849","2930.25","Kuwait"
"6738","Obrascón Huarte Lain","OHLA.MC","528087127","0.393258","Spain"
"6739","Sequent Scientific","SEQUENT.NS","527941965","2.1127","India"
"6740","RS Technologies","3445.T","527851666","19.9788","Japan"
"6741","LSB Industries","LXU","527584544","7.34","United States"
"6742","Aspen Aerogels","ASPN","527559648","6.42","United States"
"6743","Owens &amp; Minor","OMI","527104992","6.88","United States"
"6744","Forward Air","FWRD","526017152","17.29","United States"
"6745","American Public Education","APEI","525676832","29.14","United States"
"6746","5N Plus","VNP.TO","525663013","5.90349","Canada"
"6747","MBM Resources","5983.KL","525128598","1.34342","Malaysia"
"6748","Universal Health Realty Income Trust","UHT","525110368","37.91","United States"
"6749","Metallus","MTUS","524871008","12.49","United States"
"6750","Opthea","OPT","524819488","3.41","Australia"
"6751","Nuix Limited","NXL.AX","523985148","1.58431","Australia"
"6752","OrthoPediatrics","KIDS","523864352","21.15","United States"
"6753","DATAGROUP SE","D6H.DE","523848498","62.876","Germany"
"6754","Silex Systems Limited","SLX.AX","523509579","2.19864","Australia"
"6755","LifeMD","LFMD","522647392","11.5","United States"
"6756","Tanmiah Food Company","2281.SR","522596987","26.1298","Saudi Arabia"
"6757","Shibaura Machine","6104.T","522563943","22.1134","Japan"
"6758","Doman Building Materials Group","DBM.TO","522560969","5.97592","Canada"
"6759","Lindex Group","LINDEX.HE","522229141","3.22892","Finland"
"6760","Hovnanian Enterprises","HOV","522083296","87.89","United States"
"6761","Community Health Systems","CYH","521938336","3.72","United States"
"6762","Unilever Pakistan Foods","UPFL.PK","521884813","81.9294","Pakistan"
"6763","Cairo Communication","CAI.MI","521786966","3.81909","Italy"
"6764","eQ Oyj","EQV1V.HE","521643328","12.5979","Finland"
"6765","NIPPON PARKING DEVELOPMENT","2353.T","521185066","1.63235","Japan"
"6766","Noor Financial Investment Company","NOOR.KW","521173507","1023.47","Kuwait"
"6767","Tsakos Energy Navigation","TEN","520906240","17.29","Greece"
"6768","TWFG Insurance","TWFG","520898304","34.95","United States"
"6769","Toho Titanium","5727.T","520812588","7.31765","Japan"
"6770","Global Dominion Access","DOM.MC","520750153","3.48428","Spain"
"6771","Shamal Az-Zour Al-Oula Power and Water Company","AZNOULA.KW","519882660","472.621","Kuwait"
"6772","Anterix","ATEX","519872768","27.97","United States"
"6773","Allied Bank (Pakistan)","ABL.PK","519801359","0.453946","Pakistan"
"6774","IGG Inc","0799.HK","519587683","0.455875","Singapore"
"6775","Enhabit","EHAB","519539744","10.26","United States"
"6776","ZipRecruiter","ZIP","519327200","5.59","United States"
"6777","Stoke Therapeutics","STOK","518670560","9.5","United States"
"6778","Hibiya Engineering","1982.T","518367766","23.5434","Japan"
"6779","American Axle &amp; Manufacturing","AXL","518307328","4.38","United States"
"6780","TAKKT AG","TTK.DE","518103643","8.09216","Germany"
"6781","Wellneo Sugar","2117.T","517465601","15.7933","Japan"
"6782","DFS Furniture","DFS.L","516853707","224.049","United Kingdom"
"6783","Qatari Investors Group","QIGD.QA","516776791","0.415659","Qatar"
"6784","Genie Energy","GNE","516242784","19.23","United States"
"6785","Gujarat Alkalies and Chemicals","GUJALKALI.NS","516032227","7.02041","India"
"6786","RVRC Holding","RVRC.ST","515837721","4.79532","Sweden"
"6787","Rogers Sugar (Lantic)","RSI.TO","515778278","4.02741","Canada"
"6788","Pinewood Technologies Group","PINE.L","515445795","492.448","United Kingdom"
"6789","Allient","ALNT","515315712","30.44","United States"
"6790","National Real Estate Company - K.P.S.C.","NRE.KW","515113116","257.171","Kuwait"
"6791","PSI Software","PSAN.DE","515036205","33.2539","Germany"
"6792","Aker BioMarine","AKBM.OL","515008317","5.87216","Norway"
"6793","Al-Maidan Clinic for Oral Health Services","MIDAN.KW","514830508","2542.37","Kuwait"
"6794","SHL Finance Company","1183.SR","514598019","5.14598","Saudi Arabia"
"6795","Financial Institutions","FISI","514406112","25.58","United States"
"6796","Abraj Energy Services","ABRJ.OM","514267082","0.667706","Oman"
"6797","Shinagawa Refractories","5351.T","514083698","11.273","Japan"
"6798","Café de Coral","0341.HK","513550495","0.895149","Hong Kong"
"6799","Aurelius Group","AR4.DE","513292829","19.24","Germany"
"6800","Nxera Pharma","4565.T","512995523","5.70623","Japan"
"6801","Miller Industries","MLR","512803680","44.75","United States"
"6802","Japan Pulp and Paper Company","8032.T","512174506","4.1576","Japan"
"6803","Core Laboratories","CLB","511961280","10.92","Netherlands"
"6804","Cenomi Retail (Fawaz Abdulaziz Al Hokair &amp; Company)","4240.SR","511635095","4.45807","Saudi Arabia"
"6805","Eimskipafélag Íslands","EIM.IC","510688982","3.11443","Iceland"
"6806","Farmland Partners","FPI","510160672","10.81","United States"
"6807","Ashtead Technology","AT.L","510016666","635.03","United Kingdom"
"6808","Tyra Biosciences","TYRA","509977024","9.59","United States"
"6809","Waterdrop Inc.","WDH","509943424","1.41","China"
"6810","ASOS","ASC.L","509935684","427.852","United Kingdom"
"6811","Keihanshin Building","8818.T","509916495","10.4986","Japan"
"6812","PensionBee Group","PBEE.L","509723578","215.276","United Kingdom"
"6813","PlayAGS","AGS","509687520","12.28","United States"
"6814","Tatton Asset Management","TAM.L","509328690","829.736","United Kingdom"
"6815","Nichireki Group","5011.T","508845749","17.4535","Japan"
"6816","Supermax Corporation Berhad","7106.KL","508616998","0.166176","Malaysia"
"6817","One Liberty Properties","OLP","508545760","23.55","United States"
"6818","Belships ASA","BELCO.OL","508502031","2.01176","Norway"
"6819","Aarti Drugs","AARTIDRUGS.NS","508186795","5.56795","India"
"6820","Villeroy &amp; Boch","VIB3.DE","508164213","19.0671","Germany"
"6821","FRP Holdings","FRPH","507531296","26.59","United States"
"6822","Wiit S.p.A.","WIIT.MI","507459094","19.1125","Italy"
"6823","Logility Supply Chain Solutions","LGTY","507446464","14.29","United States"
"6824","Ag Growth International","AFN.TO","507419949","27.0039","Canada"
"6825","Malam - Team","MLTM.TA","507248250","2316.71","Israel"
"6826","YouGov plc","YOU.L","507237295","433.251","United Kingdom"
"6827","DRI Healthcare Trust","DHT-UN.TO","507235117","9.10513","Canada"
"6828","Boyaa Interactive","0434.HK","506574968","0.757237","China"
"6829","Savara","SVRA","506412384","2.93","United States"
"6830","Kintetsu Department Store","8244.T","506289149","13.0867","Japan"
"6831","Pacific Industrial","7250.T","506050107","8.84536","Japan"
"6832","Green Dot","GDOT","505544256","9.21","United States"
"6833","Ellaktor","ELLAKTOR.AT","505009429","1.45046","Greece"
"6834","Auna","AUNA","504768672","6.82","Luxembourg"
"6835","Jadwa Investment - Jadwa Reit Saudi Fund","4342.SR","504255838","2.70364","Saudi Arabia"
"6836","Krispy Kreme","DNUT","503860000","2.95","United States"
"6837","Synektik Spólka Akcyjna","SNT.WA","503482485","59.0309","Poland"
"6838","Sparebanken Møre","MORG.OL","503030928","10.1369","Norway"
"6839","Lucky Core Industries (LCI)","LCI.PK","502823677","5.44423","Pakistan"
"6840","CION Investment","CION","502638752","9.54","United States"
"6841","North American Construction Group","NOA","502492416","17.01","Canada"
"6842","Wonderla Holidays","WONDERLA.NS","502356947","7.91102","India"
"6843","Kappa Create","7421.T","502260468","10.1777","Japan"
"6844","Prashkovsky Investments and Construction","PRSK.TA","501767413","2381.59","Israel"
"6845","Mannai Corporation","MCCS.QA","501309890","1.0989","Qatar"
"6846","Cineplex","CGX.TO","501245623","7.9027","Canada"
"6847","Semler Scientific","SMLR","501041376","44.93","United States"
"6848","Upstream Bio","UPB","500819360","9.31","United States"
"6849","cBrain","CBRAIN.CO","500051812","25.5614","Denmark"
"6850","Artis REIT","AX-UN.TO","499953931","5.08497","Canada"
"6851","Gannett","GCI","499346784","3.41","United States"
"6852","Vadilal Industries","VADILALIND.NS","498453901","69.3469","India"
"6853","Axogen","AXGN","498251328","10.94","United States"
"6854","Teikoku Sen-i Co., Ltd.","3302.T","498234643","19.3789","Japan"
"6855","Malteries Franco-Belges","MALT.PA","498179385","1004.43","France"
"6856","Vista Group International","VGL.NZ","498045148","2.08532","New Zealand"
"6857","John Mattson Fastighetsföretagen","JOMA.ST","497428135","6.5629","Sweden"
"6858","Daiichi Jitsugyo","8059.T","496978287","15.6608","Japan"
"6859","TOKAI Corp.","9729.T","496853309","14.6911","Japan"
"6860","Arbonia","ARBN.SW","496829592","7.15358","Switzerland"
"6861","Boohoo Group","BOO.L","496710564","35.227","United Kingdom"
"6862","Raymond","RAYMOND.NS","496497761","7.4525","India"
"6863","Peet Limited","PPC.AX","496492351","1.06052","Australia"
"6864","Capricor Therapeutics","CAPR","496386688","10.86","United States"
"6865","Perion Network","PERI","496276992","10.95","Israel"
"6866","Volaris","VLRS","495778112","4.28","Mexico"
"6867","Opendoor","OPEN","495649984","0.68","United States"
"6868","Beacon Lighting Group","BLX.AX","495339249","2.16631","Australia"
"6869","Cigniti Technologies","CIGNITITEC.NS","494957926","18.1199","India"
"6870","Polyplex","POLYPLEX.NS","494689607","15.7352","India"
"6871","REGENXBIO","RGNX","494581536","9.86","United States"
"6872","Borussia Dortmund","BVB.F","493730110","4.40359","Germany"
"6873","Grupo Empresarial San José","GSJ.MC","493728984","7.59278","Spain"
"6874","Riso Kagaku Corporation","6413.T","493369172","7.69435","Japan"
"6875","CPH Group AG","CPHN.SW","493340757","82.3085","Switzerland"
"6876","Team17","TM17.L","492020501","3.41686","United Kingdom"
"6877","Computer Engineering &amp; Consulting","9692.T","489691881","15.5003","Japan"
"6878","Zur Rose Group","ROSE.SW","489604338","42.3889","Switzerland"
"6879","Northfield Bancorp","NFBK","489347616","11.48","United States"
"6880","Major Drilling Group International","MDI.TO","489096962","5.97592","Canada"
"6881","Air Astana","7YH.F","488557993","5.56123","Kazakhstan"
"6882","BHG Group AB","BHG.ST","488557296","2.72581","Sweden"
"6883","Mail.ru Group","RL9A.F","488183504","2.15866","Cyprus"
"6884","eGuarantee","8771.T","488136823","10.2126","Japan"
"6885","A-Mark Precious Metals","AMRK","488061536","19.82","United States"
"6886","Relay Therapeutics","RLAY","487760992","2.845","United States"
"6887","DoubleDown Interactive","DDI","487605472","9.84","United States"
"6888","HarborOne Bancorp","HONE","486928320","11.3","United States"
"6889","The ODP Corporation","ODP","485830752","16.15","United States"
"6890","Peoples Financial Services","PFIS","485380512","48.56","United States"
"6891","Strike Company","6196.T","484919158","25.2525","Japan"
"6892","Boiron","BOI.PA","484776175","27.1819","France"
"6893","Meier Tobler Group","MTG.SW","484737097","44.4224","Switzerland"
"6894","Nachi-Fujikoshi","6474.T","484108941","21.2414","Japan"
"6895","Medmix","MEDX.SW","483864937","11.8621","Switzerland"
"6896","THG (The Hut Group)","THG.L","483768339","33.3188","United Kingdom"
"6897","Coveo Solutions","CVO.TO","483504206","5.02702","Canada"
"6898","Caisse Régionale de Crédit Agricole du Morbihan","CMO.PA","483171853","93.3492","France"
"6899","Southern California Bancorp","BCAL","482952192","14.9","United States"
"6900","Shore Bancshares","SHBI","482592384","14.46","United States"
"6901","Intrepid Potash","IPI","482467648","36.23","United States"
"6902","Eastman Kodak Company","KODK","482251232","5.97","United States"
"6903","Northrim BanCorp","NRIM","482249728","87.35","United States"
"6904","Home Invest Belgium","HOMI.BR","481968049","22.1087","Belgium"
"6905","Halfords Group","HFD.L","481128429","220.27","United Kingdom"
"6906","Duni AB","DUNI.ST","480413249","10.2218","Sweden"
"6907","Peapack-Gladstone Financial","PGC","480288160","27.08","United States"
"6908","Enterprise Bancorp","EBTC","480197472","38.39","United States"
"6909","Oman Cables Industry","OCAI.OM","480077942","5.35204","Oman"
"6910","Fiducial Real Estate","ORIA.PA","479457478","198.615","France"
"6911","Acinque","AC5.MI","479305741","2.38338","Italy"
"6912","Claritev","CTEV","479121056","29.15","United States"
"6913","Integrated Holding Company K.S.C.P.","INTEGRATED.KW","479116714","1893.74","Kuwait"
"6914","Zenas BioPharma","ZBIO","479001568","11.45","United States"
"6915","LendingTree","TREE","478875392","35.38","United States"
"6916","Ramaco Resources","METC","478129984","8.84","United States"
"6917","Amylyx Pharmaceuticals","AMLX","477796320","5.36","United States"
"6918","KG Mobility (SsangYong Motor)","003620.KS","477298954","2.3587","South Korea"
"6919","Fujimori Kogyo","7917.T","477127523","25.8803","Japan"
"6920","Basler Kantonalbank","BSKP.SW","476540099","93.4444","Switzerland"
"6921","Veradigm","MDRX","476366016","4.4","United States"
"6922","EaseMyTrip","EASEMYTRIP.NS","476144874","0.129512","India"
"6923","Clearwater Paper","CLW","475476288","29.25","United States"
"6924","SAPTCO (Saudi Public Transport Company)","4040.SR","475269955","3.80216","Saudi Arabia"
"6925","Theravance Biopharma","TBPH","474512320","9.49","Cayman Islands"
"6926","Direct Finance of Direct Group","DIFI.TA","473896111","16024.8","Israel"
"6927","Reginn","REGINN.IC","473713134","0.168397","Iceland"
"6928","Pepper Money Limited","PPM.AX","473582328","1.06699","Australia"
"6929","Regal Partners Limited","RPL.AX","473325237","1.39678","Australia"
"6930","EuroGroup Laminations","EGLA.MI","473168104","3.56146","Italy"
"6931","Van de Velde","VAN.BR","473131676","37.2829","Belgium"
"6932","FW Thorpe Plc","TFW.L","473125340","405.987","United Kingdom"
"6933","Rockhopper Exploration","RKH.L","472964932","73.9847","United Kingdom"
"6934","Columbus McKinnon","CMCO","472964640","16.53","United States"
"6935","CEVA","CEVA","472827232","19.77","United States"
"6936","Kingfa Science & Technology","KINGFA.NS","472542851","38.9569","India"
"6937","Arvinas","ARVN","472254336","6.47","United States"
"6938","EPC Groupe","EXPL.PA","472151847","221.314","France"
"6939","Alliance Pharma","APH.L","472049474","87.325","United Kingdom"
"6940","Glass House Brands","GLASF","471888000","6","United States"
"6941","Vaibhav Global","VAIBHAVGBL.NS","471887374","2.83951","India"
"6942","Jacquet Metals","JCQ.PA","471849606","22.9826","France"
"6943","Hotel Property Investments","HPI.AX","471717722","2.39959","Australia"
"6944","indie Semiconductor","INDI","471638656","2.42","United States"
"6945","Viridien","VIRI.PA","471014614","63.9542","France"
"6946","Asia Financial Holdings","0662.HK","470972952","0.509507","Hong Kong"
"6947","Al Taiseer Group TALCO Industrial Company","4143.SR","470870551","11.7718","Saudi Arabia"
"6948","Bally's Corporation","BALY","470526752","9.6","United States"
"6949","Reservoir Media","RSVR","470327040","7.21","United States"
"6950","Gulf Warehousing Company","GWCS.QA","470273758","0.802473","Qatar"
"6951","Summit Hotel Properties","INN","470205984","4.19","United States"
"6952","LSI Industries","LYTS","470170528","15.67","United States"
"6953","Mediterranean Towers","MDTR.TA","470150134","312.143","Israel"
"6954","Dawood Hercules Corporation","DAWH.PK","469901442","0.976343","Pakistan"
"6955","IsoEnergy","ISO.V","469575094","2.62941","Canada"
"6956","Union Tool","6278.T","468768971","27.136","Japan"
"6957","Zevra Therapeutics","ZVRA","468604160","8.57","United States"
"6958","en Japan","4849.T","468253600","11.4613","Japan"
"6959","Altimmune","ALT","467987392","5.77","United States"
"6960","Greenlight Reinsurance","GLRE","467880128","13.54","Cayman Islands"
"6961","Card Factory plc","CARD.L","467874371","130.92","United Kingdom"
"6962","York Water","YORW","467577760","32.47","United States"
"6963","Amadeus Fire","AAD.DE","467322392","86.0288","Germany"
"6964","TINC NV","TINC.BR","467184129","12.8476","Belgium"
"6965","National CineMedia","NCMI","465863744","4.94","United States"
"6966","Cullinan Therapeutics","CGEM","465625984","7.89","United States"
"6967","Scholastic","SCHL","465412576","17.44","United States"
"6968","Digital Turbine","APPS","465180992","4.43","United States"
"6969","Titan Machinery","TITN","464713120","20.13","United States"
"6970","Sonida Senior Living","SNDA","464654784","24.63","United States"
"6971","Nextensa","NEXTA.BR","464529629","45.9653","Belgium"
"6972","Algoma Central Corporation","ALC.TO","464290252","11.4448","Canada"
"6973","Guaranty Bancshares","GNTY","463964384","40.91","United States"
"6974","Northpointe Bancshares","NPB","463923456","13.5","United States"
"6975","Saibu Gas Holdings","9536.T","463839353","12.4309","Japan"
"6976","Fiera Milano","FM.MI","463316200","6.48054","Italy"
"6977","Plastika Kritis","PLAKR.AT","463000885","16.9107","Greece"
"6978","AlTi Global","ALTI","462498976","3.19","United States"
"6979","IDEC Corporation","6652.T","462355471","15.6817","Japan"
"6980","Dye &amp; Durham","DND.TO","461940980","6.87412","Canada"
"6981","MarineMax","HZO","461892832","21.51","United States"
"6982","Talkspace","TALK","461789408","2.76","United States"
"6983","Ricegrowers Limited","SGLLV.AX","461503813","7.10678","Australia"
"6984","Eiken Chemical","4549.T","461387331","13.9517","Japan"
"6985","K-Electric","KEL.PK","461314273","0.0167051","Pakistan"
"6986","CNB Financial Corp","CCNE","461124992","21.98","United States"
"6987","Fiera Capital","FSZ.TO","460952242","4.2592","Canada"
"6988","Talgo S.A.","TLGO.MC","460310866","3.74532","Spain"
"6989","Interfor","IFP.TO","460293207","8.94578","Canada"
"6990","Vertical Aerospace","EVTL","460238720","5.44","United Kingdom"
"6991","Mears Group plc","MER.L","459388762","547.3","United Kingdom"
"6992","Enento Group","ENENTO.HE","459363323","19.4076","Finland"
"6993","Fonciere Inea","INEA.PA","459093406","42.4469","France"
"6994","Vinh Hoan Corporation","VHC.VN","458316287","2.04193","Vietnam"
"6995","Eslead Corporation","8877.T","457978227","29.6822","Japan"
"6996","Healius Limited","HLS.AX","457822099","0.630493","Australia"
"6997","Qudian","QD","457399008","2.77","China"
"6998","Formycon AG","FYB.DE","457097174","25.8767","Germany"
"6999","Greenply","GREENPLY.NS","456976406","3.65932","India"
"7000","Myers Industries","MYE","456811712","12.22","United States"
"7001","Credit Agricole Mutuel Toulouse 31","CAT31.PA","456651912","101.124","France"
"7002","One REIT, Inc.","3290.T","456398567","1700.01","Japan"
"7003","PureTech Health","PRTC","456359104","19","United States"
"7004","Waga Energy","WAGA.PA","456130600","18.2045","France"
"7005","Allergy Therapeutics","AGY.L","455150601","9.54907","United Kingdom"
"7006","Calavo Growers","CVGW","455009120","25.51","United States"
"7007","Roche Bobois","RBO.PA","454751670","44.1494","France"
"7008","Costain Group","COST.L","454699740","166.822","United Kingdom"
"7009","Yatsen Holding","YSG","454640640","4.93","China"
"7010","Tilray","TLRY","454111776","0.447","Canada"
"7011","Community Healthcare Trust","CHCT","453688192","16.01","United States"
"7012","Sunlight REIT","0435.HK","452863251","0.2605","Hong Kong"
"7013","Tamdeen Real Estate Company","TAM.KW","452797601","1127.77","Kuwait"
"7014","Jain Irrigation Systems","JISLDVREQS.NS","452235894","0.351431","India"
"7015","Flotek Industries","FTK","451274944","15.13","United States"
"7016","Sana Biotechnology","SANA","451110016","2","United States"
"7017","Nel ASA","NEL.OL","450991272","0.245365","Norway"
"7018","MyState Limited","MYS.AX","450492855","2.66424","Australia"
"7019","Botanix Pharmaceuticals","BOT.AX","450145087","0.229564","Australia"
"7020","Tata Steel Long Products","TATASTLLP.NS","449952913","9.98","India"
"7021","MSTC Limited","MSTCLTD.NS","448896514","6.37637","India"
"7022","Titan International","TWI","448477568","7.04","United States"
"7023","TRE Holdings Corporation","9247.T","448005670","9.1802","Japan"
"7024","Funding Circle","FCH.L","447635821","147.386","United Kingdom"
"7025","Orascom Development","ODHN.SW","447485504","7.2141","Switzerland"
"7026","COLOPL","3668.T","447133936","3.48094","Japan"
"7027","Bar Harbor Bankshares","BHB","447090144","29.18","United States"
"7028","Boston Omaha","BOC","446952800","14.21","United States"
"7029","Fastned","FAST.AS","446665232","22.4492","Netherlands"
"7030","NGL Energy Partners","NGL","446203968","3.38","United States"
"7031","Gravity Co.","GRVY","445841440","64.16","South Korea"
"7032","Maze Therapeutics","MAZE","445417536","10.17","United States"
"7033","Valhi","VHI","445360160","15.74","United States"
"7034","Whitefield Industrials Limited","WHF.AX","445042916","3.70536","Australia"
"7035","ACNB Corporation","ACNB","444922784","42.48","United States"
"7036","Ladun Investment Company","9535.SR","443940791","0.887882","Saudi Arabia"
"7037","Skycity Entertainment Group","SKC.NZ","443875653","0.583889","New Zealand"
"7038","NACL Industries","NACLIND.NS","443744700","2.20546","India"
"7039","Dutch Lady Milk Industries","3026.KL","443519395","6.92999","Malaysia"
"7040","Instone Real Estate Group","INS.DE","442518888","10.2145","Germany"
"7041","Dingdong Maicai","DDL","442210784","2.04","China"
"7042","Grenevia","GEA.WA","442082863","0.769272","Poland"
"7043","Mitek Systems","MITK","441972736","9.7","United States"
"7044","Gamania Digital","6180.TWO","441954540","2.51835","Taiwan"
"7045","kneat.com","FOBK.F","441397816","4.67597","Ireland"
"7046","Halwani Bros","6001.SR","441197758","12.4783","Saudi Arabia"
"7047","Thob Al Aseel Company","4012.SR","440474603","1.10119","Saudi Arabia"
"7048","Norma Group","NOEJ.F","440454014","13.8236","Germany"
"7049","Banan Real Estate Company","9519.SR","440223065","2.20147","Saudi Arabia"
"7050","FleetPartners Group","FPR.AX","440189683","1.95938","Australia"
"7051","Bafang Yunji","2753.TW","440150449","6.6044","Taiwan"
"7052","Orthofix Medical","OFIX","440000352","11.23","United States"
"7053","Peakstone Realty Trust","PKST","439802688","11.96","United States"
"7054","Tejon Ranch","TRC","439776448","16.36","United States"
"7055","Global Indemnity","GBLI","439375264","30.78","Cayman Islands"
"7056","NHN Corp","181710.KS","439281767","13.8231","South Korea"
"7057","Simona","SIM0.F","439223698","73.204","Germany"
"7058","Cross Country Healthcare","CCRN","439056608","13.52","United States"
"7059","Chofu Seisakusho","5946.T","438593174","12.8983","Japan"
"7060","Patrimoine et Commerce SA","PAT.PA","438261591","27.1252","France"
"7061","SkyWater Technology","SKYT","438097440","9.12","United States"
"7062","Birla Carbon (Thailand)","BCT.BK","437788044","1.45929","Thailand"
"7063","Raisio plc","RAIVV.HE","436829527","2.76927","Finland"
"7064","Inventiva","IVA","436282336","3.1281","France"
"7065","Domo","DOMO","436216672","10.85","United States"
"7066","init innovation in traffic systems","IXX.DE","436025259","44.1494","Germany"
"7067","BEWi ASA","BEWI.OL","435924380","2.27373","Norway"
"7068","Murapol S.A.","MUR.WA","435920722","10.6843","Poland"
"7069","IVF Hartmann","VBSN.SW","435750944","181.563","Switzerland"
"7070","Wing On Company International","0289.HK","435109808","1.50426","Hong Kong"
"7071","Gambling.com Group","GAMB","434359040","12.2","Jersey"
"7072","Al Khaleej Training and Education Company","4290.SR","434142110","6.67911","Saudi Arabia"
"7073","Gulf Pharmaceutical Industries","JULPHAR.AE","434095134","0.38","United Arab Emirates"
"7074","Consensus Cloud Solutions","CCSI","434003360","22.21","United States"
"7075","FRP Advisory Group","FRP.L","433802238","166.903","United Kingdom"
"7076","Investors Title Company","ITIC","433464864","229.8","United States"
"7077","OPAL Fuels","OPAL","433427520","2.5","United States"
"7078","Avino Silver &amp; Gold Mines","ASM","433352704","2.97","Canada"
"7079","Japan Display","6740.T","433103382","0.111613","Japan"
"7080","Timbercreek Financial","TF.TO","432785779","5.22984","Canada"
"7081","Arrow Financial","AROW","432557280","25.94","United States"
"7082","Al Soor Fuel Marketing Company K.S.C.P.","SOOR.KW","432549465","1069.1","Kuwait"
"7083","Alamar Foods Company","6014.SR","432422344","16.9577","Saudi Arabia"
"7084","Bioventus","BVS","431988000","6.51","United States"
"7085","Nexen Tire Corporation","002350.KS","431837837","4.49067","South Korea"
"7086","Unity Bancorp","UNTY","431638208","43.03","United States"
"7087","Nyab AB","NYAB.ST","430543215","0.605968","Sweden"
"7088","SEALSQ","LAES","430393408","3.71","Switzerland"
"7089","Kimball Electronics","KE","430070240","17.64","United States"
"7090","Ölgerðin Egill Skallagrímsson","OLGERD.IC","429312915","0.151003","Iceland"
"7091","Australian Ethical Investment Limited","AEF.AX","429062802","3.78296","Australia"
"7092","Addiko Bank","ZYE1.F","428999351","22.0747","Austria"
"7093","PennantPark Investment","PNNT","428995392","6.57","United States"
"7094","Wilmington plc","WIL.L","428636525","480.706","United Kingdom"
"7095","Imagicaaworld Entertainment","IMAGICAA.NS","428470861","0.757227","India"
"7096","First Foundation","FFWM","428407680","5.2","United States"
"7097","Repay Holdings","RPAY","428133952","4.53","United States"
"7098","Rieter Holding","RIEN.SW","427877486","94.6548","Switzerland"
"7099","West Holdings","1407.T","427161251","10.7707","Japan"
"7100","Tide Water Oil","TIDEWATER.NS","426582649","25.0972","India"
"7101","Delta Plus Group","ALDLT.PA","425935108","59.4711","France"
"7102","Fujiya Co., Ltd.","2211.T","425783088","16.5188","Japan"
"7103","Third Coast Bancshares","TCBX","425373984","30.75","United States"
"7104","RPG Life Sciences","RPGLIFE.NS","425058858","25.7004","India"
"7105","Gray Television","GTN","424215488","3.77","United States"
"7106","SFC Energy AG","F3C.DE","424136375","24.4013","Germany"
"7107","VGI Partners Global Investments","VG1.AX","423654001","1.04112","Australia"
"7108","Movida Participações","MOVI3.SA","423537107","1.2209","Brazil"
"7109","ORIC Pharmaceuticals","ORIC","422974144","5.95","United States"
"7110","Select Harvests Limited","SHV.AX","422717473","2.9035","Australia"
"7111","Magnera","MAGN","422572000","11.87","United States"
"7112","Septerna","SEPN","422412672","9.48","United States"
"7113","Star Group","SGU","421705184","12.2","United States"
"7114","Consolidated Water","CWCO","421633376","26.49","Cayman Islands"
"7115","Solstad Offshore","SOFF.OL","421406132","3.88017","Norway"
"7116","Future Care Trading Company","9544.SR","421277163","0.842554","Saudi Arabia"
"7117","Bpost","13B.F","419477762","2.09738","Belgium"
"7118","CGG","CGG.PA","418926038","0.587018","France"
"7119","Sukoon Insurance","SUKOON.AE","418797458","0.906739","United Arab Emirates"
"7120","Al-Yamamah Steel Industries Company","1304.SR","418536178","8.2389","Saudi Arabia"
"7121","RPMGlobal Holdings Limited","RUL.AX","418470879","1.88824","Australia"
"7122","Vital KSK Holdings","3151.T","418253125","8.66399","Japan"
"7123","Sidetrade","ALBFR.PA","418162570","293.951","France"
"7124","MBX Biosciences","MBX","418139264","12.51","United States"
"7125","Nathan's Famous","NATH","417579872","102.11","United States"
"7126","Stingray Group","RAY-A.TO","417301566","6.13528","Canada"
"7127","SIGA Technologies","SIGA","417216064","5.84","United States"
"7128","Kelly Services","KELYA","417090400","11.85","United States"
"7129","Prince Pipes And Fittings","PRINCEPIPE.NS","417049953","3.77028","India"
"7130","SurModics","SRDX","416967584","29.16","United States"
"7131","RENOVA, Inc.","9519.T","416925394","4.61103","Japan"
"7132","JTEKT India","JTEKTINDIA.NS","416893550","1.63809","India"
"7133","Smith &amp; Wesson","SWBI","416265536","9.46","United States"
"7134","Bandwidth","BAND","415787712","13.97","United States"
"7135","i-80 Gold","IAUX","415520384","0.5175","United States"
"7136","Black Diamond Group","BDI.TO","415052151","6.77271","Canada"
"7137","Mirbud S.A.","MRB.WA","414929276","3.7689","Poland"
"7138","Safilo Group","SFL.MI","414656225","1.02032","Italy"
"7139","Tectonic Therapeutic","TECX","414529504","22.2","United States"
"7140","McEwen Mining","MUX","414085664","7.67","Canada"
"7141","Sage Therapeutics","SAGE","413922848","6.61","United States"
"7142","The Property Franchise Group","TPFG.L","413792984","649.067","United Kingdom"
"7143","Bank Alfalah","BAFL.PK","413324085","0.262068","Pakistan"
"7144","Marie Brizard Wine &amp; Spirits","MBWS.PA","412607259","3.68857","France"
"7145","Sterlite Technologies","STLTECH.NS","412561359","0.845525","India"
"7146","Kalyani Steels","KSL.NS","412153423","9.44156","India"
"7147","Alfen","ALFEN.AS","412092811","12.5922","Netherlands"
"7148","Probi AB","PROB.ST","411799876","36.1415","Sweden"
"7149","Commercial Facilities Company S.A.K.P.","FACIL.KW","411054524","811.604","Kuwait"
"7150","Clean Energy Fuels","CLNE","411026528","1.86","United States"
"7151","Verastem Oncology","VSTM","411020032","7.48","United States"
"7152","Flushing Financial Corp","FFIC","410728320","12.16","United States"
"7153","Duniec Bros.","DUNI.TA","410597112","5318.41","Israel"
"7154","Saudi Advanced Industries Company","2120.SR","410585264","6.95907","Saudi Arabia"
"7155","RWS Holdings","RWS.L","410486650","107.367","United Kingdom"
"7156","Precigen","PGEN","410300192","1.39","United States"
"7157","EnviTec Biogas","ETG.DE","409550535","27.5792","Germany"
"7158","Millat Tractors","MTL.PK","409511859","2.05253","Pakistan"
"7159","Martinrea International","MRE.TO","409139427","5.62099","Canada"
"7160","ReposiTrak","TRAK","408660320","22.36","United States"
"7161","GWA Group Limited","GWA.AX","408163362","1.53905","Australia"
"7162","Xponential Fitness","XPOF","408155968","8.4","United States"
"7163","Landsea Homes","LSEA","408151616","11.21","United States"
"7164","MJ Gleeson plc","GLE.L","408131492","699.14","United Kingdom"
"7165","Personalis","PSNL","408061984","4.62","United States"
"7166","Mattr Corp.","MATR.TO","407890988","6.59162","Canada"
"7167","Autolus Therapeutics","AUTL","407195712","1.53","United Kingdom"
"7168","Bridgewater Bancshares","BWB","406933728","14.83","United States"
"7169","MeiraGTx","MGTX","406648928","5.06","United States"
"7170","Ismail Industries","ISIL.PK","406247078","6.12215","Pakistan"
"7171","Rapport Therapeutics","RAPP","405853312","11.12","United States"
"7172","The Pack Corporation","3950.T","405846291","21.5902","Japan"
"7173","Ion Beam Applications","IBAB.BR","405684494","13.415","Belgium"
"7174","Mirrabooka Investments Limited","MIR.AX","405338217","2.06284","Australia"
"7175","atai Life Sciences","ATAI","404682752","2.02","Germany"
"7176","Siyaram Silk Mills","SIYSIL.NS","404312367","8.90907","India"
"7177","Computer Modelling Group","CMG.TO","403066719","4.88939","Canada"
"7178","Digital Domain","0547.HK","402472693","0.0504399","Hong Kong"
"7179","Audinate Group","AD8.AX","401584366","4.81761","Australia"
"7180","Econergy Renewable Energy","ECNR.TA","401013097","852.059","Israel"
"7181","Ginkgo Bioworks","DNA","400943520","6.85","United States"
"7182","Graham Corporation","GHM","400899648","36.77","United States"
"7183","Postal Realty Trust","PSTL","400751296","13.1","United States"
"7184","Nabors Industries","NBR","400496800","25.51","Bermuda"
"7185","Jumia","JMIA","400454016","3.27","Germany"
"7186","Brinova Fastigheter","BRIN-B.ST","399380956","1.73447","Sweden"
"7187","Fauji Cement Company","FCCL.PK","399310809","0.162795","Pakistan"
"7188","Medicare Group","MCGS.QA","399043095","1.41786","Qatar"
"7189","Greenyard","GREEN.BR","398183398","8.05811","Belgium"
"7190","Gulf Medical Projects Company","GMPC.AE","397749390","0.57","United Arab Emirates"
"7191","BigCommerce","BIGC","397287584","4.96","United States"
"7192","Macmahon Holdings","MAH.AX","397159977","0.184298","Australia"
"7193","Idorsia","IDIA.SW","397158439","1.94878","Switzerland"
"7194","SRA Holdings","3817.T","397034685","31.4261","Japan"
"7195","First Business Financial Services","FBIZ","396975040","47.72","United States"
"7196","ABO Energy","AB9.DE","396620188","42.7874","Germany"
"7197","Al Hassan Ghazi Ibrahim Shaker","1214.SR","396587105","7.14571","Saudi Arabia"
"7198","Jumbo Interactive Limited","JIN.AX","396511042","6.35019","Australia"
"7199","The National Company for Glass Industries","2150.SR","396470103","12.0508","Saudi Arabia"
"7200","Viking Line Abp","VIK1V.HE","396159346","22.9259","Finland"
"7201","Nayifat Finance Company","4081.SR","396107186","3.30089","Saudi Arabia"
"7202","Senseonics Holdings","SENS","396002752","0.525","United States"
"7203","Northern Region Cement Company","3004.SR","395947190","2.19971","Saudi Arabia"
"7204","Herfy Food Services Company","6002.SR","395616380","6.11652","Saudi Arabia"
"7205","Jeju Air","089590.KS","395407020","4.90755","South Korea"
"7206","Linedata Services","LIN.PA","395151951","80.5811","France"
"7207","Northwest Pipe Company","NWPX","394628896","39.95","United States"
"7208","Indian Metals &amp; Ferro Alloys","IMFA.NS","394427616","7.31043","India"
"7209","America's Car-Mart","CRMT","393925952","47.68","United States"
"7210","ITM Power","ITM.L","393490038","63.808","United Kingdom"
"7211","loanDepot","LDI","392594112","1.19","United States"
"7212","Tourmaline Bio","TRML","392263392","15.27","United States"
"7213","Iwaki Co.","6237.T","391850882","17.7186","Japan"
"7214","Kamada","KMDA","391642528","6.74","Israel"
"7215","National Petroleum Services Company","NAPESCO.KW","391630795","4335.07","Kuwait"
"7216","COMPASS Pathways","CMPS","391088320","4.18","United Kingdom"
"7217","Verve Therapeutics","VERV","390447232","4.38","United States"
"7218","SThree","STEM.L","390345753","305.705","United Kingdom"
"7219","Combined Group Contracting Company","CGC.KW","390281956","2281.62","Kuwait"
"7220","NL Industries","NL","389804640","7.98","United States"
"7221","Ardmore Shipping","ASC","389583200","9.59","Bermuda"
"7222","Helical","HLCL.L","388972696","318.527","United Kingdom"
"7223","Hanza AB","HANZA.ST","388837973","8.46049","Sweden"
"7224","Kearny Financial","KRNY","388769792","6.02","United States"
"7225","Americas Gold and Silver Corp","USAS","388608192","0.5971","Canada"
"7226","Nucleus Software Exports","NUCLEUS.NS","388592285","14.7612","India"
"7227","Cooper Standard","CPS","388514912","22.14","United States"
"7228","Chorus Aviation","CHR.TO","388467585","14.6464","Canada"
"7229","Hellenic Exchanges (Athens Stock Exchange)","EXAE.AT","388030308","6.70752","Greece"
"7230","Sify","SIFY","387831616","5.37","India"
"7231","Borr Drilling","BORR","387680576","1.62","Bermuda"
"7232","Home Bancorp","HBCP","387416032","49.66","United States"
"7233","Ballard Power Systems","BLDP","387132864","1.29","Canada"
"7234","Satellogic","SATL","386248096","3.71","United States"
"7235","Schweizerische Nationalbank","SNBN.SW","386123753","3861.24","Switzerland"
"7236","Oman Cement Company","OCOI.OM","385975180","1.16654","Oman"
"7237","IBEX","IBEX","385660032","28.84","United States"
"7238","The Cross-Harbour Holdings","0032.HK","385485180","1.03434","Hong Kong"
"7239","EyePoint Pharmaceuticals","EYPT","385345504","5.6","United States"
"7240","Diagnosticos da America (DASA)","DASA3.SA","385298054","0.308325","Brazil"
"7241","SelectQuote","SLQT","385167808","2.23","United States"
"7242","Conduent","CNDT","385155424","2.38","United States"
"7243","Al-Jouf Agricultural Development","6070.SR","384748683","12.825","Saudi Arabia"
"7244","F-Secure","FSECURE.HE","384593803","2.20179","Finland"
"7245","Fujibo Holdings","3104.T","384174653","33.8677","Japan"
"7246","Phnom Penh Autonomous Port","PPAP.KH","384091410","3.36","Cambodia"
"7247","Abivax","ABVX","383790848","6.05","France"
"7248","Treace Medical Concepts","TMCI","383720480","6.1","United States"
"7249","Fortrea","FTRE","383719968","4.24","United States"
"7250","Monro","MNRO","383352320","12.8","United States"
"7251","High Liner Foods","HLF.TO","383277361","13.1543","Canada"
"7252","JCR Pharmaceuticals","4552.T","383273860","3.1461","Japan"
"7253","Maruzen","5982.T","383204914","24.2759","Japan"
"7254","Greene County Bancorp","GCBC","383103008","22.5","United States"
"7255","PCC Rokita","PCR.WA","382344903","19.2585","Poland"
"7256","Tadiran Group","TDRN.TA","382285350","4452.43","Israel"
"7257","Safe Bulkers","SB","382130112","3.63","Monaco"
"7258","Jack in the Box","JACK","382119040","20.24","United States"
"7259","AngioDynamics","ANGO","382111872","9.41","United States"
"7260","The Italian Sea Group","TISG.MI","381364204","7.19555","Italy"
"7261","Advanced Technology Company K.S.C.P.","ATC.KW","381355932","2542.37","Kuwait"
"7262","Vivid Seats","SEAT","381235040","1.85","United States"
"7263","Beyout Investment Group","BEYOUT.KW","381188136","1271.19","Kuwait"
"7264","Equals Group","EQLS.L","380804060","188.282","United Kingdom"
"7265","Y.D. More Investments","MRIN.TA","380343840","534.347","Israel"
"7266","Diamond Hill Investment Group","DHIL","379939936","139.29","United States"
"7267","Universal Store Holdings","UNI.AX","379533314","4.94694","Australia"
"7268","Ayyan Investment Company","2140.SR","379414218","3.77016","Saudi Arabia"
"7269","H&amp;T Group plc","HAT.L","379042939","871.766","United Kingdom"
"7270","STRATEC","SBS.F","378707815","31.1542","Germany"
"7271","Branicks Group","DIC.DE","378699208","4.46601","Germany"
"7272","Najran Cement Company","3002.SR","378662941","2.23704","Saudi Arabia"
"7273","Brasil Agro","LND","378538912","3.8","Brazil"
"7274","Atrium Mortgage Investment","AI.TO","378314897","7.96065","Canada"
"7275","Winton Land","WIN.NZ","378189971","1.27502","New Zealand"
"7276","Text (LiveChat)","TXT.WA","377604308","14.6642","Poland"
"7277","Bijou Brigitte","BIJ.DE","377464860","49.0296","Germany"
"7278","Chubu Steel Plate","5461.T","377276583","13.9307","Japan"
"7279","Nilfisk Holding","NLFSK.CO","377235948","13.9066","Denmark"
"7280","VersaBank","VBNK","377218080","11.6","Canada"
"7281","Australian Clinical Labs","ACL.AX","377158409","1.90764","Australia"
"7282","Movado","MOV","377137792","16.96","United States"
"7283","Stellus Capital","SCM","377081664","13.27","United States"
"7284","Medistim","MEDI.OL","376948892","20.6613","Norway"
"7285","Franchise Brands plc","FRAN.L","376928566","194.774","United Kingdom"
"7286","Organogenesis","ORGO","376756384","2.97","United States"
"7287","Kitwave Group","KITW.L","376351417","449.447","United Kingdom"
"7288","Advantage Solutions","ADV","376201920","1.16","United States"
"7289","Novabase","NBA.LS","376022263","10.7252","Portugal"
"7290","Leonteq","LEON.SW","376020025","21.5455","Switzerland"
"7291","Sierra Bancorp","BSRR","376009536","27.21","United States"
"7292","Red River Bancshares","RRBI","375939392","55.38","United States"
"7293","Saratoga Investment","SAR","375671808","24.45","United States"
"7294","Eisen- und Hüttenwerke","EIS.F","375530587","21.337","Germany"
"7295","Avex Inc.","7860.T","375177895","8.85234","Japan"
"7296","Locaweb","LWSA3.SA","375068352","0.682213","Brazil"
"7297","Surge Energy","SGY.TO","374842308","3.77389","Canada"
"7298","The Manitowoc Company","MTW","374283360","10.56","United States"
"7299","Central Asia Metals","CAML.L","374199123","214.317","United Kingdom"
"7300","Knowit","KNOW.ST","373880275","13.6919","Sweden"
"7301","Daiichi Kensetsu","1799.T","373091293","19.8811","Japan"
"7302","Vst Tillers Tractors","VSTTILLERS.NS","372398787","43.1041","India"
"7303","Humacyte","HUMA","372285632","2.4","United States"
"7304","Lumibird","LBIRD.PA","372264923","16.9107","France"
"7305","Econocom Group","ECONB.BR","371594743","2.22449","Belgium"
"7306","gremz, Inc.","3150.T","371464002","16.0793","Japan"
"7307","Prakash Industries","PRAKASH.NS","371090405","2.07172","India"
"7308","The Arena Group","AREN","370975808","7.8","United States"
"7309","Green Landscaping Group","GREEN.ST","370746318","6.5629","Sweden"
"7310","NIOX Group","NIOX.L","370392863","85.8822","United Kingdom"
"7311","Wabash National","WNC","370131680","8.84","United States"
"7312","A'ayan Leasing and Investment Company","AAYAN.KW","370112986","557.366","Kuwait"
"7313","Greenpanel Industries","GREENPANEL.NS","369881434","3.00402","India"
"7314","Star Micronics","7718.T","369710818","11.6496","Japan"
"7315","Wajax Corporation","WJX.TO","369593927","16.9861","Canada"
"7316","Batic Investments and Logistics Company","4110.SR","369550727","0.615918","Saudi Arabia"
"7317","Stillfront Group","SF.ST","369329288","0.750907","Sweden"
"7318","Seco S.p.A.","IOT.MI","369044077","2.78629","Italy"
"7319","IFL (Ibrahim Fibres)","IBFL.PK","368930090","1.18815","Pakistan"
"7320","Aura Biosciences","AURA","368305536","5.94","United States"
"7321","Service Properties Trust","SVC","368265568","2.21","United States"
"7322","Ooma","OOMA","368210944","13.36","United States"
"7323","Klaveness Combination Carriers","KCC.OL","367852143","6.20828","Norway"
"7324","Vigil Neuroscience","VIGL","367771424","7.88","United States"
"7325","Victorian Plumbing Group","VIC.L","367732955","108.785","United Kingdom"
"7326","Fastighets AB Trianon","TRIAN-B.ST","367649775","1.99403","Sweden"
"7327","Gielda Papierów Wartosciowych w Warszawie","GPW.WA","367619706","13.5157","Poland"
"7328","Shimao Property","0813.HK","367579662","0.097049","Hong Kong"
"7329","SMCP S.A.","SMCP.PA","367474402","4.70435","France"
"7330","Cerence","CRNC","367261248","8.49","United States"
"7331","Shinpoong Pharm","019170.KS","367204583","7.45275","South Korea"
"7332","KULR Technology Group","KULR","367113152","1.23","United States"
"7333","West Coast Paper Mills","WSTCSTPAPR.NS","367020184","5.5568","India"
"7334","Allcargo Logistics","ALLCARGO.NS","366971103","0.372919","India"
"7335","Yü Group","YU.L","366429218","2182.45","United Kingdom"
"7336","Rotshtein Realestate","ROTS.TA","365868395","2178.32","Israel"
"7337","HIVE Blockchain Technologies","HIVE","365464256","2.01","Canada"
"7338","Sinad Holding Company","4080.SR","365299782","2.89028","Saudi Arabia"
"7339","Value Line","VALU","365246112","38.8","United States"
"7340","Shen Zhen Shengxunda Technology (gamexun)","300518.SZ","365167476","1.83122","China"
"7341","Stalprodukt","STP.WA","364896313","67.5784","Poland"
"7342","Hexagon Composites","HEX.OL","364070957","1.75374","Norway"
"7343","Neowiz Games","095660.KQ","364035198","18.1748","South Korea"
"7344","Far East Consortium International","0035.HK","363283225","0.118757","Hong Kong"
"7345","Gateway Distriparks","GATEWAY.NS","363264210","0.725524","India"
"7346","Midland States Bancorp","MSBI","362755616","16.87","United States"
"7347","Prime Focus","PFOCUS.NS","362569777","1.19942","India"
"7348","Mereo BioPharma Group","MREO","362520000","2.28","United Kingdom"
"7349","Via S.A.","VIIA3.SA","362489533","0.15","Brazil"
"7350","ASBISc Enterprises","ASB.WA","362311012","6.52813","Cyprus"
"7351","Myriad Genetics","MYGN","362257184","3.93","United States"
"7352","PharmaSGP","PSG.DE","361977528","29.9625","Germany"
"7353","Tetra Technologies","TTI","361958560","2.72","United States"
"7354","Nu Skin","NUS","361703168","7.32","United States"
"7355","Barnes &amp; Noble Education","BNED","361651360","10.62","United States"
"7356","Immobiliare Grande Distribuzione SIIQ","IGD.MI","361299576","3.24027","Italy"
"7357","Ambac","AMBC","361205184","7.78","United States"
"7358","Keystone Infra","KSTN.TA","360704021","192.688","Israel"
"7359","The Gym Group","GYM.L","360515215","191.967","United Kingdom"
"7360","Rafhan Maize Products Company","RMPL.PK","360021393","38.9785","Pakistan"
"7361","Anywhere Real Estate","HOUS","360012096","3.22","United States"
"7362","FACC AG","FACC.VI","359626394","7.85382","Austria"
"7363","illimity Bank","ILTY.MI","359527754","4.33095","Italy"
"7364","Harbour Centre Development","0051.HK","359302968","0.506953","Hong Kong"
"7365","OVB Holding","O4B.DE","359072614","25.1958","Germany"
"7366","Mangalore Chemicals and Fertilizers","MANGCHEFER.NS","359026717","3.02938","India"
"7367","A.L.A. società per azioni","ALA.MI","358699226","39.6096","Italy"
"7368","BayWa","BYW.F","358666104","20.9965","Germany"
"7369","Runway Growth Finance","RWAY","358535040","9.6","United States"
"7370","Alantra Partners","ALNT.MC","358431125","9.37465","Spain"
"7371","IVU Traffic Technologies","IVU.DE","358368076","20.5425","Germany"
"7372","Capacit'e Infraprojects","CAPACITE.NS","357675507","4.22586","India"
"7373","Eik fasteignafélag","EIK.IC","357621384","0.105387","Iceland"
"7374","SandRidge Energy","SD","356597664","9.72","United States"
"7375","WideOpenWest","WOW","356434528","4.17","United States"
"7376","United Heavy Machinery","OMZZP.ME","356378950","130.35","Russia"
"7377","TruBridge","TBRG","355904352","23.69","United States"
"7378","Kyokuyo","1301.T","355861303","29.9612","Japan"
"7379","Doha Insurance Group","DOHI.QA","355769213","0.711538","Qatar"
"7380","Shoper","SHO.WA","354707290","12.6075","Poland"
"7381","MCI Capital Alternatywna Spólka Inwestycyjna","MCI.WA","354523007","6.75784","Poland"
"7382","Ashiana Housing","ASHIANA.NS","354515711","3.52664","India"
"7383","SES AI","SES","354490048","0.9663","United States"
"7384","Canopy Growth","CGC","354043040","1.93","Canada"
"7385","Lubawa","LBW.WA","354020347","2.3559","Poland"
"7386","Filtronic","FTC.L","353997176","161.626","United Kingdom"
"7387","NVE Corporation","NVEC","353887360","73.16","United States"
"7388","Chatham Lodging Trust","CLDT","353855552","6.91","United States"
"7389","Australian Finance Group","AFG.AX","353692322","1.30625","Australia"
"7390","Xperi","XPER","353618144","7.74","United States"
"7391","Zhihu","ZH","353479104","4.01","China"
"7392","Ascencio","ASCE.BR","353342722","53.5694","Belgium"
"7393","POET Technologies","POET","353074144","4.44","Canada"
"7394","Olema Pharmaceuticals","OLMA","353053888","5.16","United States"
"7395","Independent Petroleum Group K.S.C.P.","IPG.KW","352972673","1952.41","Kuwait"
"7396","Acacia Research","ACTG","352950144","3.67","United States"
"7397","Gorilla Technology","GRRR","352877408","17.45","Taiwan"
"7398","Galiano Gold","GAU","352829792","1.37","Canada"
"7399","Emergent BioSolutions","EBS","352805696","6.5","United States"
"7400","Rigel Pharmaceuticals","RIGL","352622432","19.73","United States"
"7401","Shenzhen Zqgame","300052.SZ","352621730","1.34661","China"
"7402","Prothena","PRTA","352566848","6.55","Ireland"
"7403","Bourrelier Group","ALBOU.PA","352193867","56.7472","France"
"7404","Incap Oyj","ICP1V.HE","352137210","11.9623","Finland"
"7405","Uzin Utz","UZU.DE","352089052","69.7991","Germany"
"7406","Bank7","BSVN","351795200","37.23","United States"
"7407","Hypothekarbank Lenzburg","HBLN.SW","351323908","4890.09","Switzerland"
"7408","Spire Global","SPIR","350855936","11.29","United States"
"7409","Medios AG","ILM1.DE","350844499","13.7555","Germany"
"7410","Dine Brands Global","DIN","350799232","22.45","United States"
"7411","National Cement Company P.S.C.","NCC.AE","350739832","0.977536","United Arab Emirates"
"7412","Toscana Aeroporti","TYA.MI","350651685","18.8401","Italy"
"7413","Ice Fish Farm","IFISH.OL","350507489","2.86688","Iceland"
"7414","Bank of Jerusalem","JBNK.TA","350497275","497.034","Israel"
"7415","Honda Siel Power Products","HONDAPOWER.NS","350254579","34.4997","India"
"7416","Glarner Kantonalbank","GLKBN.SW","349690133","25.903","Switzerland"
"7417","Nordic Paper","NPAPER.ST","349548098","5.22425","Sweden"
"7418","TAT Technologies","TATT","349113536","30.67","Israel"
"7419","CuriosityStream","CURI","349053408","6.08","United States"
"7420","Artesian Resources","ARTNA","348964416","33.91","United States"
"7421","Qatar Islamic Insurance Group","QISI.QA","348873600","2.32582","Qatar"
"7422","McBride","MCB.L","348826281","204.343","United Kingdom"
"7423","Vishay Precision Group","VPG","348799552","26.31","United States"
"7424","Arabian Pipes Company","2200.SR","348753500","2.32502","Saudi Arabia"
"7425","Marston's","MARS.L","348436339","54.73","United Kingdom"
"7426","Pizza Pizza","PZA.TO","348143028","10.4379","Canada"
"7427","Benitec Biopharma","BNTC","347906720","13.59","United States"
"7428","Eurocash","EUR.WA","347554395","2.49746","Poland"
"7429","Arcturus Therapeutics","ARCT","347143680","12.8","United States"
"7430","RCI Hospitality Holdings","RICK","347002976","39.44","United States"
"7431","Civmec Limited","CVL.AX","346930648","0.682225","Australia"
"7432","Aeroporto G. Marconi Bologna","ADB.MI","346894927","9.53354","Italy"
"7433","Civista Bancshares","CIVB","346541504","22.33","United States"
"7434","Information Services Corporation","ISV.TO","346296529","18.7892","Canada"
"7435","JDC Group AG","JDC.DE","346232264","26.6712","Germany"
"7436","Unisys","UIS","346096800","4.87","United States"
"7437","Nano Dimension","NNDM","345480000","1.59","United States"
"7438","Servcorp Limited","SRV.AX","345269718","3.49843","Australia"
"7439","Jin Air","272450.KS","345245868","6.69943","South Korea"
"7440","Clinuvel Pharmaceuticals","CUV.AX","345197147","6.88692","Australia"
"7441","Oma Säästöpankki","OMASP.HE","345117149","10.4074","Finland"
"7442","Kuwait Reinsurance Company","KUWAITRE.KW","344862555","1117.99","Kuwait"
"7443","Geopark","GPRK","344855616","6.72","Chile"
"7444","Standard BioTools","LAB","344805472","0.9545","United States"
"7445","Deceuninck","DECB.BR","344712528","2.44013","Belgium"
"7446","Venu Holding Corporation","VENU","344516448","9.09","United States"
"7447","STEICO SE","ST5.DE","344455140","24.4581","Germany"
"7448","Foseco India","FOSECOIND.NS","344286941","53.8713","India"
"7449","Agora.io","API","344119392","3.68","China"
"7450","Gladstone Land","LAND","343754656","9.5","United States"
"7451","Southern States Bancshares","SSBK","343459616","34.61","United States"
"7452","Betterware de Mexico","BWMX","342938624","9.19","Mexico"
"7453","Erasca","ERAS","342777280","1.21","United States"
"7454","Vaalco Energy","EGY","342557536","3.26","United States"
"7455","Pico Far East Holdings","0752.HK","341510263","0.270715","Hong Kong"
"7456","Olympic Steel","ZEUS","341467008","30.59","United States"
"7457","De La Rue","DLAR.L","340739728","173.481","United Kingdom"
"7458","China Motor Bus Company","0026.HK","340682025","7.53406","Hong Kong"
"7459","Solar A/S","SOLAR-B.CO","340578911","46.6343","Denmark"
"7460","Obsidian Energy","OBE","340403904","4.77","Canada"
"7461","Beyond, Inc.","BYON","340309056","5.9","United States"
"7462","Community West Bancshares","CWBC","340238848","17.85","United States"
"7463","KCP Limited","KCP.NS","339930246","2.63673","India"
"7464","Probe Gold Inc.","PRB.TO","339797030","1.66601","Canada"
"7465","Arabian Shield Cooperative Insurance Company","8070.SR","339648623","4.25543","Saudi Arabia"
"7466","MT Højgaard Holding","MTHH.CO","339582320","44.1238","Denmark"
"7467","Icelandair","ICEAIR.IC","339569057","0.00825796","Iceland"
"7468","NexPoint Real Estate Finance","NREF","339464320","14.92","United States"
"7469","Mandalay Resources","MND.TO","339417422","3.58555","Canada"
"7470","Absci","ABSI","339306944","2.66","United States"
"7471","Aurelia Metals","AMI.AX","339301210","0.190764","Australia"
"7472","Lifeway Foods","LWAY","339031360","22.3","United States"
"7473","Chinese Estates Holdings","0127.HK","338597602","0.177497","Hong Kong"
"7474","QuantaSing Group","QSG","338368064","6.62","China"
"7475","aTyr Pharma","ATYR","338216704","3.8","United States"
"7476","The Shyft Group","SHYF","338158912","9.66","United States"
"7477","Qoria Limited","QOR.AX","337967292","0.258664","Australia"
"7478","BlackSky Technology","BKSY","337070560","10.75","United States"
"7479","Sundial Growers","SNDL","337055136","1.31","Canada"
"7480","Chrysos Corporation Limited","C79.AX","337003118","2.90997","Australia"
"7481","Avax S.A.","AVAX.AT","336674611","2.26989","Greece"
"7482","Abeona Therapeutics","ABEO","336611072","6.58","United States"
"7483","Abbott Laboratories (Pakistan)","ABOT.PK","336454799","3.43671","Pakistan"
"7484","Definitive Healthcare","DH","335980480","3.13","United States"
"7485","ChargePoint","CHPT","335907136","0.7331","United States"
"7486","Alembic Limited","ALEMBICLTD.NS","335883567","1.30662","India"
"7487","Bank of Marin Bancorp","BMRC","335835424","20.71","United States"
"7488","Hokkaido Gas","9534.T","335724580","3.80881","Japan"
"7489","Al Baraka Group","BARKA.BH","335666569","0.325","Bahrain"
"7490","Marimaca Copper","MARI.TO","335629131","3.31754","Canada"
"7491","Mikron Holding","MIKN.SW","335613750","20.1414","Switzerland"
"7492","CytomX Therapeutics","CTMX","335568736","2.13","United States"
"7493","Abu Dhabi Ship Building","ADSB.AE","334800163","1.58","United Arab Emirates"
"7494","Lesaka Technologies","LSAK","334747520","4.12","South Africa"
"7495","Habib Metropolitan Bank","HMB.PK","334473592","0.319206","Pakistan"
"7496","Middle East Specialized Cables Company","2370.SR","334355419","8.35889","Saudi Arabia"
"7497","Bufab AB","BUFAB.ST","334123618","8.8166","Sweden"
"7498","Nano-X Imaging","NNOX","334112864","5.24","Israel"
"7499","Rezolute","RZLT","333525248","3.9","United States"
"7500","Kingsgate Consolidated Limited","KCN.AX","333355320","1.29332","Australia"
"7501","CLS Holdings plc","CLI.L","333142800","83.6809","United Kingdom"
"7502","Spok Holdings","SPOK","333065536","16.19","United States"
"7503","Paisalo Digital","PAISALO.NS","332603679","0.368574","India"
"7504","iTeos Therapeutics","ITOS","332599296","8.69","United States"
"7505","Qatar Industrial Manufacturing Company","QIMD.QA","332509433","0.699725","Qatar"
"7506","Xunlei","XNET","332443296","5.33","China"
"7507","Matrix Service","MTRX","332430432","12.04","United States"
"7508","Kaltura","KLTR","331817056","2.16","United States"
"7509","International Money Express","IMXI","331542304","11.06","United States"
"7510","Havertys","HVT","330946656","20.47","United States"
"7511","Eagle Football Group","EFG.PA","330840413","2.0202","France"
"7512","Wall Financial Corporation","WFC.TO","330812905","10.3076","Canada"
"7513","ElringKlinger","ZIL2.DE","330786517","5.22075","Germany"
"7514","ZE PAK SA","ZEP.WA","330560462","6.50409","Poland"
"7515","Fulcrum Therapeutics","FULC","330353312","6.12","United States"
"7516","Summit Midstream","SMC","329897664","26.95","United States"
"7517","Mahanagar Telephone Nigam","MTNL.NS","329698470","0.523331","India"
"7518","Calian Group","CGY.TO","329402025","28.1774","Canada"
"7519","Acco Brands","ACCO","328861728","3.65","United States"
"7520","Aluflexpack AG","AFP.SW","328761964","19.0036","Switzerland"
"7521","Infotel SA","INF.PA","328342917","47.3272","France"
"7522","Backblaze","BLZE","328120224","5.98","United States"
"7523","Miyakoshi Holdings","6620.T","327699875","8.18963","Japan"
"7524","West Bancorporation","WTBA","327635104","19.36","United States"
"7525","Jindal Poly Films","JINDALPOLY.NS","327603674","7.48186","India"
"7526","Claros Mortgage Trust","CMTG","327503040","2.35","United States"
"7527","T’way Air","091810.KS","327337425","1.52127","South Korea"
"7528","Outset Medical","OM","327330880","18.47","United States"
"7529","Bannerman Energy","BMN.AX","327287071","1.83005","Australia"
"7530","Coelacanth Energy","CEI.V","327174955","0.615701","Canada"
"7531","B.P. Marsh &amp; Partners","BPM.L","327114386","887.935","United Kingdom"
"7532","Dakota Gold","DC","326715904","2.92","United States"
"7533","The Shikoku Bank","8387.T","326680190","7.82689","Japan"
"7534","Cereno Scientific","CRNO-B.ST","326342766","1.15847","Sweden"
"7535","Unimot","UNT.WA","326266147","39.7991","Poland"
"7536","Omega Flex","OFLX","325944960","32.29","United States"
"7537","Farmers &amp; Merchants Bancorp","FMAO","325942048","23.76","United States"
"7538","Celon Pharma","CLN.WA","325831970","6.05","Poland"
"7539","Kewal Kiran Clothing","KKCL.NS","325506618","5.28204","India"
"7540","Sandhar","SANDHAR.NS","324926312","5.39828","India"
"7541","Strike Energy","STX.AX","324433681","0.113165","Australia"
"7542","Selvaag Bolig","SBO.OL","324430390","3.46003","Norway"
"7543","MTI Ltd.","9438.T","323913836","5.8318","Japan"
"7544","Byggmax Group","BMAX.ST","323288548","5.51452","Sweden"
"7545","Sea1 Offshore","SEA1.OL","323228202","2.11062","Norway"
"7546","B&amp;G Foods","BGS","323181536","4.05","United States"
"7547","WCM Beteiligungs- und Grundbesitz","WCMK.DE","323079704","2.14695","Germany"
"7548","Etteplan","ETTE.HE","322394026","12.7681","Finland"
"7549","M1 Kliniken AG","M12.DE","322129556","16.8426","Germany"
"7550","PLAID,Inc.","4165.T","322029502","7.88967","Japan"
"7551","Canaan","CAN","321884384","0.6992","China"
"7552","Gilat Satellite Networks","GILT","321843200","5.64","Israel"
"7553","Rosenbauer International","ROS.VI","321824991","47.3272","Austria"
"7554","Raoom trading Company","9529.SR","321795381","51.4873","Saudi Arabia"
"7555","Semperit","SEM.VI","321758529","15.6395","Austria"
"7556","Caledonia Mining","CMCL","321644320","16.67","Jersey"
"7557","Reach plc","RCH.L","321413289","101.902","United Kingdom"
"7558","AlphaPolis","9467.T","321119337","11.0497","Japan"
"7559","Chargeurs","CRI.PA","321099862","13.3243","France"
"7560","Varex Imaging","VREX","320893952","7.73","United States"
"7561","CoolCo (Cool Company)","CLCO","320890688","5.93","Bermuda"
"7562","Vasta Platform","VSTA","320841216","4","Brazil"
"7563","Red Sea International Company","4230.SR","320441899","10.5986","Saudi Arabia"
"7564","All for One Group","A1OS.DE","320033122","64.2379","Germany"
"7565","Quantum-Si","QSI","319286528","1.74","United States"
"7566","Gofore Oyj","GOFORE.HE","318651831","20.2474","Finland"
"7567","A2Z Smart Technologies","AZ","318510880","9.09","Canada"
"7568","Groupe Pizzorno Environnement","GPE.PA","318403450","82.397","France"
"7569","Hathway","HATHWAY.NS","318204820","0.179767","India"
"7570","Rimini Street","RMNI","317576096","3.46","United States"
"7571","Lanvin Group","LANV","317291520","2.27","China"
"7572","Amplitude Energy","AEL.AX","317193272","0.119632","Australia"
"7573","Ponce Financial Group","PDLB","317079072","13.22","United States"
"7574","Kaiser (China) Culture","002425.SZ","317067675","0.33143","China"
"7575","Standard Lithium","SLI","316975680","1.62","Canada"
"7576","Vp plc","VP.L","316900482","803.066","United Kingdom"
"7577","Mativ Holdings","MATV","316870816","5.8","United States"
"7578","orion-group-holdings","ORN","316827552","8.01","United States"
"7579","XANO Industri","XANO-B.ST","316498648","5.33629","Sweden"
"7580","Ooredoo Oman","ORDS.OM","316255056","0.48584","Oman"
"7581","Arqit Quantum","ARQQ","315608288","24.76","United Kingdom"
"7582","Nilkamal","NILKAMAL.NS","315372426","21.134","India"
"7583","Akastor ASA","AKAST.OL","315358646","1.15861","Norway"
"7584","Arnarlax (Icelandic Salmon)","ISLAX.OL","315265311","10.1824","Iceland"
"7585","NRC Health","NRC","314210656","13.79","United States"
"7586","Basler Aktiengesellschaft","BSL.DE","314066399","10.2145","Germany"
"7587","CompX International","CIX","314001120","25.49","United States"
"7588","Southern Cross Electrical Engineering","SXE.AX","313752818","1.18662","Australia"
"7589","Allot","ALLT","313176192","7.89","Israel"
"7590","PrimeEnergy Resources","PNRG","313070656","188.54","United States"
"7591","Hudson Technologies","HDSN","312191424","7.18","United States"
"7592","CryoPort","CYRX","311853376","6.22","United States"
"7593","Norcros","NXR.L","311618653","340.122","United Kingdom"
"7594","Com2uS","078340.KQ","311591732","27.2804","South Korea"
"7595","Nyxoah","NYXH","311395136","8.32","Belgium"
"7596","Ercros","ECR.MC","311325171","3.40483","Spain"
"7597","Acast AB","ACAST.ST","311320172","1.71936","Sweden"
"7598","Kits Eyecare","KITS.TO","311133765","9.72083","Canada"
"7599","Kuwait National Cinema Company","KCIN.KW","310887432","3357.24","Kuwait"
"7600","Mayville Engineering Company","MEC","310597984","15.18","United States"
"7601","Bushiroad","7803.T","310584949","4.5901","Japan"
"7602","Scientific and Medical Equipment House Company","4014.SR","310358619","10.3453","Saudi Arabia"
"7603","Cytek Biosciences","CTKB","310314560","2.45","United States"
"7604","Lalique Group","LLQ.SW","310240545","40.5543","Switzerland"
"7605","Maui Land &amp; Pineapple Company","MLP","309747264","15.69","United States"
"7606","Relais Group Oyj","RELAIS.HE","309514888","17.1377","Finland"
"7607","Chalice Mining","CHN.AX","309428439","0.795391","Australia"
"7608","SpiceJet","SPICEJET.BO","308926730","0.514642","India"
"7609","1-800-Flowers","FLWS","308918624","4.86","United States"
"7610","Plaza Retail REIT","PLZ-UN.TO","308751092","2.76703","Canada"
"7611","Automotive Axles","AUTOAXLES.NS","308659831","20.4248","India"
"7612","Bank Mayapada Internasional","MAYA.JK","308237370","0.0117792","Indonesia"
"7613","Viaplay Group","VPLAY-B.ST","307538463","0.0674113","Sweden"
"7614","Eshraq Investments","ESHRAQ.AE","307098738","0.11","United Arab Emirates"
"7615","Lumax Industries","LUMAXIND.NS","306975664","32.8124","India"
"7616","Oatly","OTLY","306761984","10.25","Sweden"
"7617","Dala Energi","DE.ST","306449938","12.371","Sweden"
"7618","Adairs Limited","ADH.AX","306302065","1.73305","Australia"
"7619","Kingsway Financial Services","KFS","306159936","11.3","Canada"
"7620","Hargreaves Services","HSP.L","306098997","927.508","United Kingdom"
"7621","Gaumont SA","GAM.PA","305814968","98.1727","France"
"7622","Luxfer","LXFR","305323424","11.21","United Kingdom"
"7623","Sanford Limited","SAN.NZ","305298723","3.18756","New Zealand"
"7624","Real Matters","REAL.TO","305186203","4.12158","Canada"
"7625","Gold Royalty Corp","GROY","305171744","1.79","Canada"
"7626","Altshuler Shaham Finance","ALTF.TA","304961916","154.011","Israel"
"7627","Chicago Atlantic Real Estate Finance","REFI","304657760","14.53","United States"
"7628","Admicom Oyj","ADMCM.HE","304489479","60.8331","Finland"
"7629","Vitru","VTRU","304235904","9.07","Brazil"
"7630","Amlak International Finance Company","1182.SR","303831899","2.98094","Saudi Arabia"
"7631","Amprius Technologies","AMPX","303775904","2.52","United States"
"7632","Kuwait Insurance Company","KINS.KW","303581147","1642.76","Kuwait"
"7633","Brickability Group","BRCK.L","303362039","94.1896","United Kingdom"
"7634","SunCar Technology Group","SDA","303209760","2.87","China"
"7635","United States Antimony Corporation","UAMY","303062112","2.57","United States"
"7636","Infomedia Ltd","IFM.AX","302674773","0.795391","Australia"
"7637","trivago","TRVG","302438848","4.295","Germany"
"7638","Arteris","AIP","302239424","7.2","United States"
"7639","Materialise NV","MTLS","301833408","5.11","Belgium"
"7640","Franklin Covey","FC","301704256","23.23","United States"
"7641","Euroapi","EAPI.PA","301627638","3.07116","France"
"7642","Weyco Group","WEYS","301537152","31.48","United States"
"7643","Aurora Cannabis","ACB","301313696","5.49","Canada"
"7644","Giordano","0709.HK","301312500","0.186436","Hong Kong"
"7645","home24","H24.HM","301056734","8.81456","Germany"
"7646","Devsisters","194480.KQ","300867047","27.8655","South Korea"
"7647","XOMA","XOMA","300488864","25.11","United States"
"7648","Latin Resources","LRS.AX","300329354","0.103744","Australia"
"7649","Horizon Technology Finance","HRZN","300241216","7.44","United States"
"7650","BrainChip","BRN.AX","299981733","0.139032","Australia"
"7651","Potbelly Corporation","PBPB","299911648","9.94","United States"
"7652","Sohu.com","SOHU","299752032","9.97","China"
"7653","Bonduelle","BON.PA","299364249","9.2498","France"
"7654","Greenfire Resources","GFR","299179808","4.26","Canada"
"7655","Taiga Building Products","TBL.TO","298687389","2.76703","Canada"
"7656","Andrews Sykes Group","ASY.L","298526644","713.177","United Kingdom"
"7657","WildBrain","WILD.TO","298353676","1.40525","Canada"
"7658","enCore Energy","EU","298265600","1.6","Canada"
"7659","Kuwait Investment Company","KINV.KW","297993820","541.069","Kuwait"
"7660","Hail Cement Company","3001.SR","297939361","3.09045","Saudi Arabia"
"7661","Ecoener","ENER.MC","297858531","5.2321","Spain"
"7662","Metals Exploration","MTL.L","297763064","11.1687","United Kingdom"
"7663","Kelly Partners Group","KPG.AX","297608650","6.62826","Australia"
"7664","Qatar General Insurance & Reinsurance Company","QGRI.QA","297378532","0.339835","Qatar"
"7665","Southern First Bancshares","SFST","297264800","36.39","United States"
"7666","Akatsuki Inc","3932.T","297239777","20.6136","Japan"
"7667","Campine","CAMB.BR","297071842","198.048","Belgium"
"7668","Interloop","ILP.PK","296996347","0.211882","Pakistan"
"7669","Tullow Oil","TLW.L","296558837","18.6082","United Kingdom"
"7670","Emperor Watch &amp; Jewellery","0887.HK","296528849","0.0408627","Hong Kong"
"7671","SML Isuzu","SMLISUZU.NS","296344441","20.4777","India"
"7672","Repco Home Finance","REPCOHOME.NS","296259651","4.72841","India"
"7673","Lavoro","LVRO","296184320","2.54","Brazil"
"7674","Melcor Developments","MRD.TO","296106416","9.77878","Canada"
"7675","Onity Group","ONIT","295434304","36.89","United States"
"7676","Phathom Pharmaceuticals","PHAT","295313632","4.23","United States"
"7677","Steyr Motors AG","4X0.DE","295085688","56.7472","Germany"
"7678","Marine Products Corporation","MPX","295023552","8.44","United States"
"7679","Citizens &amp; Northern Corp","CZNC","294242464","18.99","United States"
"7680","Webzen","069080.KQ","293745601","9.9687","South Korea"
"7681","Bang &amp; Olufsen A/S","BO.CO","293591774","2.01752","Denmark"
"7682","Nerdy, Inc,","NRDY","292820768","1.59","United States"
"7683","Parag Milk Foods","PARAGMILK.NS","292742706","2.45579","India"
"7684","Zengame Technology","2660.HK","292652972","0.283485","China"
"7685","Laboratorio Reig Jofre","RJF.MC","292624220","3.65452","Spain"
"7686","Newtek","NEWT","292547744","10.72","United States"
"7687","EnQuest","ENQ.L","292547705","15.7363","United Kingdom"
"7688","Vanquis Banking Group","VANQ.L","292516154","114.049","United Kingdom"
"7689","Palms Sports","PALMS.AE","292443839","1.95","United Arab Emirates"
"7690","BayCom (United Business Bank)","BCML","292343264","26.56","United States"
"7691","Jeld-Wen","JELD","291722592","3.42","United States"
"7692","Pioneer Bancorp","PBFS","291523264","11.59","United States"
"7693","Surteco Group","SUR.DE","291248812","18.7833","Germany"
"7694","Omni Bridgeway","OBL.AX","290967989","0.986155","Australia"
"7695","Pangaea Logistics Solutions","PANL","290703680","4.43","United States"
"7696","Compass Therapeutics","CMPX","290392192","2.1","United States"
"7697","Waldencast","WALD","290305952","2.36","United States"
"7698","Orange County Bancorp","OBT","290284352","25.5","United States"
"7699","Edda Wind","EWIND.OL","290190216","2.24407","Norway"
"7700","Green Plains","GPRE","289719776","4.43","United States"
"7701","BRT Apartments","BRT","289590880","15.32","United States"
"7702","RBB Bancorp","RBB","289337760","16.31","United States"
"7703","Hinduja Global Solutions","HGS.NS","289207293","6.20435","India"
"7704","Entrada Therapeutics","TRDA","289204896","7.62","United States"
"7705","Intracom Holdings","INTRK.AT","289133292","3.48428","Greece"
"7706","Eurobio Scientific","ALERS.PA","288698273","28.7709","France"
"7707","Antalpha Platform","ANTA","288519008","12.49","Singapore"
"7708","Nobia AB","NOBI.ST","288439524","0.428581","Sweden"
"7709","Frontera Energy","FEC.TO","288345024","3.73042","Canada"
"7710","Tamboran Resources","TBN","288337408","19.835","Australia"
"7711","Enter Air","ENT.WA","288194814","16.4272","Poland"
"7712","Mobile-health Network Solutions","MNDR","288066528","1.34","Singapore"
"7713","Magnetic Resources NL","MAU.AX","288052788","1.07345","Australia"
"7714","Naqi Water Company","2282.SR","287961605","14.3981","Saudi Arabia"
"7715","Transcontinental Realty Investors","TCI","287948544","33.33","United States"
"7716","ALM Equity","ALM.ST","287848079","8.91129","Sweden"
"7717","Delta Corp","DELTACORP.NS","287748641","1.07461","India"
"7718","Radiant Logistics","RLGT","287573504","6.1","United States"
"7719","Nexters","GDEV","287543392","15.86","Cyprus"
"7720","Ranpak","PACK","287234880","3.41","United States"
"7721","Chubb Arabia Cooperative Insurance Company","8240.SR","287161729","9.57206","Saudi Arabia"
"7722","Guerbet","GBT.PA","287151370","22.3584","France"
"7723","Midwich Group","MIDW.L","287113976","279.386","United Kingdom"
"7724","OneConnect","OCFT","286925760","7.2","China"
"7725","Immutep","IMMP","286751264","1.97","Australia"
"7726","Geojit Financial Services","GEOJITFSL.NS","286213086","1.02576","India"
"7727","Heron Therapeutics","HRTX","285294688","1.87","United States"
"7728","Cosmo First","COSMOFIRST.NS","285171291","11.0455","India"
"7729","MasterCraft Boat","MCFT","285109568","17.17","United States"
"7730","Keiyo Gas","9539.T","285088356","8.86629","Japan"
"7731","Tredegar","TG","285038208","8.19","United States"
"7732","PCB Bancorp","PCB","284866560","19.8","United States"
"7733","Fonix Mobile","FNX.L","284798661","285.46","United Kingdom"
"7734","Oceania Healthcare","OCA.NZ","284790543","0.393232","New Zealand"
"7735","Brødrene A &amp; O Johansen","AOJ-B.CO","284180149","13.1611","Denmark"
"7736","Datalogic S.p.A.","DAL.MI","282543403","5.20372","Italy"
"7737","Pacific Biosciences","PACB","282530016","0.9415","United States"
"7738","Hindustan Oil Exploration Company","HINDOILEXP.NS","282496237","2.12632","India"
"7739","AMC Networks","AMCX","281694176","6.27","United States"
"7740","LoveSac","LOVE","281611552","18.97","United States"
"7741","Autosports Group","ASG.AX","281451589","1.39032","Australia"
"7742","NIU","NIU","281450016","3.61","China"
"7743","eVISO S.p.A.","EVISO.MI","281430321","11.9623","Italy"
"7744","PTC Financial Services","PFS.NS","281374967","0.438086","India"
"7745","Hudson Pacific Properties","HPP","281212768","1.92","United States"
"7746","Civeo","CVEO","281173952","20.9","United States"
"7747","Hutchison Telecommunications (Australia)","HTA.AX","280856973","0.0206931","Australia"
"7748","Lycopodium","LYL.AX","280705665","7.21672","Australia"
"7749","LNA Santé","LNA.PA","280667348","27.2387","France"
"7750","Global Water Resources","GWRS","280549216","10.22","United States"
"7751","Corby Spirit and Wine","CSW-A.TO","280387860","9.92365","Canada"
"7752","New Found Gold","NFGC","279888064","1.31","Canada"
"7753","Limoneira","LMNR","278798336","15.45","United States"
"7754","Johnson Outdoors","JOUT","278189344","26.8","United States"
"7755","NACCO Industries","NC","278112384","37.37","United States"
"7756","The Platform Group","TPG.F","278066054","13.6193","Germany"
"7757","Bittium","BITTI.HE","277895921","7.83112","Finland"
"7758","Montauk Renewables","MNTK","277746304","1.95","United States"
"7759","YAKUODO HOLDINGS","7679.T","277347039","14.154","Japan"
"7760","M&amp;C Saatchi","SAA.L","277295434","228.773","United Kingdom"
"7761","Science Group","SAG.L","276751325","621.196","United Kingdom"
"7762","accesso Technology Group","ACSO.L","276173419","688.343","United Kingdom"
"7763","Lands' End","LE","276035904","8.95","United States"
"7764","BICO Group","BICO.ST","275982040","3.91048","Sweden"
"7765","Saga","SAGA.L","275724544","193.543","United Kingdom"
"7766","Sanara MedTech","SMTI","275434464","30.99","United States"
"7767","Síminn hf.","SIMINN.IC","275046702","0.111679","Iceland"
"7768","Eagle Nice","2368.HK","274951767","0.47886","Hong Kong"
"7769","Casino Guichard-Perrachon","CO.PA","274419067","0.596981","France"
"7770","Huuuge","HUG.WA","274073256","4.88808","United States"
"7771","Sovereign Metals","SVM.AX","274018363","0.420328","Australia"
"7772","Bioceres Crop Solutions","BIOX","273851200","4.53","Argentina"
"7773","AerSale","ASLE","273674080","5.84","United States"
"7774","Mahindra Logistics","MAHLOG.NS","273353726","3.78966","India"
"7775","Khaleeji Bank","KHALEEJI.BH","272865000","0.941645","Bahrain"
"7776","Blade Air Mobility","BLDE","272218112","3.36","United States"
"7777","Emirates Insurance Company","EIC.AE","272006970","1.81","United Arab Emirates"
"7778","MicroVision","MVIS","271695584","1.09","United States"
"7779","Digimarc","DMRC","271555200","12.6","United States"
"7780","Arwana Citramulia Tbk","ARNA.JK","271218547","0.0382362","Indonesia"
"7781","Arafura Rare Earths","ARU.AX","270908812","0.109932","Australia"
"7782","VIB Vermögen","VIH1.F","270859389","8.1943","Germany"
"7783","The Saudi Arabian Amiantit Company","2160.SR","270770971","6.08452","Saudi Arabia"
"7784","Rackspace Technology","RXT","270623456","1.14","United States"
"7785","El Pollo Loco","LOCO","270620064","9.005","United States"
"7786","Total Energy Services","TOT.TO","270613574","7.22181","Canada"
"7787","Dropsuite","DSE.AX","270450522","3.80236","Australia"
"7788","Oil States International","OIS","270366656","4.37","United States"
"7789","Metalla Royalty & Streaming","MTA","270172416","2.92","Canada"
"7790","Dhofar International Development &amp; Investment Holding","DIDI.OM","270066418","0.659912","Oman"
"7791","Park Aerospace","PKE","269986464","13.55","United States"
"7792","Fitaihi Holding Group","4180.SR","269830689","0.981202","Saudi Arabia"
"7793","Infinity Natural Resources","INR","269094240","17.66","United States"
"7794","Argo Global Listed Infrastructure","ALI.AX","269008959","1.51318","Australia"
"7795","Bitcoin Group","ADE.DE","268534732","53.6829","Germany"
"7796","Euroseas","ESEA","268283104","38.29","Greece"
"7797","Vertu Motors","VTU.L","267879273","84.1803","United Kingdom"
"7798","Remedy Entertainment","REMEDY.HE","267703788","19.7026","Finland"
"7799","Corvus Pharmaceuticals","CRVS","267587664","3.47","United States"
"7800","Tabuk Cement Company","3090.SR","267324357","2.97027","Saudi Arabia"
"7801","Ocugen","OCGN","266887136","0.9139","United States"
"7802","The Oncology Institute","TOI","266809952","2.99","United States"
"7803","First Bancorp","FNLC","266390704","23.78","United States"
"7804","Quad","QUAD","266221760","5.26","United States"
"7805","2seventy bio","TSVT","266141504","5","United States"
"7806","Wolfspeed","WOLF","266122192","1.71","United States"
"7807","World Holdings","2429.T","266105869","14.8725","Japan"
"7808","Bankwell Financial Group","BWFG","265805632","33.76","United States"
"7809","Dollar Industries","DOLLAR.NS","265580290","4.68145","India"
"7810","Park-Ohio Holdings","PKOH","265522464","18.66","United States"
"7811","K-Bro Linen","KBL.TO","265312762","25.2655","Canada"
"7812","AudioCodes","AUDC","265284672","8.88","Israel"
"7813","Richtech Robotics","RR","265197232","2.31","United States"
"7814","Aviat Networks","AVNW","265017296","20.88","United States"
"7815","NI Holdings","NODK","264942080","12.8","United States"
"7816","Millennium &amp; Copthorne Hotels New Zealand","MCK.NZ","264890620","1.66826","New Zealand"
"7817","Nature's Sunshine Products","NATR","264618544","14.42","United States"
"7818","Keystone Law Group","KEYS.L","264372169","836.809","United Kingdom"
"7819","SQLI SA","SQI.PA","264114197","56.687","France"
"7820","Al Obeikan Glass Company","9531.SR","264071457","8.25223","Saudi Arabia"
"7821","Vidhi Specialty Food","VIDHIING.NS","263782020","5.28145","India"
"7822","Apollo Pipes","APOLLOPIPE.NS","263697422","5.7429","India"
"7823","Gossamer Bio","GOSS","263670320","1.16","United States"
"7824","Indoco Remedies","INDOCO.NS","263652069","2.86041","India"
"7825","Wing Tai Properties","0369.HK","263429659","0.194098","Hong Kong"
"7826","Alumis","ALMS","263322624","4.84","United States"
"7827","Methode Electronics","MEI","263040448","7.37","United States"
"7828","Tile Shop Holdings","TTSH","263011824","5.88","United States"
"7829","Aehr Test Systems","AEHR","262881456","8.83","United States"
"7830","Platinum Capital","PMC.AX","262834720","0.885923","Australia"
"7831","Neuronetics","STIM","262622992","3.99","United States"
"7832","Rayonier Advanced Materials","RYAM","262423792","3.93","United States"
"7833","Regional Management","RM","262301200","26.44","United States"
"7834","Mo-BRUK S.A.","MBR.WA","262260266","74.6568","Poland"
"7835","Mama's Creations","MAMA","262065024","6.97","United States"
"7836","Mangalam Cement","MANGLMCEM.NS","262038938","9.52962","India"
"7837","Orbit Communication Systems","ORBI.TA","261449597","1035","Israel"
"7838","Kogan.com Ltd","KGN.AX","261386866","2.6319","Australia"
"7839","Slam Corp","SLAM","261266432","11.14","United States"
"7840","Uranium Royalty","UROY","260590208","1.95","Canada"
"7841","Ur-Energy","URG","260519152","0.7128","United States"
"7842","Plumas Bancorp","PLBC","260465808","43.93","United States"
"7843","Sembcorp Salalah Power & Water Company","SSPW.OM","260405442","0.272798","Oman"
"7844","Nippon Air conditioning Services","4658.T","260329975","7.54088","Japan"
"7845","Outbrain","OB","260268272","2.76","United States"
"7846","Himalaya Shipping","HSHP","260214512","5.59","Bermuda"
"7847","Hawesko","HAW.DE","259989450","28.9411","Germany"
"7848","Unieuro","UNIR.MI","259893293","12.6599","Italy"
"7849","Emirates Reem Investments Company","ERC.AE","259554967","0.811436","United Arab Emirates"
"7850","Bourse Direct","BSD.PA","258906185","5.00511","France"
"7851","Synlait Milk","SML.NZ","258759886","0.42898","New Zealand"
"7852","Liva Group","LIVA.OM","258751846","0.649519","Oman"
"7853","Gevo","GEVO","258728064","1.08","United States"
"7854","APM Terminals Bahrain","APMTB.BH","258302387","0.241379","Bahrain"
"7855","Osisko Development","ODV","258276064","1.89","Canada"
"7856","Faysal Bank","FABL.PK","258269467","0.170172","Pakistan"
"7857","Prosperity Real Estate Investment Trust","0808.HK","258037889","0.164728","Hong Kong"
"7858","Asure Software","ASUR","257963008","9.5","United States"
"7859","Viemed Healthcare","VMD","257695168","6.52","United States"
"7860","Atrys Health","ATRY.MC","257551297","3.39349","Spain"
"7861","Automatic Bank Services","SHVA.TA","257511190","643.778","Israel"
"7862","Sasken Technologies","SASKEN.NS","257494939","17.0455","India"
"7863","Air Asia Company Limited (AACL)","2630.TW","257431294","1.22915","Taiwan"
"7864","IVE Group","IGL.AX","257412138","1.66191","Australia"
"7865","Pure Cycle (water)","PCYO","257375632","10.69","United States"
"7866","Neurogene","NGNE","257288304","18.04","United States"
"7867","Umm Al-Qura Cement Company","3005.SR","257219046","4.67671","Saudi Arabia"
"7868","Bank Ochrony Srodowiska","BOS.WA","257104162","2.76724","Poland"
"7869","Saudi Company for Hardware (SACO)","4008.SR","257032447","8.19891","Saudi Arabia"
"7870","Nouveau Monde Graphite","NMG","256999632","1.67","Canada"
"7871","Integra Resources","ITRG","256883040","1.52","Canada"
"7872","Terns Pharmaceuticals","TERN","256773136","2.94","United States"
"7873","Foxtons Group","FOXT.L","256453993","85.6852","United Kingdom"
"7874","Al Jouf Cement Company","3091.SR","255918142","2.35435","Saudi Arabia"
"7875","Inozyme Pharma","INZY","255664736","3.96","United States"
"7876","Skel fjárfestingafélag","SKEL.IC","255585548","0.13606","Iceland"
"7877","SIG plc","SHI.L","255557323","21.0012","United Kingdom"
"7878","Filatex India","FILATEX.NS","255480942","0.574525","India"
"7879","Mobico Group","MCG.L","255020405","37.6564","United Kingdom"
"7880","Alliance Aviation Services","AQZ.AX","254997047","1.58431","Australia"
"7881","Palladyne AI","PDYN","254637264","7.13","United States"
"7882","Health Catalyst","HCAT","254392384","3.655","United States"
"7883","Shalby","SHALBY.NS","254384103","2.36597","India"
"7884","Alpha Tau Medical","DRTS","254099088","3","Israel"
"7885","Bell Financial Group","BFG.AX","254079702","0.792157","Australia"
"7886","Netcall","NET.L","253491906","140.668","United Kingdom"
"7887","Mayne Pharma Group","MYX.AX","253234762","3.1169","Australia"
"7888","Sterling Bancorp","SBT","253126688","4.84","United States"
"7889","James River Group","JRVR","252871536","5.51","Bermuda"
"7890","J.Jill","JILL","252322336","16.51","United States"
"7891","Satixfy Communications","SATX","252150336","2.91","Israel"
"7892","Western Copper and Gold","WRN","252007552","1.26","Canada"
"7893","Cogelec SA","ALLEC.PA","252003396","28.8276","France"
"7894","DBV Technologies","DBVT","251928784","8.77","France"
"7895","KlaraBo Sverige","KLARA-B.ST","251416136","1.63758","Sweden"
"7896","Ares Commercial Real Estate","ACRE","251374688","4.57","United States"
"7897","Parrot S.A.","PARRO.PA","251315165","7.89922","France"
"7898","Kuwait Portland Cement","PCEM.KW","251205841","2506.52","Kuwait"
"7899","Velan","VLN.TO","250951703","11.6259","Canada"
"7900","Ranger Energy Services","RNGR","250853808","11.15","United States"
"7901","TTEC","TTEC","250645952","5.24","United States"
"7902","Nam Tai Property","NTPIF","250639264","4.3","China"
"7903","Response Plus Holding","RPM.AE","250510551","1.25","United Arab Emirates"
"7904","Vanda Pharmaceuticals","VNDA","249882272","4.24","United States"
"7905","Equita Group","EQUI.MI","249812244","4.99376","Italy"
"7906","Emeco Holdings","EHL.AX","249732850","0.481761","Australia"
"7907","Monte Rosa Therapeutics","GLUE","249114704","4.05","United States"
"7908","OneWater Marine","ONEW","248758272","14.02","United States"
"7909","Tristel","TSTL.L","248562940","520.967","United Kingdom"
"7910","029 Group","Z29.DE","248552945","49.7106","Germany"
"7911","Valens Semiconductor","VLN","248394704","2.36","Israel"
"7912","National General Insurance Company","NGI.AE","248379443","1.50579","United Arab Emirates"
"7913","Mercer International","MERC","248090672","3.71","Canada"
"7914","MAX Automation","MXHN.DE","248086437","6.01521","Germany"
"7915","John Marshall Bancorp","JMSB","248085456","17.375","United States"
"7916","GrafTech","EAF","247969152","0.9607","United States"
"7917","Lifezone Metals","LZM","247644352","3.13","United Kingdom"
"7918","Lang &amp; Schwarz","LUS1.DE","247438211","26.2172","Germany"
"7919","Anora Group","ANORA.HE","247259507","3.6602","Finland"
"7920","MVB Financial","MVBF","247029248","19.01","United States"
"7921","Baader Bank","BWB.DE","247004826","5.06185","Germany"
"7922","Lifecore Biomedical","LFCR","246958752","6.67","United States"
"7923","Powersoft","PWS.MI","246225073","19.6345","Italy"
"7924","Macfarlane Group","MACF.L","246135374","154.54","United Kingdom"
"7925","Rane Holdings","RANEHOLDIN.NS","246038322","17.2322","India"
"7926","Iberpapel Gestión","IBG.MC","245584892","22.5287","Spain"
"7927","Bastide Le Confort Médical","BLC.PA","245463316","33.5944","France"
"7928","Hamilton Beach Brands","HBB","245353472","17.92","United States"
"7929","Restaurant Brands New Zealand","RBD.NZ","245295939","1.96616","New Zealand"
"7930","Neobo Fastigheter","NEOBO.ST","244965531","1.68476","Sweden"
"7931","Accelya","ACCELYA.NS","244866624","16.3986","India"
"7932","Verano Holdings","VRNOF","244608256","0.68","United States"
"7933","Hydratec Industries","HYDRA.AS","244602992","187.266","Netherlands"
"7934","AirSculpt Technologies","AIRS","244523952","4.16","United States"
"7935","Nelco","NELCO.NS","244337418","10.7079","India"
"7936","Hindustan Sanitaryware &amp; Industries","HSIL.NS","244173718","3.77","India"
"7937","Atea Pharmaceuticals","AVIR","243901584","2.85","United States"
"7938","Stelrad Group","SRAD.L","243822089","191.454","United Kingdom"
"7939","ÖKOWORLD","VVV3.DE","243569938","34.9563","Germany"
"7940","The RMR Group","RMR","243538000","14.43","United States"
"7941","MS INTERNATIONAL plc","MSI.L","243114894","1511.65","United Kingdom"
"7942","Holley","HLLY","242765616","2.02","United States"
"7943","Patriot Battery Metals","PMET.TO","242456569","1.54287","Canada"
"7944","MaxCyte","MXCT","242122496","2.25","United States"
"7945","FREYR Battery","FREY","241819552","1.53","Luxembourg"
"7946","Aduro Clean Technologies","ADUR","241692320","8.15","Canada"
"7947","Zumiez","ZUMZ","241656160","12.35","United States"
"7948","Zumtobel Group","ZAG.VI","241387012","5.66905","Austria"
"7949","Waterstone Financial","WSBF","241305072","12.65","United States"
"7950","MotorK","MTRK.AS","241231497","4.84621","Italy"
"7951","Jupiter Mines Limited","JMS.AX","240943605","0.122865","Australia"
"7952","Oryzon Genomics","ORY.MC","240934032","3.10975","Spain"
"7953","Absa Bank","ABSP.JO","240839600","53.7227","South Africa"
"7954","Sporting Clube de Portugal","SCP.LS","240709894","1.19169","Portugal"
"7955","Allianz Saudi Fransi Cooperative Insurance","8040.SR","240490055","4.0368","Saudi Arabia"
"7956","Solid Power","SLDP","240345088","1.34","United States"
"7957","Lightbridge Corporation","LTBR","240257216","10.66","United States"
"7958","Timberland Bancorp","TSBK","240119888","30.39","United States"
"7959","Smartbroker Holding","SB1.DE","239977737","14.3003","Germany"
"7960","Belpointe OZ","OZ","239791504","65","United States"
"7961","EMX Royalty","EMX","239742240","2.22","Canada"
"7962","Lexicon Pharmaceuticals","LXRX","239697472","0.66","United States"
"7963","EML Payments","EML.AX","239675781","0.627259","Australia"
"7964","Celtic","CCPC.L","239456755","500.736","United Kingdom"
"7965","Immersion Corporation","IMMR","239409392","7.39","United States"
"7966","Saudi Cable Company","2110.SR","239125194","35.8352","Saudi Arabia"
"7967","Aljazira Takaful Taawuni Company","8012.SR","238976137","3.62085","Saudi Arabia"
"7968","CS Disco","LAW","238971904","3.93","United States"
"7969","Cerus","CERS","238950000","1.25","United States"
"7970","Brooge Energy","BROG","238901840","2.18","United Arab Emirates"
"7971","Cresco Labs","CRLBF","238843056","0.685","United States"
"7972","Weebit Nano","WBT.AX","238627138","1.14782","Australia"
"7973","Himatsingka Seide","HIMATSEIDE.NS","238429369","1.89618","India"
"7974","Allogene Therapeutics","ALLO","238416800","1.09","United States"
"7975","Burgenland Holding","BHD.VI","238338441","79.4461","Austria"
"7976","Benchmark Holdings","BMK.L","238302520","32.1376","United Kingdom"
"7977","Oportun Financial","OPRT","238266240","6.4","United States"
"7978","Synthomer","SYNT.L","238165909","138.586","United Kingdom"
"7979","Animalcare Group","ANCR.L","237984921","344.981","United Kingdom"
"7980","Alico","ALCO","237897936","31.13","United States"
"7981","Spandana Sphoorty Financial","SPANDANA.NS","237862289","3.33584","India"
"7982","Concurrent Technologies","CNC.L","237794064","275.337","United Kingdom"
"7983","Alan Allman Associates","AAA.PA","237528834","5.22075","France"
"7984","Electreon Wireless","ELWS.TA","237455611","1754.24","Israel"
"7985","Cartesian Therapeutics","RNAC","237352080","9.145","United States"
"7986","Manazel","MANAZEL.AE","237168142","0.09","United Arab Emirates"
"7987","Squirrel Media","SQRL.MC","236619371","2.61037","Spain"
"7988","Compagnie d'Entreprises CFE","CFEB.BR","236449838","9.53354","Belgium"
"7989","Confidence Petroleum","CONFIPET.NS","236329572","0.710964","India"
"7990","Chicago Atlantic BDC","LIEN","236191152","10.35","United States"
"7991","Smart Parking Limited","SPZ.AX","236053931","0.575527","Australia"
"7992","Middlefield Banc","MBCN","236051552","29.21","United States"
"7993","Dexelance","DEX.MI","236029018","8.85257","Italy"
"7994","Josef Manner &amp; Comp","MAN.VI","235955056","124.844","Austria"
"7995","Hexaom","ALHEX.PA","235678584","34.0483","France"
"7996","Genesco","GCO","235639872","21.86","United States"
"7997","Phoenix Power Company","PHPC.OM","235597014","0.161081","Oman"
"7998","StarragTornos Group","STGN.SW","235563436","43.333","Switzerland"
"7999","Austriacard Holdings","ACAG.VI","235458077","6.49189","Austria"
"8000","Inmobiliaria del Sur","ISUR.MC","235312151","12.8249","Spain"
"8001","CM.com","CMCOM.AS","235189758","7.81977","Netherlands"
"8002","FingerMotion","FNGR","234850336","4.11","United States"
"8003","Marti Technologies","MRT","234832752","3.08","Turkey"
"8004","Third Harmonic Bio","THRD","234664544","5.2","United States"
"8005","Afcon Holdings","AFHL.TA","234470602","4419.01","Israel"
"8006","Groupe SFPI","SFPI.PA","234392773","2.49688","France"
"8007","Delegat","DGL.NZ","234388160","2.31173","New Zealand"
"8008","Open Lending","LPRO","233582704","1.95","United States"
"8009","Kolibri Global Energy","KGEI","233198208","6.57","United States"
"8010","ZimVie","ZIMV","233144528","8.35","United States"
"8011","Allgeier","AEIN.DE","233065668","20.3155","Germany"
"8012","Bank of Innovation","4393.T","232887402","58.597","Japan"
"8013","BVZ Holding","BVZN.SW","232819367","1180.16","Switzerland"
"8014","Leifheit","LEI.DE","232333910","24.7418","Germany"
"8015","Federal-Mogul Goetze","FMGOETZE.NS","232056272","4.17127","India"
"8016","ON24","ONTF","231914592","5.46","United States"
"8017","MISTRAS Group","MG","231840528","7.4","United States"
"8018","Koenig &amp; Bauer","SKB.DE","231808567","14.0279","Germany"
"8019","Vátryggingafélag Íslands","VIS.IC","231703098","0.117971","Iceland"
"8020","STINAG Stuttgart Invest","STG.F","231468846","15.3218","Germany"
"8021","Esprinet","PRT.MI","231207554","4.6249","Italy"
"8022","EVI Industries","EVI","230932480","18.1","United States"
"8023","Parke Bancorp","PKBK","230825920","19.49","United States"
"8024","Sino AG","XTP.DE","230805239","98.7402","Germany"
"8025","Foghorn Therapeutics","FHTX","230769392","4.14","United States"
"8026","Cantabil Retail India","CANTABIL.NS","230633378","2.75251","India"
"8027","RE/MAX Holdings","RMAX","230386016","7.09","United States"
"8028","Bredband2 i Skandinavien AB","BRE2.ST","230281722","0.240605","Sweden"
"8029","Somany Ceramics","SOMANYCERA.NS","230000649","5.60846","India"
"8030","IPD Group Limited","IPG.AX","229997499","2.21804","Australia"
"8031","Primis Financial","FRST","229921120","9.3","United States"
"8032","4basebio","4BB.L","229809634","1485.34","United Kingdom"
"8033","Arctic Paper","ARP.ST","229787594","3.29718","Poland"
"8034","Alpine Income Property Trust","PINE","229415792","14.81","United States"
"8035","Varia US Properties","VARN.SW","229200407","22.6348","Switzerland"
"8036","ACELYRIN","SLRN","229165584","2.27","United States"
"8037","Funkwerk AG","FEW.F","228681766","28.3736","Germany"
"8038","Bahrain Islamic Bank","BISB.BH","228617363","2.87003","Bahrain"
"8039","Silence Therapeutics","SLN","228594656","4.84","United Kingdom"
"8040","Genfit","GNFT","228099120","4.34","France"
"8041","Tactile Medical","TCMD","228066816","9.81","United States"
"8042","BTB Real Estate Investment Trust","BTB-UN.TO","228026320","2.56421","Canada"
"8043","HomeStreet Bank","HMST","227995648","12.05","United States"
"8044","Ernst Russ","HXCK.DE","227868601","6.71887","Germany"
"8045","NoHo Partners","NOHO.HE","227855599","10.8274","Finland"
"8046","Amarin Corporation","AMRN","227569920","10.99","Ireland"
"8047","Martifer SGPS","MAR.LS","227508106","2.32664","Portugal"
"8048","Aquestive Therapeutics","AQST","227460896","2.29","United States"
"8049","Serko Limited","SKO.NZ","227413003","1.78742","New Zealand"
"8050","Shankara Building","SHANKARA.NS","227245494","9.36759","India"
"8051","LPKF Laser &amp; Electronics","LPK.DE","227143798","9.2725","Germany"
"8052","Kuwait Financial Centre "Markaz”","MARKAZ.KW","226786206","462.842","Kuwait"
"8053","CPI Card Group","PMTS","226645344","20.09","United States"
"8054","S4 Capital","SFOR.L","226608295","36.3067","United Kingdom"
"8055","Capricorn Energy","CNE.L","226518201","292.258","United Kingdom"
"8056","KNOT Offshore Partners","KNOP","226396944","6.48","United Kingdom"
"8057","Arrive AI","ARAI","226335408","7.55","United States"
"8058","Atland SAS","ATLD.PA","226273594","52.6614","France"
"8059","Tevogen Bio","TVGN","226188384","1.23","United States"
"8060","SHUAA Capital","SHUAA.AE","226166799","0.0618108","United Arab Emirates"
"8061","Nordic Mining ASA","NOM.OL","226136754","2.0859","Norway"
"8062","Sabaf S.p.A.","SAB.MI","226089297","17.7619","Italy"
"8063","Information Services Group","III","226077696","4.69","United States"
"8064","Annexon","ANNX","226010832","2.06","United States"
"8065","Qingci Games","6633.HK","225996944","0.326902","China"
"8066","Italian Wine Brands","IWB.MI","225317916","24.0608","Italy"
"8067","Mount Gibson Iron","MGX.AX","225016155","0.190764","Australia"
"8068","Gulf Hotels Group","GHG.BH","224795952","0.214854","Bahrain"
"8069","Jakks Pacific","JAKK","224707392","20.16","United States"
"8070","Easy Lease Motorcycle Rental","EASYLEASE.AE","224642614","7.49","United Arab Emirates"
"8071","Biesse","BSS.MI","224548986","8.10351","Italy"
"8072","Penns Woods Bancorp","PWOD","224543056","29.49","United States"
"8073","8x8","EGHT","224372864","1.67","United States"
"8074","Mehadrin","MEDN.TA","224294810","6515.75","Israel"
"8075","GTL Infrastructure","GTLINFRA.NS","224107918","0.0173778","India"
"8076","Nevro","NVRO","224092480","5.84","United States"
"8077","Contango Ore","CTGO","224079984","17.85","United States"
"8078","Beyond Meat","BYND","224061200","2.93","United States"
"8079","Motorcar Parts of America","MPAA","224037520","11.44","United States"
"8080","Solid Biosciences","SLDB","224019520","2.89","United States"
"8081","Group Five Pipe Saudi Company","9523.SR","223970137","7.99893","Saudi Arabia"
"8082","Cadiz","CDZI","223931952","2.735","United States"
"8083","Turtle Beach Corp","TBCH","223625040","11.1","United States"
"8084","OptimizeRx","OPRX","223605760","12.09","United States"
"8085","Reitar Logtech Holdings","RITR","223548800","3.58","Hong Kong"
"8086","Lithium Royalty Corp.","LIRC.TO","223541745","4.02017","Canada"
"8087","Árima Real Estate","ARM.MC","223195551","8.62558","Spain"
"8088","Praemium Limited","PPS.AX","222421490","0.465595","Australia"
"8089","Frauenthal Holding","FKA.VI","221908614","25.6498","Austria"
"8090","Al-Baha Investment And Development Company","4130.SR","221758149","1.01586","Saudi Arabia"
"8091","Emilia Development","EMDV.TA","221686765","791.914","Israel"
"8092","Digital Bros","DIB.MI","221496874","15.2537","Italy"
"8093","Parken Sport (F.C. Copenhagen)","PARKEN.CO","221368300","22.6705","Denmark"
"8094","Logistic Properties of the Americas","LPA","221356096","7","United States"
"8095","ADC Therapeutics","ADCT","221167616","2.23","Switzerland"
"8096","Gallantt Ispat","GALLISPAT.NS","221113575","0.78","India"
"8097","Akwel SA","AKW.PA","221101423","8.217","France"
"8098","3D Systems","DDD","220989040","1.62","United States"
"8099","Creotech Instruments","CRI.WA","220720748","77.3278","Poland"
"8100","Emirates Investment Bank","EIBANK.AE","220558203","22.0558","United Arab Emirates"
"8101","flyExclusive","FLYX","220356400","2.75","United States"
"8102","Evans Bancorp","EVBN","220078528","39.53","United States"
"8103","Solvar Limited","SVR.AX","220050972","1.08639","Australia"
"8104","Rosetti Marino","YRM.MI","219952332","57.8822","Italy"
"8105","MediWound","MDWD","219828624","20.34","Israel"
"8106","Design Therapeutics","DSGN","219694864","3.87","United States"
"8107","Wheels India","WHEELS.NS","219689277","8.9713","India"
"8108","Salam International Investment","SIIS.QA","219208422","0.191758","Qatar"
"8109","enGene","ENGN","219094160","4.29","Canada"
"8110","Kingstone Companies","KINS","218910656","15.63","United States"
"8111","Wawel","WWL.WA","218770473","169.347","Poland"
"8112","Kaldalón","KALD.IC","218615758","0.201337","Iceland"
"8113","Oman Education and Training Investments (OETI)","OETI.OM","218238504","3.11769","Oman"
"8114","Medical Facilities Corporation","DR.TO","218140287","11.2058","Canada"
"8115","GPA","CBD","218056672","0.445","Brazil"
"8116","The Beauty Health Company","SKIN","217969616","1.73","United States"
"8117","Aptitude Software Group","APTD.L","217796494","391.411","United Kingdom"
"8118","Eventbrite","EB","217668272","2.27","United States"
"8119","Zephyrus Wing Energies","ZPRS.TA","217430381","334.419","Israel"
"8120","Aardvark Therapeutics","AARD","217098880","10.01","United States"
"8121","Metro Mining","MMI.AX","216887247","0.0355662","Australia"
"8122","ATN International","ATNI","216835120","14.25","United States"
"8123","RGC Resources","RGCO","216749840","21.02","United States"
"8124","Monopar Therapeutics","MNPR","216723040","35.44","United States"
"8125","TASK Group","TSK.AX","216434867","0.565309","Australia"
"8126","Olimpo Real Estate","YORE.MC","216421982","1.1009","Spain"
"8127","TT Electronics","TTG.L","216190576","121.877","United Kingdom"
"8128","Kopin Corporation","KOPN","215942400","1.38","United States"
"8129","Generalfinance","GF.MI","215750766","17.0242","Italy"
"8130","Caltagirone Editore","CED.MI","215722075","1.96913","Italy"
"8131","Roularta Media Group","ROU.BR","215329075","17.4782","Belgium"
"8132","Expensify","EXFY","215299232","2.33","United States"
"8133","Gati","GATI.NS","215137993","1.65","India"
"8134","Begbies Traynor Group","BEG.L","215106375","134.834","United Kingdom"
"8135","New Pacific Metals","NEWP","214730000","1.25","Canada"
"8136","Helios Underwriting","HUW.L","214698012","291.533","United Kingdom"
"8137","C&amp;F Financial Corporation","CFFI","214474752","66.2","United States"
"8138","Sleep Number","SNBR","214367392","9.46","United States"
"8139","American Realty Investors","ARL","214175520","13.26","United States"
"8140","Angel Oak REIT","AOMR","214086816","9.11","United States"
"8141","Bright Minds Biosciences","DRUG","214055504","30.22","United States"
"8142","Archer Limited","ARCH.OL","213907631","2.3627","Norway"
"8143","Digia Oyj","DIGIA.HE","213892126","8.01271","Finland"
"8144","Performant Healthcare","PHLT","213782480","2.73","United States"
"8145","OPTiM","3694.T","213704247","3.87856","Japan"
"8146","Damaan Islamic Insurance Company (Beema)","BEMA.QA","213681319","1.06841","Qatar"
"8147","HF Foods Group","HFFG","213649248","4.03","United States"
"8148","Bertrandt","BDT.DE","213560486","21.1327","Germany"
"8149","Qurate Retail Group","QRTEA","213508592","0.3588","United States"
"8150","Funko","FNKO","213349488","3.93","United States"
"8151","MBIA","MBI","213070592","4.23","United States"
"8152","James Fisher and Sons","FSJ.L","213059076","423.128","United Kingdom"
"8153","Lubelski Wegiel Bogdanka","LWB.WA","213050629","6.26369","Poland"
"8154","California BanCorp","CALB","212563488","25.09","United States"
"8155","UmweltBank","UBK.DE","212325575","5.83362","Germany"
"8156","Koskisen Oyj","KOSKI.HE","212308088","9.19305","Finland"
"8157","MM Forgings","MMFL.NS","211826555","4.38731","India"
"8158","Whole Earth Brands","FREE","211573248","4.87","United States"
"8159","Morabaha Marina Financing Company","4082.SR","211400472","2.95961","Saudi Arabia"
"8160","Princeton Bancorp","BPRN","211338464","30.5","United States"
"8161","Immobel","IMMO.BR","211242710","20.656","Belgium"
"8162","Arab Insurance Group","ARIG.BH","211200000","0.375","Bahrain"
"8163","Abdullah Saad Mohammed Abo Moati for Bookstores Company","4191.SR","211171844","10.5586","Saudi Arabia"
"8164","Adgar Investments and Development","ADGR.TA","211159636","128.087","Israel"
"8165","Oriola","OKDBV.HE","210542894","1.15991","Finland"
"8166","Amerigo Resources","ARG.TO","210384783","1.28211","Canada"
"8167","Nueva Expresión Textil","NXT.MC","210106875","0.522075","Spain"
"8168","The Original BARK Company","BARK","209898016","1.2","United States"
"8169","Hawthorn Bancshares","HWBK","209858592","30.21","United States"
"8170","Detection Technology","DETEC.HE","209579571","14.3003","Finland"
"8171","Eurocell","ECEL.L","209479931","202.465","United Kingdom"
"8172","Exacompta Clairefontaine","ALEXA.PA","209319296","184.996","France"
"8173","Southern Petrochemical Industries Corp","SPIC.NS","209268635","1.02764","India"
"8174","Strattec Security","STRT","209218128","51.8","United States"
"8175","First Western Financial","MYFW","208978896","21.51","United States"
"8176","United Bankers Oyj","UNITED.HE","208893338","19.1238","Finland"
"8177","Inspired Entertainment","INSE","208838672","7.76","United States"
"8178","Trilogy Metals","TMQ","208554320","1.27","Canada"
"8179","Ellington Residential Mortgage REIT","EARN","208077968","5.54","United States"
"8180","Forafric Global PLC","AFRI","207949376","7.73","Gibraltar"
"8181","Nuvectis Pharma","NVCT","207890320","9.95","United States"
"8182","Robert Walters","RWA.L","207678730","295.501","United Kingdom"
"8183","Proficient Auto Logistics","PAL","207620000","7.67","United States"
"8184","Prim, S.A.","PRM.MC","207556373","12.2007","Spain"
"8185","RADCOM","RDCM","207419136","12.94","Israel"
"8186","Ceragon Networks","CRNT","207206192","2.33","Israel"
"8187","Arbuthnot Banking Group","ARBB.L","207104949","1279.51","United Kingdom"
"8188","Basic Chemical Industries Company","1210.SR","206772439","7.519","Saudi Arabia"
"8189","Zion Oil &amp; Gas","ZNOG","206758000","0.2","United States"
"8190","Feintool International","FTON.SW","206757335","14.0409","Switzerland"
"8191","WhiteHorse Finance","WHF","206631168","8.89","United States"
"8192","Zotefoams","ZTF.L","206268551","423.317","United Kingdom"
"8193","Methanol Chemicals Company","2001.SR","206252504","3.05559","Saudi Arabia"
"8194","SofWave Medical","SOFW.TA","206210573","585.303","Israel"
"8195","First Internet Bancorp","INBK","206120800","23.7","United States"
"8196","Private Equity Holding","PEHN.SW","206023395","84.1241","Switzerland"
"8197","LiveWire Group","LVWR","205601664","1.01","United States"
"8198","Asset Entities","ASST","205193728","13.01","United States"
"8199","Groupe Partouche","PARP.PA","205155773","21.337","France"
"8200","Industrial Logistics Properties Trust","ILPT","205040496","3.1","United States"
"8201","Acrow Limited","ACF.AX","204619908","0.666059","Australia"
"8202","Tucows","TCX","204556352","18.5","Canada"
"8203","AG Mortgage Investment Trust","MITT","204469696","6.89","United States"
"8204","GreenTree Hospitality","GHG","204063232","2.01","China"
"8205","The Star Entertainment Group","SGR.AX","204056352","0.0711325","Australia"
"8206","Civitanavi Systems","CNS.MI","203943037","6.64366","Italy"
"8207","Rupa Company","RUPA.NS","203867812","2.56358","India"
"8208","Codexis","CDXS","203798208","2.46","United States"
"8209","W&amp;T Offshore","WTI","203759760","1.38","United States"
"8210","LCNB","LCNB","203585536","14.37","United States"
"8211","Novonix","NVX","203530240","1.28","Australia"
"8212","Al Buhaira National Insurance Company","ABNIC.AE","203517656","0.81","United Arab Emirates"
"8213","X-Legend Entertainment","4994.TW","203395173","3.06395","Taiwan"
"8214","Atomera","ATOM","203261136","6.62","United States"
"8215","Sandnes Sparebank","SADG.OL","203079021","9.64521","Norway"
"8216","Innate Pharma","IPHA","203049776","2.18","France"
"8217","BrainsWay","BWAY","202917744","10.43","Israel"
"8218","Stille AB","STIL.ST","202534974","22.5403","Sweden"
"8219","Forrester Research","FORR","202449056","10.62","United States"
"8220","TriSalus Life Sciences","TLSI","202438640","5.35","United States"
"8221","Novolog","NVLG.TA","202413664","39.6235","Israel"
"8222","Atturra","ATA.AX","202377584","0.53026","Australia"
"8223","ioneer","IONR","202293328","3.435","Australia"
"8224","Pkp Cargo","PKP.WA","202173894","4.51413","Poland"
"8225","Tango Therapeutics","TNGX","202154816","1.865","United States"
"8226","QLM Life &amp; Medical Insurance Company","QLMI.QA","201923059","0.576923","Qatar"
"8227","Bioventix","BVXP.L","201826813","3862.82","United Kingdom"
"8228","Monash IVF Group","MVF.AX","201568795","0.517327","Australia"
"8229","Old Point Financial","OPOF","201138192","39.4","United States"
"8230","Azerion Group","AZRN.AS","201089384","1.64567","Netherlands"
"8231","DouYu","DOYU","200991472","6.66","China"
"8232","Ecora Resources","ECOR.L","200935865","80.8276","United Kingdom"
"8233","Global Cord Blood","CORBF","200872000","0.85","Hong Kong"
"8234","Aumann AG","AAG.DE","200582072","13.9825","Germany"
"8235","Ainsworth Game Technology","AGI.AX","200367602","0.594926","Australia"
"8236","Southland Holdings","SLND","200326640","3.71","United States"
"8237","Deutsche Rohstoff","DR0.DE","199963627","40.404","Germany"
"8238","Kafrit Industries","KAFR.TA","199865319","830.34","Israel"
"8239","Hyliion","HYLN","199765616","1.14","United States"
"8240","Beeks Financial Cloud Group","BKS.L","199341264","296.122","United Kingdom"
"8241","Wendt India","WENDT.NS","198692071","99.2884","India"
"8242","CoreCard","CCRD","198326736","25.47","United States"
"8243","Calfrac Well Services","CFW.TO","197841888","2.30345","Canada"
"8244","Renold","RNO.L","197817041","99.425","United Kingdom"
"8245","Ceres Power","CWR.L","197636938","90.4293","United Kingdom"
"8246","Hong Kong Ferry","0050.HK","197447245","0.554201","Hong Kong"
"8247","Virginia National Bankshares","VABK","197346464","36.6","United States"
"8248","Al Wathba National Insurance","AWNIC.AE","197266316","0.95","United Arab Emirates"
"8249","Carr's Group","CARR.L","197252870","208.662","United Kingdom"
"8250","StealthGas","GASS","197096464","5.33","Greece"
"8251","L.B. Foster","FSTR","196930944","18.65","United States"
"8252","Genel Energy","GENL.L","196734221","71.4527","United Kingdom"
"8253","Leclanché","LECN.SW","196690965","0.254188","Switzerland"
"8254","Kendrion","KENDR.AS","196675882","12.6887","Netherlands"
"8255","Appen","APX.AX","196512376","0.740425","Australia"
"8256","Global Atomic","GLO.TO","196386991","0.637432","Canada"
"8257","Gencor Industries","GENC","196120032","13.38","United States"
"8258","Provident Bancorp","PVBC","196023776","11.02","United States"
"8259","Escalade Sports","ESCA","195222496","14.16","United States"
"8260","GE Power India","GEPIL.NS","194816848","2.89646","India"
"8261","AMMO","POWW","194761472","1.64","United States"
"8262","Aeluma","ALMU","194758512","12.33","United States"
"8263","Santhera Pharmaceuticals","SANN.SW","194676266","15.1302","Switzerland"
"8264","Smiths News","SNWS.L","194411003","81.1165","United Kingdom"
"8265","Denny's","DENN","194241664","3.79","United States"
"8266","Navkar Corp","NAVKARCORP.NS","194144525","1.28983","India"
"8267","WithSecure Oyj","WITH.HE","193988533","1.10317","Finland"
"8268","Sanghi Industries","SANGHIIND.NS","193912843","0.750652","India"
"8269","ADM Hamburg","OEL.F","193765157","247.418","Germany"
"8270","FinWise Bancorp","FINW","193464672","14.64","United States"
"8271","Tonix Pharmaceuticals","TNXP","193371280","26.4","United States"
"8272","Oman Flour Mills","OFMI.OM","193345674","1.16913","Oman"
"8273","Berry Corporation","BRY","193214544","2.49","United States"
"8274","Melbourne Enterprises","0158.HK","193140168","7.72561","Hong Kong"
"8275","SOPHiA GENETICS","SOPH","193114144","2.89","Switzerland"
"8276","Victory Supermarket Chain","VCTR.TA","193038795","1361.35","Israel"
"8277","Camellia Plc","CAM.L","192876393","7031.89","United Kingdom"
"8278","Tera Light","TRLT.TA","192846045","247.571","Israel"
"8279","Jagran Prakashan","JAGRAN.NS","192721138","0.885447","India"
"8280","L'azurde Company for Jewelry","4011.SR","192560992","3.34889","Saudi Arabia"
"8281","Hong Leong Capital","5274.KL","192398698","0.815989","Malaysia"
"8282","Golden Matrix Group","GMGI","192363504","1.39","United States"
"8283","Unitech Group","UNITECH.NS","192307250","0.0735035","India"
"8284","United Projects Company For Aviation Services","UPAC.KW","192038644","508.475","Kuwait"
"8285","Nightingale Health","HEALTH.HE","191922061","3.17217","Finland"
"8286","OraSure Technologies","OSUR","191862256","2.565","United States"
"8287","i3 Energy","I3E.L","191799437","0.159507","United Kingdom"
"8288","City Office REIT","CIO","191701456","4.75","Canada"
"8289","Franchi Umberto Marmi","FUM.MI","191284749","5.67472","Italy"
"8290","Bonei Hatichon Civil Engineering &amp; Infrastructures","BOTI.TA","191085862","1217.39","Israel"
"8291","Marvelous","7844.T","190992009","3.15308","Japan"
"8292","Paysign","PAYS","190846304","3.52","United States"
"8293","Gobarto","GOB.WA","190839562","6.86468","Poland"
"8294","Fabasoft","FAA.DE","190797685","17.7051","Austria"
"8295","Franklin Street Properties","FSP","190563280","1.84","United States"
"8296","Vista Alegre Atlantis","VAF.LS","190273522","1.13494","Portugal"
"8297","Western New England Bancorp","WNEB","189919872","9.17","United States"
"8298","Douglas Elliman","DOUG","189898896","2.14","United States"
"8299","Aspo Oyj","ASPO.HE","189695953","6.03791","Finland"
"8300","Talenom","TNOM.HE","189685221","4.17092","Finland"
"8301","Finance House","FH.AE","189644650","0.63","United Arab Emirates"
"8302","OP Bancorp (Open Bank)","OPBK","189397728","12.755","United States"
"8303","Solidarity Bahrain","SOLID.BH","189389918","2.54642","Bahrain"
"8304","COG Financial Services","COG.AX","189254855","0.931189","Australia"
"8305","CARGO Therapeutics","CRGX","189064928","4.1","United States"
"8306","Ellomay Capital","ELLO","188933216","14.7","Israel"
"8307","Latécoère S.A.","LAT.PA","188850083","0.0146408","France"
"8308","Omeros Corporation","OMER","188667856","3.22","United States"
"8309","High Tide","HITI","188587168","2.33","Canada"
"8310","Perfect Corp.","PERF","188420656","1.85","Taiwan"
"8311","Perma-Fix Environmental Services","PESI","188319360","10.21","United States"
"8312","Pullup Entertainment","ALPUL.PA","188290328","22.8691","France"
"8313","Wataniya Insurance Company","8300.SR","188134915","4.70337","Saudi Arabia"
"8314","UroGen Pharma","URGN","188118592","4.08","United States"
"8315","Aimia","AIM.TO","188115862","1.9956","Canada"
"8316","Knights Group","KGH.L","188109195","212.718","United Kingdom"
"8317","Citizens Inc","CIA","188062496","3.75","United States"
"8318","ESSA Bancorp","ESSA","187861952","18.5","United States"
"8319","Arq Inc.","ARQ","187628352","4.445","United States"
"8320","Frequency Electronics","FEIM","187627520","19.39","United States"
"8321","Quanterix","QTRX","187546000","4.83","United States"
"8322","Byggmästare Anders J Ahlström","AJA-B.ST","187176828","25.6855","Sweden"
"8323","Kodiak Sciences","KOD","187046608","3.545","United States"
"8324","Y-mAbs Therapeutics","YMAB","187021680","4.13","United States"
"8325","SoundThinking 
 (ShotSpotter)","SSTI","186928224","14.75","United States"
"8326","Userjoy Technology","3546.TWO","186914822","3.51901","Taiwan"
"8327","Schaffer Corporation","SFC.AX","186582260","13.7286","Australia"
"8328","Capital Limited","CAPD.L","186390854","94.7483","United Kingdom"
"8329","Perspective Therapeutics","CATX","186313040","2.51","United States"
"8330","Heidelberg Pharma","HPHA.DE","186187266","3.99501","Germany"
"8331","Pacific Smiles Group","PSQ.AX","186037804","1.15105","Australia"
"8332","Intred","ITD.MI","185938123","11.4629","Italy"
"8333","Sangoma Technologies","SANG","185855456","5.5","Canada"
"8334","Television Broadcasts (TVB)","0511.HK","185446716","0.397135","Hong Kong"
"8335","Tracsis","TRCS.L","185335849","614.11","United Kingdom"
"8336","Lafinca Global Assets","YLFG.MC","185262349","4.90296","Spain"
"8337","Cavotec","CCC.ST","185126189","1.73508","Switzerland"
"8338","Baozun","BZUN","185070000","3","China"
"8339","E. W. Scripps Company","SSP","185069136","2.11","United States"
"8340","scPharmaceuticals","SCPH","185035968","3.505","United States"
"8341","National Finance","NFCI.OM","184855300","0.303975","Oman"
"8342","Visiativ SA","ALVIV.PA","184832369","40.1999","France"
"8343","Telos","TLS","184446608","2.51","United States"
"8344","Baird Medical Investment Holdings","BDMD","184339184","4.98","China"
"8345","Quirin Privatbank","QB7.DE","184274475","4.24469","Germany"
"8346","Softstar Entertainment","6111.TWO","184097234","1.87792","Taiwan"
"8347","Saudi Fisheries Company","6050.SR","183963678","27.463","Saudi Arabia"
"8348","Gooch &amp; Housego","GHH.L","183654177","712.213","United Kingdom"
"8349","Wafrah for Industry and Development Company","2100.SR","183640905","7.93228","Saudi Arabia"
"8350","Homeland Interactive Technology","3798.HK","183551209","0.143019","China"
"8351","India Nippon Electricals","INDNIPPON.NS","183526949","8.11298","India"
"8352","Malath Cooperative Insurance Company","8020.SR","183442208","3.66884","Saudi Arabia"
"8353","OrganiGram Holdings","OGI","183421088","1.37","Canada"
"8354","Investar Holding","ISTR","183311120","18.62","United States"
"8355","Gulf Union Alahlia Cooperative Insurance","8120.SR","183310385","3.99413","Saudi Arabia"
"8356","Luminar Technologies","LAZR","183218496","3.9","United States"
"8357","Vecima Networks","VCM.TO","183168777","7.53328","Canada"
"8358","Quick Heal","QUICKHEAL.NS","183094978","3.38985","India"
"8359","Saudi Printing and Packaging Company","4270.SR","183015598","3.05026","Saudi Arabia"
"8360","Deezer","DEEZR.PA","182827702","1.47543","France"
"8361","Americanas","AMER3.SA","182736762","0.91257","Brazil"
"8362","Zevia","ZVIA","182619888","2.83","United States"
"8363","Pact Group","PGH.AX","182563227","0.517327","Australia"
"8364","Newron Pharmaceuticals","NWRN.SW","182397715","9.13867","Italy"
"8365","gumi","3903.T","181942775","3.67627","Japan"
"8366","Traeger","COOK","181824608","1.34","United States"
"8367","Inhibrx","INBX","181527792","12.54","United States"
"8368","Inogen","INGN","181488608","6.75","United States"
"8369","Air Busan","298690.KS","181189472","1.55418","South Korea"
"8370","Eledon Pharmaceuticals","ELDN","180843040","3.02","United States"
"8371","Vuzix","VUZI","180694480","2.37","United States"
"8372","Carlo Gavazzi Holding","GAV.SW","180653994","254.188","Switzerland"
"8373","Gaming Realms","GMR.L","180063209","61.276","United Kingdom"
"8374","Forum Energy Technologies","FET","179977680","14.55","United States"
"8375","Al Ramz Corporation Investment and Development","ALRAMZ.AE","179686661","0.326753","United Arab Emirates"
"8376","Cegedim SA","CGM.PA","179665327","12.9951","France"
"8377","Epwin Group","EPWN.L","179644837","132.27","United Kingdom"
"8378","Hester Biosciences","HESTERBIO.NS","179548443","21.0413","India"
"8379","Jubilee Metals Group","JLP.L","179326558","5.84956","United Kingdom"
"8380","Al-Etihad Cooperative Insurance","8170.SR","179176110","3.58352","Saudi Arabia"
"8381","Innoviz","INVZ","178727568","0.8983","Israel"
"8382","Lakeland Industries","LAKE","178522224","18.77","United States"
"8383","Nanobiotix","NBTX","178446624","3.6588","France"
"8384","The Pearl REIF","PRFD.OM","178245461","0.301377","Oman"
"8385","Wellgistics Health (Danam Health)","WGRX","178214032","2.48","United States"
"8386","Renaissance Services","RNSS.OM","178121330","0.753442","Oman"
"8387","ProQR","PRQR","178029680","1.69","Netherlands"
"8388","Precia S.A.","ALPM.PA","177943207","32.6864","France"
"8389","Aenza","AENZ","177853952","1.94","Peru"
"8390","United Wire Factories Company","1301.SR","177441941","6.31916","Saudi Arabia"
"8391","Chain Bridge Bancorp","CBNA","177431616","27.04","United States"
"8392","Axactor ASA","ACR.OL","177424341","0.587216","Norway"
"8393","Igarashi Motors India","IGARASHI.NS","177413874","5.63312","India"
"8394","Lhyfe SA","LHYFE.PA","177387429","3.6829","France"
"8395","International Tower Hill Mines","THM","176942608","0.8154","Canada"
"8396","Sierra Metals","SMT.TO","176847460","0.833007","Canada"
"8397","Huhtamaki India","HUHTAMAKI.NS","176735443","2.33485","India"
"8398","Arctic Fish Holding","AFISH.OL","176470750","5.53604","Iceland"
"8399","Ten Square Games","TEN.WA","176438912","27.245","Poland"
"8400","Mpac Group","MPAC.L","176295194","586.218","United Kingdom"
"8401","Innovative Solutions and Support","ISSC","176218048","10.01","United States"
"8402","SELLAS Life Sciences","SLS","175608400","1.76","United States"
"8403","Nama Chemicals Company","2210.SR","175592588","7.46567","Saudi Arabia"
"8404","Strickland Metals Limited","STK.AX","175557064","0.0775991","Australia"
"8405","Abdulmohsen Al-Hokair Group for Tourism and Development Company","1820.SR","175536582","0.557259","Saudi Arabia"
"8406","INEOS Styrolution","INEOSSTYRO.NS","174838743","9.94","India"
"8407","Mazaya Real Estate Development Q.P.S.C.","MRDS.QA","174725275","0.174725","Qatar"
"8408","Idaho Strategic Resources","IDR","174721056","12.43","United States"
"8409","The NAGA Group","N4G.DE","174369293","0.749064","Germany"
"8410","Utah Medical Products","UTMD","174298944","53.66","United States"
"8411","Emak S.p.A.","EM.MI","174277880","1.07025","Italy"
"8412","Seven Hills Realty Trust","SEVN","174098576","11.68","United States"
"8413","INmune Bio","INMB","174078000","7.5","United States"
"8414","Stereotaxis","STXS","173721616","2.02","United States"
"8415","AFT Pharmaceuticals","AFT.NZ","173693689","1.65634","New Zealand"
"8416","Diana Shipping","DSX","173658000","1.5","Greece"
"8417","SWK Holdings","SWKH","173492144","14.14","United States"
"8418","CVRx","CVRX","173382800","6.65","United States"
"8419","Equity Commonwealth","EQC","173305472","1.58","United States"
"8420","Hain Celestial","HAIN","173286720","1.92","United States"
"8421","Eleco","ELCO.L","173252654","209.877","United Kingdom"
"8422","Brockhaus Technologies","BKHT.DE","173120436","16.5702","Germany"
"8423","Vox Royalty","VOXR","172806256","3.34","Canada"
"8424","Aker Carbon Capture","ACC.OL","172631533","0.285699","Norway"
"8425","Siebert Financial","SIEB","172550272","4.27","United States"
"8426","OmniAb","OABI","172492352","1.41","United States"
"8427","WM Technology","MAPS","172433040","1.02","United States"
"8428","FutureFuel","FF","172146576","3.93","United States"
"8429","CMGE Technology Group","0302.HK","172125814","0.0574632","China"
"8430","Entravision Communications","EVC","171945216","1.89","United States"
"8431","iHeartMedia","IHRT","171821840","1.24","United States"
"8432","Omaxe","OMAXE.NS","171699199","0.938755","India"
"8433","Serviceware","SJJ.DE","171603241","16.2297","Germany"
"8434","Compagnie Du Mont-Blanc","MLCMB.PA","171521380","189.536","France"
"8435","ReadyTech Holdings","RDY.AX","171392973","1.40325","Australia"
"8436","Westwing Group","WEW.DE","171327277","9.10226","Germany"
"8437","Avingtrans","AVG.L","171275540","517.607","United Kingdom"
"8438","John Wood Group","WG.L","171103686","24.8883","United Kingdom"
"8439","Vitruvio Real Estate","YVIT.MC","170911906","17.8186","Spain"
"8440","Forge Global","FRGE","170868848","13.86","United States"
"8441","Arabia Insurance Cooperative Company","8160.SR","170707906","3.2209","Saudi Arabia"
"8442","Avacta Group","AVCT.L","170696565","38.0465","United Kingdom"
"8443","Al-Maha Petroleum","MHAS.OM","170303975","2.46817","Oman"
"8444","AC Immune","ACIU","170194960","1.695","Switzerland"
"8445","Bergbahnen Engelberg-Trübsee-Titlis","TIBN.SW","170000968","50.5955","Switzerland"
"8446","908 Devices","MASS","169982080","4.74","United States"
"8447","Integrated Wind Solutions","IWS.OL","169805216","4.2499","Norway"
"8448","National Gypsum Company","2090.SR","169710884","5.35929","Saudi Arabia"
"8449","Sight Sciences","SGHT","169582880","3.28","United States"
"8450","Landmark Bancorp","LARK","169386416","29.29","United States"
"8451","LEWAG Holding","KGR.F","169348315","35.6373","Germany"
"8452","EcoSynthetix","ECO.TO","169307372","2.89742","Canada"
"8453","Avita Medical","RCEL","169182080","6.4","United States"
"8454","TrueBlue","TBI","169030240","5.66","United States"
"8455","Voxx International","VOXX","168959248","7.5","United States"
"8456","Playstudios","MYPS","168863408","1.35","United States"
"8457","Anika Therapeutics","ANIK","168798288","11.77","United States"
"8458","Airship AI","AISP","168775856","5.3","United States"
"8459","29Metals","29M.AX","168489992","0.122865","Australia"
"8460","Quartix Technologies","QTX.L","168120932","347.141","United Kingdom"
"8461","AGROB Immobilien","AGR.F","168108864","49.9376","Germany"
"8462","BEST S.A.","BST.WA","167820503","7.37219","Poland"
"8463","Oxford Square Capital","OXSQ","167731248","2.35","United States"
"8464","Tihama for Advertising, Public Relations and Marketing","4070.SR","167657646","4.19144","Saudi Arabia"
"8465","Gefran","GE.MI","167634820","11.6899","Italy"
"8466","FuRyu","6238.T","167534186","6.32708","Japan"
"8467","Al Khaleej Takaful Insurance Company","AKHI.QA","167474251","0.656044","Qatar"
"8468","Findi Limited","FND.AX","167450433","2.7095","Australia"
"8469","Clipper Realty","CLPR","167307776","3.94","United States"
"8470","RCM Technologies","RCMT","167170400","22.62","United States"
"8471","I.g. Petrochemicals","IGPL.NS","167070627","5.42529","India"
"8472","RGP","RGP","166999968","5.05","United States"
"8473","Tingo Group","TIO","166947568","0.69","United States"
"8474","HKR International","0480.HK","166906812","0.112372","Hong Kong"
"8475","Ohio Valley Banc Corp","OVBC","166863616","35.42","United States"
"8476","4D Molecular Therapeutics","FDMT","166768560","3.6","United States"
"8477","Mercia Asset Management","MERC.L","166638140","38.3582","United Kingdom"
"8478","Flexsteel Industries","FLXS","166529232","31.58","United States"
"8479","LENSAR","LNSR","166431888","13.98","United States"
"8480","Hanover Bancorp","HNVR","166369216","23.015","United States"
"8481","Ispire Technology","ISPR","166293408","2.91","United States"
"8482","Azul","AZUL","166242592","0.45","Brazil"
"8483","BMMI Group","BMMI.BH","166237186","1.11406","Bahrain"
"8484","Smartoptics Group","SMOP.OL","166227604","1.69541","Norway"
"8485","Lifevantage","LFVN","166164240","13.2","United States"
"8486","Banque nationale de Belgique","BNB.BR","166162206","414.255","Belgium"
"8487","Bahrain Duty Free Shop Complex","DUTYF.BH","166046825","1.13528","Bahrain"
"8488","LGI Limited","LGI.AX","165969853","1.86884","Australia"
"8489","Bahrain National Holding","BNH.BH","165959881","1.16711","Bahrain"
"8490","Neonode","NEON","165815056","9.88","Sweden"
"8491","UBM Development","UBS.VI","165794030","22.1882","Austria"
"8492","Skillsoft","SKIL","165586112","19.9","United States"
"8493","Arabian International Healthcare Holding","9530.SR","165577923","8.2789","Saudi Arabia"
"8494","Voyager Therapeutics","VYGR","165455840","2.99","United States"
"8495","Desktop Metal","DM","165373344","4.96","United States"
"8496","Knaus Tabbert AG","KTA.DE","165358411","15.9346","Germany"
"8497","Zentek","ZTEK","165332944","1.585","Canada"
"8498","BV Financial (BayVanguard)","BVFL","165300592","15.7","United States"
"8499","National Bankshares","NKSH","165256720","25.97","United States"
"8500","Dustin Group","DUST.ST","165022704","0.215968","Sweden"
"8501","Gran Tierra Energy","GTE","164986432","4.67","Canada"
"8502","Tele Columbus","TC1.HM","164956096","0.556123","Germany"
"8503","Motorpoint Group","MOTR.L","164926709","195.705","United Kingdom"
"8504","Soltec Power Holdings","SOL.MC","164647336","1.81364","Spain"
"8505","European Residential REIT","ERE-UN.TO","164601029","1.78191","Canada"
"8506","Alta Equipment Group","ALTG","164295936","4.95","United States"
"8507","Mengly J. Quach Education","MJQE.KH","163936890","0.51","Cambodia"
"8508","Takween Advanced Industries","1201.SR","163918240","2.14371","Saudi Arabia"
"8509","The9","NCTY","163826960","11.65","China"
"8510","Helloworld Travel","HLO.AX","163705625","0.976455","Australia"
"8511","FriendTimes","6820.HK","163703192","0.0778945","China"
"8512","Envela Corporation","ELA","163509808","6.29","United States"
"8513","PHX Minerals","PHX","163445536","4.31","United States"
"8514","Oriental Aromatics","OAL.NS","163395765","4.85522","India"
"8515","Hyderabad Industries Limited","HIL.NS","163367281","21.6642","India"
"8516","Excel Industries","EXCELINDUS.NS","163321038","12.9899","India"
"8517","Arbe Robotics","ARBE","163002640","1.55","Israel"
"8518","Quantafuel","QFUEL.OL","162947734","0.54","Norway"
"8519","BAIOO Family Interactive","2100.HK","162926114","0.0568247","China"
"8520","Accuray","ARAY","162760544","1.58","United States"
"8521","Astec Lifesciences","ASTEC.NS","162687624","8.29556","India"
"8522","Intchains Group","ICG","162399344","2.69","China"
"8523","Designer Brands","DBI","162397136","3.34","United States"
"8524","hVIVO","HVO.L","162010295","22.7666","United Kingdom"
"8525","Smith-Midland","SMID","162002800","30.54","United States"
"8526","Microlise","SAAS.L","161968531","139.693","United Kingdom"
"8527","Speedy Hire","SDY.L","161502066","35.092","United Kingdom"
"8528","Prime Medicine","PRME","161491616","1.23","United States"
"8529","Instil Bio","TIL","161439888","24.61","United States"
"8530","Crexendo","CXDO","161409584","5.56","United States"
"8531","Puma Biotechnology","PBYI","161323824","3.25","United States"
"8532","Voltamp Energy","VOES.OM","160521400","1.71473","Oman"
"8533","Agfa-Gevaert","AGFB.BR","160250541","1.03507","Belgium"
"8534","Tiziana Life Sciences","TLSA","160081760","1.37","United Kingdom"
"8535","OSE Immunotherapeutics","OSE.PA","159897020","7.1615","France"
"8536","iDreamSky","1119.HK","159600183","0.095772","China"
"8537","TOYA S.A.","TOA.WA","159553378","2.12618","Poland"
"8538","Race Oncology","RAC.AX","159529501","0.918256","Australia"
"8539","EKF Diagnostics","EKF.L","159402281","35.4942","United Kingdom"
"8540","Kulmbacher Brauerei","KUL.MU","159400749","47.4407","Germany"
"8541","Seritage Growth Properties","SRG","159398608","2.83","United States"
"8542","Braemar Hotels &amp; Resorts","BHR","159235792","2.07","United States"
"8543","Esperion Therapeutics","ESPR","159153792","0.803","United States"
"8544","Journey Medical","DERM","158877360","6.82","United States"
"8545","Springfield Properties","SPR.L","158869056","132.067","United Kingdom"
"8546","CAB Payments","CABP.L","158802651","58.0366","United Kingdom"
"8547","Nicolás Correa","NEA.MC","158661110","13.0519","Spain"
"8548","Mediclin","MED.DE","158495063","3.33674","Germany"
"8549","Zahrat Al Waha For Trading Company","3007.SR","158378883","7.03906","Saudi Arabia"
"8550","Duxton Water","D2O.AX","158242526","1.00879","Australia"
"8551","INOVEST","INOVEST.BH","158029565","0.525","Bahrain"
"8552","Superior Group of Companies","SGC","157588432","9.86","United States"
"8553","Janover","JNVR","157552480","79.31","United States"
"8554","Kistos Holdings","KIST.L","157471326","190.037","United Kingdom"
"8555","Sylogist","SYZ.TO","157410636","6.72925","Canada"
"8556","Accsys Technologies","AXS.L","157247461","65.46","United Kingdom"
"8557","Rocky Brands","RCKY","157132240","21.06","United States"
"8558","Eagle Eye Solutions Group","EYE.L","157055794","502.085","United Kingdom"
"8559","Selvita","SLV.WA","156892996","8.54747","Poland"
"8560","Quercus TFI","QRS.WA","156519182","3.00497","Poland"
"8561","UNITED","2497.T","156477298","3.9832","Japan"
"8562","Bliss GVS Pharma","BLISSGVS.NS","156460205","1.48486","India"
"8563","Epsilon Energy","EPSN","156103376","7.09","United States"
"8564","Hong Kong Technology Venture Company (HKTV)","1137.HK","156075937","0.197929","Hong Kong"
"8565","Unifiedpost Group","UPG.BR","155926837","4.02905","Belgium"
"8566","Nabaltec","NTG.DE","155805243","17.7051","Germany"
"8567","Totens Sparebank","TOTG.OL","155756679","25.4316","Norway"
"8568","AudioEye","AEYE","155728752","12.5","United States"
"8569","KFIC Invest (K.S.C.P)","KFIC.KW","155569322","482.399","Kuwait"
"8570","Castings P.L.C.","CGS.L","155435840","357.668","United Kingdom"
"8571","Gévelot SA","ALGEV.PA","155348396","206.56","France"
"8572","Peoples Bancorp of North Carolina","PEBK","154959488","29.25","United States"
"8573","Teixeira Duarte","TDSA.LS","154919986","0.368857","Portugal"
"8574","Ames National Corp.","ATLO","154774128","17.36","United States"
"8575","Profound Medical","PROF","154346832","5.13","Canada"
"8576","NexPoint Diversified Real Estate Trust","NXDT","154022816","3.37","United States"
"8577","Ring Energy","REI","153861120","0.745","United States"
"8578","The Joint Corp.","JYNT","153793136","10.05","United States"
"8579","Baazeem Trading Company","4051.SR","153689503","1.5198","Saudi Arabia"
"8580","HMS Bergbau","HMU.DE","153677485","33.8214","Germany"
"8581","United Security Bancshares","UBFO","153613168","8.79","United States"
"8582","India Motor Parts and Accessories","IMPAL.NS","153446591","12.2954","India"
"8583","SmartRent","SMRT","153196528","0.8141","United States"
"8584","eGain","EGAN","153163920","5.6","United States"
"8585","Gauzy","GAUZ","153093424","8.172","United States"
"8586","Virgin Galactic","SPCE","152995264","3.68","United States"
"8587","Leslie's","LESL","152880448","0.8245","United States"
"8588","Björn Borg","BORG.ST","152654875","6.07016","Sweden"
"8589","Cybin","CYBN","152582704","7.26","Canada"
"8590","RAK Co. for White Cement &amp; Construction Materials","RAKWCT.AE","152532564","0.3","United Arab Emirates"
"8591","Prairie Operating","PROP","152527360","3.48","United States"
"8592","Züblin Immobilien","ZUBN.SW","152506420","45.9959","Switzerland"
"8593","Austin Engineering","ANG.AX","152483101","0.24573","Australia"
"8594","Energy Vault","NRGV","152408176","0.9767","United States"
"8595","Vista Gold","VGZ","152293824","1.22","United States"
"8596","Bastei Lübbe","BST.DE","152061069","11.5197","Germany"
"8597","Freelance.com SA","ALFRE.PA","151980987","2.68982","France"
"8598","Cellectis","CLLS","151915376","1.5203","France"
"8599","CVC Limited","CVC.AX","151601679","1.29978","Australia"
"8600","Bellevue Group","BBN.SW","151471860","11.4021","Switzerland"
"8601","CBo Territoria","CBOT.PA","151454400","4.29009","France"
"8602","Stratus Properties","STRS","151441232","18.76","United States"
"8603","Columbus Energy","CLC.WA","151368787","2.20097","Poland"
"8604","centrotherm international","CTNK.F","151314412","7.15015","Germany"
"8605","Black Rifle Coffee (BRC)","BRCC","151098432","1.92","United States"
"8606","ADF Group","DRX.TO","151082516","5.25881","Canada"
"8607","BankFinancial","BFIN","150899072","12.11","United States"
"8608","Answear.com","ANR.WA","150769199","7.94647","Poland"
"8609","Verde Clean Fuels","VGAS","150577648","3.38","United States"
"8610","CALIDA Holding","CALN.SW","150571976","21.5455","Switzerland"
"8611","GoldMining Inc.","GLDG","149881472","0.7646","Canada"
"8612","Jazan Development and Investment (JAZADCO)","6090.SR","149846687","2.99693","Saudi Arabia"
"8613","Humm Group","HUM.AX","149683885","0.30393","Australia"
"8614","Westag AG","WUG3.F","149642638","35.1833","Germany"
"8615","MainStreet Bancshares","MNSB","149612464","19.42","United States"
"8616","Tiny Ltd.","TINY.V","149332406","0.637432","Canada"
"8617","Arab Sea Information Systems Company","7201.SR","149313425","1.49313","Saudi Arabia"
"8618","Fortinova Fastigheter AB","FNOVA-B.ST","149078817","2.90403","Sweden"
"8619","Bahrain Commercial Facilities Company","BCFC.BH","148943138","1.36605","Bahrain"
"8620","Archosaur Games","9990.HK","148810906","0.186436","China"
"8621","Pro-Dex","PDEX","148768640","45.62","United States"
"8622","Sanok Rubber Company","SNK.WA","148759194","5.95651","Poland"
"8623","Andrew Peller","ADW-A.TO","148704316","3.25959","Canada"
"8624","Fenix Resources","FEX.AX","148573121","0.200464","Australia"
"8625","Hamat Group","HAMAT.TA","148460807","405.146","Israel"
"8626","Annehem Fastigheter","ANNE-B.ST","148432850","1.67742","Sweden"
"8627","Bloober Team","6BO.SG","148371454","7.05936","Poland"
"8628","NSE SA","ALNSE.PA","148326065","44.8303","France"
"8629","Platinum Group Metals","PLG","148255088","1.42","Canada"
"8630","technotrans","TTR1.DE","148172475","21.4505","Germany"
"8631","ECB Bancorp","ECBK","148144224","16.41","United States"
"8632","Solid State Group","SOLI.L","148053459","239.57","United Kingdom"
"8633","Medifast","MED","147828944","13.45","United States"
"8634","Alliance Entertainment","AENT","147718464","2.9","United States"
"8635","Monte Carlo Fashions","MONTECARLO.NS","147337003","7.10671","India"
"8636","Emperor International","0163.HK","147222082","0.0266885","Hong Kong"
"8637","Al Dhafra Insurance","DHAFRA.AE","147058824","1.47","United Arab Emirates"
"8638","Travelzoo","TZOO","146899120","13.24","United States"
"8639","Kongsberg Automotive ASA","KOA.OL","146458936","0.157579","Norway"
"8640","Seef Properties","SEEF.BH","146419098","0.729443","Bahrain"
"8641","Acme United","ACU","146396448","38.62","United States"
"8642","Sloman Neptun","NEP.HM","146327373","73.204","Germany"
"8643","Prenetics","PRE","146306656","11.225","Hong Kong"
"8644","Magnora ASA","MGN.OL","145847339","2.28362","Norway"
"8645","Prime Mining Corp.","PRYM.TO","145792446","0.956148","Canada"
"8646","IQE plc","IQE.L","145500166","14.9816","United Kingdom"
"8647","Ascom Holding","ASCN.SW","145430328","4.04885","Switzerland"
"8648","Pine Cliff Energy","PNE.TO","145362122","0.405638","Canada"
"8649","Bahrain Kuwait Insurance Company (GIG Bahrain)","BKIC.BH","145225464","0.318302","Bahrain"
"8650","XRF Scientific Limited","XRF.AX","144951810","1.03142","Australia"
"8651","OMER S.p.A.","OMER.MI","144948233","5.06185","Italy"
"8652","BioAge Labs","BIOA","144834000","4.04","United States"
"8653","SuRo Capital","SSSS","144608656","6.14","United States"
"8654","GTPL Hathway","GTPL.NS","144358726","1.28361","India"
"8655","Nusantara Pelabuhan Handal","PORT.JK","144037628","0.0511872","Indonesia"
"8656","Texaf","TEXF.BR","143982486","39.2691","Belgium"
"8657","Richmond Mutual Bancorporation","RMBI","143935728","13.83","United States"
"8658","Modiv","MDV","143790992","14.21","United States"
"8659","Molecular Partners","MOLN","143552816","3.893","Switzerland"
"8660","Biotalys","BTLS.BR","142885003","3.77937","Belgium"
"8661","clearvise AG","ABO.DE","142825659","1.89536","Germany"
"8662","Barbeque Nation Hospitality","BARBEQUE.NS","142814430","3.65463","India"
"8663","Bassett Furniture","BSET","142747568","16.4","United States"
"8664","ADLPartner (Dékuple)","DKUPL.PA","142457510","35.8643","France"
"8665","Ambra","AMB.WA","142400658","5.64934","Poland"
"8666","Grange Resources","GRR.AX","142196835","0.122865","Australia"
"8667","The Eastern Company","EML","142154224","23.22","United States"
"8668","Maytronics","MTRN.TA","142093473","129.48","Israel"
"8669","TerrAscend","TSND.TO","142026164","0.398395","Canada"
"8670","PLBY Group (Playboy)","PLBY","141856352","1.51","United States"
"8671","Buruj Cooperative Insurance Company","8270.SR","141581131","4.71937","Saudi Arabia"
"8672","Lindsay Australia","LAU.AX","141519985","0.442961","Australia"
"8673","Ekopak","EKOP.BR","141440000","8.08081","Belgium"
"8674","Fasadgruppen Group","FG.ST","141356085","2.63145","Sweden"
"8675","Lightwave Logic","LWLG","141296336","1.13","United States"
"8676","Analogue Holdings (ATAL)","1977.HK","141231755","0.10088","Hong Kong"
"8677","R. Stahl AG","RSL2.DE","141064569","21.9044","Germany"
"8678","Magnachip","MX","141008672","3.91","Luxembourg"
"8679","Neon Equity AG","D77.DE","141000313","3.20054","Germany"
"8680","Piedmont Lithium","PLL","140893968","6.42","Australia"
"8681","Deutsche Konsum REIT-AG","DKG.DE","140715179","3.24594","Germany"
"8682","Record Financial Group","REC.L","140523497","72.5234","United Kingdom"
"8683","Shell Oman Marketing Company","SOMS.OM","140439075","1.47831","Oman"
"8684","Indorama Synthetics","INDORAMA.NS","140388938","0.537656","India"
"8685","a.k.a. Brands","AKA","140149584","13.08","United States"
"8686","Union Bankshares","UNB","140015808","30.85","United States"
"8687","Liva Insurance Company","8280.SR","139928010","3.4982","Saudi Arabia"
"8688","Deep Value Driller","DVD.OL","139874247","1.50066","Norway"
"8689","Xlife Sciences","XLS.SW","139693977","24.3294","Switzerland"
"8690","SKYX Platforms","SKYX","139665248","1.32","United States"
"8691","Westwood Holdings Group","WHG","139663440","14.89","United States"
"8692","Payfare Inc.","PAY.TO","139629292","2.89164","Canada"
"8693","Wayi International Digital Entertainment","3086.TWO","139478201","5.37025","Taiwan"
"8694","Korro Bio","KRRO","139073168","14.81","United States"
"8695","Inclusio","INCLU.BR","138935394","18.7266","Belgium"
"8696","BCB Bancorp","BCBP","138330560","8.06","United States"
"8697","Everspin Technologies","MRAM","138174512","6.15","United States"
"8698","Rapid Micro Biosystems","RPID","138069856","3.15","United States"
"8699","Lineage Cell Therapeutics","LCTX","138041200","0.6045","United States"
"8700","GoHealth","GOCO","137953120","5.79","United States"
"8701","Arise AB","ARISE.ST","137896078","3.38105","Sweden"
"8702","KMD Brands","KMD.NZ","137804919","0.193637","New Zealand"
"8703","FCR Immobilien","FC9.DE","137789736","13.9598","Germany"
"8704","Merkur PrivatBank","MBK.DE","137723872","17.7051","Germany"
"8705","Suominen","SUY1V.HE","137671665","2.38338","Finland"
"8706","Fate Therapeutics","FATE","137559600","1.2","United States"
"8707","Ateam","3662.T","137551342","7.40834","Japan"
"8708","11 bit studios","11B.WA","137524338","56.8941","Poland"
"8709","Klingelnberg AG","KLIN.SW","137496369","15.5539","Switzerland"
"8710","Compugen","CGEN","137464112","1.47","Israel"
"8711","Sterling Tools","STERTOOLS.NS","136978907","3.77968","India"
"8712","MCH Group","MCHN.SW","136962041","4.43013","Switzerland"
"8713","Core Molding Technologies","CMT","136861152","15.9","United States"
"8714","Sport Lisboa e Benfica","SLBEN.LS","136783557","5.94711","Portugal"
"8715","Al Gassim Investment Holding","6020.SR","136781762","4.55939","Saudi Arabia"
"8716","TrueCar","TRUE","136775184","1.56","United States"
"8717","Anaam International","4061.SR","136733777","4.34075","Saudi Arabia"
"8718","Focusrite","TUNE.L","136567648","232.957","United Kingdom"
"8719","FreightCar America","RAIL","136518960","7.17","United States"
"8720","Aclaris Therapeutics","ACRS","136434064","1.26","United States"
"8721","EUDA Health","EUDA","136363984","3.67","Singapore"
"8722","Ash-Sharqiyah Development","6060.SR","136301835","4.54339","Saudi Arabia"
"8723","Banca Profilo","PRO.MI","136038125","0.204858","Italy"
"8724","Village Farms International","VFF","135927776","1.21","Canada"
"8725","SEACOR Marine","SMHI","135872640","5.06","United States"
"8726","eHealth","EHTH","135863168","4.48","United States"
"8727","Al Mahhar Holding Company","MHAR.QA","135857960","0.656319","Qatar"
"8728","Silvaco Group","SVCO","135761936","4.62","United States"
"8729","GreenX Metals","GRX.AX","135742133","0.484994","Australia"
"8730","Editas Medicine","EDIT","135614896","1.62","United States"
"8731","Tamil Nadu Newsprint and Papers Limited","TNPL.NS","135355856","1.95571","India"
"8732","Sadr Logistics Company","1832.SR","135315300","0.77323","Saudi Arabia"
"8733","Dynamic Materials Corporation","BOOM","135238624","6.6","United States"
"8734","Lucid Diagnostics","LUCD","135134656","1.33","United States"
"8735","Nova Klúbburinn","NOVA.IC","134854275","0.0375934","Iceland"
"8736","Aldeyra Therapeutics","ALDX","134765104","2.25","United States"
"8737","Heliad AG","A7A.DE","134587075","16.0027","Germany"
"8738","Kellton Tech Solutions","KELLTONTEC.NS","134398491","1.37825","India"
"8739","Orrön Energy","ORRON.ST","134103298","0.469048","Sweden"
"8740","Stoneridge","SRI","133940704","4.81","United States"
"8741","Piscines Desjoyaux","ALPDX.PA","133936607","14.811","France"
"8742","NioCorp Developments","NB","133702088","2.4","United States"
"8743","Virco Manufacturing","VIRC","133522936","8.3","United States"
"8744","Complete Solaria","CSLR","133149968","1.805","United States"
"8745","National Metal Manufacturing and Casting","2220.SR","133086255","3.7595","Saudi Arabia"
"8746","ACRES Commercial Realty","ACR","133021480","17.99","United States"
"8747","Silvercrest Asset Management Group","SAMG","132844168","14.345","United States"
"8748","DocGo","DCGO","132799768","1.34","United States"
"8749","Vente-Unique.com","ALVU.PA","132612625","13.7328","France"
"8750","U.S. Gold Corp","USAU","132512824","10.44","United States"
"8751","A'ayan Real Estate Company K.S.C.P.","AAYANRE.KW","132360561","318.448","Kuwait"
"8752","Schloss Wachenheim","SWA.DE","132134831","16.6837","Germany"
"8753","Keyrus","ALKEY.PA","132064065","8.3078","France"
"8754","Verkkokauppa.com","VERK.HE","132038670","2.91681","Finland"
"8755","Richardson Electronics","RELL","132005672","9.16","United States"
"8756","M-tron Industries","MPTI","131396544","45.04","United States"
"8757","Protalix BioTherapeutics","PLX","131351720","1.65","Israel"
"8758","Abu Dhabi National Takaful","TKFL.AE","131232131","1.25","United Arab Emirates"
"8759","Alector","ALEC","130990304","1.31","United States"
"8760","Afentra","AET.L","130948331","57.9018","United Kingdom"
"8761","Kuwait Foundry Company K.S.C.P.","KFOUC.KW","130508475","2007.82","Kuwait"
"8762","Polymetals Resources","POL.AX","130458184","0.523794","Australia"
"8763","AIC Mines Limited","A1M.AX","130294719","0.226331","Australia"
"8764","Grammer AG","GMM.DE","130281267","8.73908","Germany"
"8765","The Children's Place","PLCE","130238664","5.91","United States"
"8766","zSpace","ZSPC","130196872","5.69","United States"
"8767","Al Kathiri Holding Company","3008.SR","130183995","0.575923","Saudi Arabia"
"8768","Greenwich LifeSciences","GLSI","130080304","9.8","United States"
"8769","Bulten AB","BULTEN.ST","130040990","6.19597","Sweden"
"8770","HireQuest","HQI","129946512","9.26","United States"
"8771","Lemonsoft","LEMON.HE","129788455","7.17285","Finland"
"8772","Ventyx Biosciences","VTYX","129513384","1.82","United States"
"8773","Trifast","TRI.L","129044942","94.8023","United Kingdom"
"8774","q.beyond","QBY.DE","128947961","1.03507","Germany"
"8775","NZME Limited","NZM.NZ","128744633","0.685176","New Zealand"
"8776","SCHMID Group","SHMD","128541256","2.985","Germany"
"8777","Al-Deera Holding Company","ALDEERA.KW","128211226","1241.85","Kuwait"
"8778","Al Suwadi Power","SUWP.OM","128069726","0.179267","Oman"
"8779","SB Financial Group","SBFG","127109528","19.48","United States"
"8780","Brouwerij Handelsmaatschappij","COBH.BR","126830099","1691.07","Belgium"
"8781","CeoTronics","CEK.DE","126796050","15.8892","Germany"
"8782","Cheetah Mobile","CMCM","126752592","4.13","China"
"8783","Flat Capital AB","FLAT-B.ST","126684527","2.10202","Sweden"
"8784","Vranken-Pommery Monopole","VRAP.PA","126551683","14.1301","France"
"8785","Prevas AB","PREV-B.ST","126441234","9.8129","Sweden"
"8786","Serverworks","4434.T","126243783","16.4141","Japan"
"8787","Real-Estate Trade Centers Company (Marakez)","MARAKEZ.KW","126177484","909.387","Kuwait"
"8788","Entech SA","ALESE.PA","126110852","8.53479","France"
"8789","Thinkific Labs","THNC.TO","126081667","1.85435","Canada"
"8790","Pekabex","PBX.WA","125995910","5.07506","Poland"
"8791","Los Andes Copper","LA.V","125799817","4.2592","Canada"
"8792","Dominion Hosting","DHH.MI","125750584","23.7203","Italy"
"8793","Pulmonx","LUNG","125603392","3.12","United States"
"8794","Lument Finance Trust","LFT","125578808","2.4","United States"
"8795","Fujairah Building Industries","FBI.AE","125513252","0.92","United Arab Emirates"
"8796","KORU Medical Systems","KRMD","125503520","2.72","United States"
"8797","Nkarta","NKTX","125240160","1.765","United States"
"8798","Vroom","VRM","125209296","24.25","United States"
"8799","Ondas Holdings","ONDS","124962384","0.9093","United States"
"8800","Lyell Immunopharma","LYEL","124750760","0.4224","United States"
"8801","Electrovaya","ELVA","124732456","3.11","Canada"
"8802","Alithya Group","ALYA.TO","124442482","1.25313","Canada"
"8803","Aquafil","ECNL.MI","124360477","1.59119","Italy"
"8804","T&amp;G Global","TGG.NZ","124120057","1.01287","New Zealand"
"8805","NFON AG","NFN.DE","124053179","7.49064","Germany"
"8806","Ekinops","EKI.PA","123976593","4.51141","France"
"8807","Seanergy Maritime","SHIP","123951232","5.93","Greece"
"8808","Mekdam Holding Group","MKDM.QA","123824176","0.773901","Qatar"
"8809","Kokuyo Camlin","KOKUYOCMLN.NS","123769432","1.23394","India"
"8810","Full House Resorts","FLL","123756064","3.44","United States"
"8811","Inseego","INSG","123662624","8.24","United States"
"8812","Larimar Therapeutics","LRMR","123573840","1.93","United States"
"8813","Riverview Bancorp","RVSB","123549816","5.89","United States"
"8814","Saudi Vitrified Clay Pipe Company","2360.SR","123383553","8.22557","Saudi Arabia"
"8815","Masterflex","MZX.DE","123353908","12.8249","Germany"
"8816","Kapsch TrafficCom","KTCG.VI","123345818","8.62558","Austria"
"8817","InflaRx","IFRX","123299736","1.82","Germany"
"8818","Vacasa","VCSA","123260136","5.39","United States"
"8819","Klil Industries","KLIL.TA","123163334","5549.52","Israel"
"8820","Great Elm Capital","GECC","123063304","10.66","United States"
"8821","Enanta Pharmaceuticals","ENTA","122915448","5.75","United States"
"8822","Easy Software","ESY.HM","122830852","19.0671","Germany"
"8823","Nektar Therapeutics","NKTR","122828648","0.66","United States"
"8824","China Automotive Systems","CAAS","122794752","4.07","China"
"8825","Amaero International Ltd","3DA.AX","122758689","0.177831","Australia"
"8826","Al Batinah Power","BATP.OM","122738686","0.181865","Oman"
"8827","Devolver Digital","DEVO.L","122639457","26.9938","United States"
"8828","American Vanguard","AVD","122636032","4.26","United States"
"8829","Al Ain Alahlia Insurance","ALAIN.AE","122518990","8.17","United Arab Emirates"
"8830","Méliuz","CASH3.SA","122516497","1.40518","Brazil"
"8831","Seer Inc","SEER","122447096","2.08","United States"
"8832","Unusual Machines","UMAC","122412880","4.93","United States"
"8833","Protara Therapeutics","TARA","122304624","3.17","United States"
"8834","eXoZymes","EXOZ","122170032","14.6","United States"
"8835","Beta Systems Software","BSS.F","122165475","26.5577","Germany"
"8836","2CRSI","AL2SI.PA","122027974","5.47611","France"
"8837","Mammoth Energy Services","TUSK","121762320","2.53","United States"
"8838","Clarus","CLAR","121733712","3.17","United States"
"8839","InfuSystem","INFU","121656744","5.8","United States"
"8840","ORIOR AG","ORON.SW","121608783","18.6162","Switzerland"
"8841","A'Saffa Foods","SPFI.OM","121590023","1.01325","Oman"
"8842","Rhinebeck Bancorp","RBKB","121527480","10.95","United States"
"8843","VIGO Photonics","VGO.WA","121506354","138.896","Poland"
"8844","Cadence Capital Limited","CDM.AX","121492593","0.400929","Australia"
"8845","Carnarvon Energy","CVN.AX","121477776","0.0678992","Australia"
"8846","GEN Restaurant Group","GENK","121360000","3.7","United States"
"8847","Sangamo Therapeutics","SGMO","121351288","0.4945","United States"
"8848","Sound Financial Bancorp","SFBC","121288552","50.79","United States"
"8849","CR Energy","CRZK.DE","121138286","5.15265","Germany"
"8850","Freightos","CRGO","121103336","2.42","Israel"
"8851","Carbios SAS","ALCRB.PA","121087477","7.14448","France"
"8852","Sudatel Telecommunications Group","SUDATEL.AE","120989176","0.09","Sudan"
"8853","Severfield","SFR.L","120924226","41.0306","United Kingdom"
"8854","Erbud","ERB.WA","120770186","10.1234","Poland"
"8855","Rekor Systems","REKR","120437520","1.02","United States"
"8856","SNGULAR","SNG.MC","120332539","2.26989","Spain"
"8857","Payton Industries","PAYT.TA","120235012","1768.16","Israel"
"8858","Corero Network Security","CNS.L","120204451","20.9202","United Kingdom"
"8859","Village Bank and Trust Financial","VBFC","120162600","80.21","United States"
"8860","First Guaranty Bancshares","FGBI","120119888","9.32","United States"
"8861","Naturhouse Health","NTH.MC","119749313","1.9975","Spain"
"8862","SIEC (Saudi Industrial Export Company)","4140.SR","119734435","0.615918","Saudi Arabia"
"8863","Gateway Real Estate","GTY.F","119727731","0.631029","Germany"
"8864","SAICO (Saudi Arabian Cooperative Insurance Company)","8100.SR","119664045","3.9888","Saudi Arabia"
"8865","Theratechnologies","THTX","119398480","2.59","Canada"
"8866","Sharjah Cement and Industrial Development","SCIDC.AE","119083579","0.2","United Arab Emirates"
"8867","Iceland Seafood International","ICESEA.IC","119060410","0.0388517","Iceland"
"8868","NET Power","NPWR","118922152","1.53","United States"
"8869","American Battery Technology Company","ABAT","118533456","1.29","United States"
"8870","iHuman","IH","118499680","2.3","China"
"8871","Fleury Michon","ALFLE.PA","118467261","28.3736","France"
"8872","Tribal Group","TRB.L","118425266","55.3374","United Kingdom"
"8873","Martin Midstream Partners","MMLP","118336952","3.03","United States"
"8874","Eurofins-Cerep","ALECR.PA","117928044","23379.9","France"
"8875","Bike24 Holding","BIKE.DE","117794448","2.66712","Germany"
"8876","Salalah Port Services Company","SPSI.OM","117742335","0.654715","Oman"
"8877","Umbrella Solar Investment","USI.MC","117386848","5.44516","Spain"
"8878","3P Learning","3PL.AX","117357544","0.413862","Australia"
"8879","Catana Group","CATG.PA","117307793","3.76802","France"
"8880","Affinity Bancshares","AFBI","117289792","18.57","United States"
"8881","Balaji Telefilms","BALAJITELE.NS","117182435","0.976211","India"
"8882","Pharos Energy","PHAR.L","117181045","26.9263","United Kingdom"
"8883","MRM","MRM.PA","116992105","36.549","France"
"8884","American Well","AMWL","116991040","7.4","United States"
"8885","Oman Refreshment Company (Pepsi Oman)","ORCI.OM","116913484","2.33827","Oman"
"8886","Netfonds AG","NF4.DE","116883441","50.1646","Germany"
"8887","WALLIX Group","ALLIX.PA","116606106","17.7278","France"
"8888","Zain Bahrain","ZAINBH.BH","116159151","0.96817","Bahrain"
"8889","Buligo Capital","BLGO.TA","116110921","207.195","Israel"
"8890","Neumora Therapeutics","NMRA","116102720","0.7178","United States"
"8891","BioSig Technologies","BSGM","116002048","4.25","United States"
"8892","Somec S.p.A.","SOM.MI","115884290","16.7972","Italy"
"8893","Cettire Limited","CTT.AX","115869711","0.28453","Australia"
"8894","Dish TV","DISHTV.NS","115665180","0.0628185","India"
"8895","GEOX","GEO.MI","115662976","0.427307","Italy"
"8896","Myomo","MYO","115492272","3.21","United States"
"8897","CTEK AB","CTEK.ST","115472212","1.65016","Sweden"
"8898","Talga Group","TLG.AX","115369735","0.268363","Australia"
"8899","Kuantum Papers","KUANTUM.NS","115362992","1.31837","India"
"8900","NWF Group plc","NWF.L","115218734","218.65","United Kingdom"
"8901","Al Jazeera Steel Products","ATMI.OM","115195572","0.922318","Oman"
"8902","Taylor Devices","TAYD","115055256","36.68","United States"
"8903","Aiforia Technologies Oyj","AIFORIA.HE","115049143","3.97231","Finland"
"8904","Arizona Metals","AMC.TO","114828690","0.840251","Canada"
"8905","Granite Point Mortgage Trust","GPMT","114721976","2.37","United States"
"8906","Allied Tecnologia","ALLD3.SA","114600509","1.20495","Brazil"
"8907","AFC Energy","AFC.L","114593017","13.3957","United Kingdom"
"8908","OFX Group","OFX.AX","114570340","0.491461","Australia"
"8909","Laramide Resources","LAM.TO","114335701","0.434613","Canada"
"8910","Bigtincan","BTH.AX","114239013","0.139032","Australia"
"8911","Piquadro","PQ.MI","114186930","2.40608","Italy"
"8912","Reit Azorim - H.F Living","AZRT.TA","114110282","120.291","Israel"
"8913","Procaps Group","PROC","113952240","1.01","Luxembourg"
"8914","Widam Food Company","WDAM.QA","113884615","0.632692","Qatar"
"8915","Tabuk Agricultural Development Company","6040.SR","113858423","2.90628","Saudi Arabia"
"8916","Allied Cooperative Insurance Group","8150.SR","113803032","3.50887","Saudi Arabia"
"8917","Cake Box Holdings","CBOX.L","113725014","258.466","United Kingdom"
"8918","RAPT Therapeutics","RAPT","113517192","0.8581","United States"
"8919","PCC Exol","PCX.WA","113492781","0.651744","Poland"
"8920","William Penn Bancorp","WMPN","113445264","12.32","United States"
"8921","National International Holding Company (Kuwait)","NIH.KW","113298892","488.918","Kuwait"
"8922","United Homes Group","UHG","113102632","1.93","United States"
"8923","Rico Auto Industries","RICOAUTO.NS","112988972","0.834958","India"
"8924","Vectron Systems","V3S.DE","112985561","12.7492","Germany"
"8925","Llorente &amp; Cuenca","LLYC.MC","112948115","9.70378","Spain"
"8926","Aptech","APTECHT.NS","112881445","1.94467","India"
"8927","Braemar","BMS.L","112861060","356.319","United Kingdom"
"8928","Dhampur Sugar Mills","DHAMPURSUG.NS","112777189","1.72404","India"
"8929","Bisalloy Steel Group","BIS.AX","112758298","2.35384","Australia"
"8930","Yellow Pages (Canada)","Y.TO","112578684","8.3011","Canada"
"8931","Atossa Therapeutics","ATOS","112364984","0.8699","United States"
"8932","Legacy Education","LGCY","112292040","9.07","United States"
"8933","Tubos Reunidos","TRG.MC","112284917","0.644649","Spain"
"8934","Fractal Gaming Group","FRACTL.ST","112192286","3.85282","Sweden"
"8935","The ONE Group Hospitality","STKS","112177168","3.63","United States"
"8936","Ringmetall","HP3A.DE","112171831","3.85881","Germany"
"8937","Bodal Chemicals","BODALCHEM.NS","112049137","0.889674","India"
"8938","Celebrus Technologies","CLBS.L","111897186","229.043","United Kingdom"
"8939","7Road","0797.HK","111766135","0.0434166","China"
"8940","Friedman Industries","FRD","111737760","16.03","United States"
"8941","Enad Global 7","EG7.ST","111654727","1.26016","Sweden"
"8942","Maisons du Monde","MDM.PA","111639124","2.89411","France"
"8943","Xaar","XAR.L","111617271","140.905","United Kingdom"
"8944","Texwinca Holdings","0321.HK","111155646","0.0804485","Hong Kong"
"8945","ReconAfrica","0XD.F","110916645","0.41766","Canada"
"8946","Quantum Graphite","QGL.AX","110904560","0.316863","Australia"
"8947","AL KHALEEJ Investment","KICO.AE","110646698","1.05","United Arab Emirates"
"8948","Filling and Packing Materials Manufacturing Company","2180.SR","110385282","9.59872","Saudi Arabia"
"8949","U.S. GoldMining","USGO","110328496","8.82","United States"
"8950","Portman Ridge","PTMN","110204368","11.975","United States"
"8951","Renascor Resources","RNU.AX","110183612","0.0433262","Australia"
"8952","Sensorion","ALSEN.PA","110171931","0.366587","France"
"8953","Streamwide","ALSTW.PA","110115583","41.4255","France"
"8954","Sokouk Holding Company K.S.C.P.","SOKOUK.KW","109931721","192.308","Kuwait"
"8955","Sagimet Biosciences","SGMT","109785976","3.41","United States"
"8956","Townsquare Media","TSQ","109555048","6.7","United States"
"8957","Drecom","3793.T","109265365","3.80183","Japan"
"8958","SunPower","SPWR","109170336","1.36","United States"
"8959","AFC Gamma","AFCG","109138680","4.83","United States"
"8960","Chinese Gamer International","3083.TWO","109045053","1.26084","Taiwan"
"8961","Ras Alkhaima National Insurance","RAKNIC.AE","108962264","0.9","United Arab Emirates"
"8962","Gaia","GAIA","108783496","4.35","United States"
"8963","Perma-Pipe International","PPIH","108722600","13.62","United States"
"8964","Cavatina Holding Spólka Akcyjna","CAV.WA","108663924","4.27373","Poland"
"8965","Al Anwar Ceramic Tiles","AACT.OM","108599636","0.493635","Oman"
"8966","Intevac","IVAC","108598080","3.995","United States"
"8967","Bait Vegag Real Estate Development","BVGG.TA","108354613","196.308","Israel"
"8968","Vistin Pharma","VISTN.OL","108280200","2.44179","Norway"
"8969","Amplify Energy","AMPY","108102088","2.68","United States"
"8970","Al-Mazaya Holding Company","MAZAYA.KW","108060939","208.931","Kuwait"
"8971","Tuniu Corporation","TOUR","107799752","0.9291","China"
"8972","Urbas Grupo Financiero","UBS.MC","107540928","0.00238338","Spain"
"8973","Wynnstay Group","WYN.L","107516130","452.822","United Kingdom"
"8974","Foodco National Foodstuff","FNF.AE","107489994","0.38","United Arab Emirates"
"8975","Victoria PLC","VCP.L","107438863","83.006","United Kingdom"
"8976","Vaxart","VXRT","107264816","0.47","United States"
"8977","United Foods Company","UFC.AE","107079642","3.53982","United Arab Emirates"
"8978","Salama Cooperative Insurance Company","8050.SR","107025730","3.56752","Saudi Arabia"
"8979","Borealis Foods","BRLS","106894496","5","Canada"
"8980","SMN Power Company","SMNP.OM","106845761","0.535204","Oman"
"8981","Kyverna Therapeutics","KYTX","106750688","2.47","United States"
"8982","CI Games","CI7.F","106692444","0.536261","Poland"
"8983","Al Omaniya Financial Services","AOFS.OM","106532113","0.33775","Oman"
"8984","Oman Oil Marketing Company (oomco)","OOMS.OM","106502923","1.73811","Oman"
"8985","Aeris Resources","AIS.AX","106446637","0.109932","Australia"
"8986","Akatsuki Corp.","8737.T","106417220","3.51582","Japan"
"8987","Ithmaar Holding","ITHMR.BH","106076427","0.119","Bahrain"
"8988","Bragg Gaming Group","BRAG","105779904","4.19","Canada"
"8989","PWO AG","PWO.DE","105691749","33.8214","Germany"
"8990","Garo Aktiebolag","GARO.ST","105625014","2.1125","Sweden"
"8991","Chegg","CHGG","105621528","0.9911","United States"
"8992","ARN Media","A1N.AX","105267028","0.336263","Australia"
"8993","Empire Energy Group","EEG.AX","105255388","0.103465","Australia"
"8994","Kewaunee Scientific Corporation","KEQU","105243936","36.87","United States"
"8995","Clere AG","CAG0.HM","105179871","13.5058","Germany"
"8996","Almawave","AIW.MI","105148020","3.50698","Italy"
"8997","KVH Industries","KVHI","105115768","5.34","United States"
"8998","Pricer AB","PRIC-B.ST","104996089","0.642661","Sweden"
"8999","EROAD Limited","ERD.NZ","104960887","0.560057","New Zealand"
"9000","Injazzat Real Estate Development Company","INJAZZAT.KW","104876884","309.974","Kuwait"
"9001","BAUER Group","B5A.HM","104845247","4.01832","Germany"
"9002","SDI Group","SDI.L","104775371","100.215","United Kingdom"
"9003","İşbir Holding","ISBIR.IS","104675843","2.04993","Turkey"
"9004","Orchestra BioMed","OBIO","104593128","2.73","United States"
"9005","Skillz","SKLZ","104342160","6.55","United States"
"9006","FuelCell Energy","FCEL","103944016","4.58","United States"
"9007","Agenus","AGEN","103909672","3.79","United States"
"9008","Frontier Developments","FDEV.L","103823763","268.859","United Kingdom"
"9009","Al Imtiaz Investment Group Company","ALIMTIAZ.KW","103734687","97.7836","Kuwait"
"9010","Chapel Down Group","CDGP.L","103714017","60.4662","United Kingdom"
"9011","Stabilis Solutions","SLNG","103674368","5.575","United States"
"9012","Maiden Holdings","MHLD","103670008","1.04","Bermuda"
"9013","Synthaverse","SVE.WA","103603560","1.4691","Poland"
"9014","Vitura SA","VTR.PA","103518947","6.07196","France"
"9015","Alijarah Holding","NLCS.QA","103446233","0.209066","Qatar"
"9016","Solocal Group","LOCAL.PA","103049207","3.0757","France"
"9017","Topps Tiles","TPT.L","103024788","52.4355","United Kingdom"
"9018","Gulf Island Fabrication","GIFI","103019856","6.35","United States"
"9019","Achieve Life Sciences","ACHV","103014744","2.97","Canada"
"9020","Al Sagr Cooperative Insurance Company","8180.SR","102546327","3.41821","Saudi Arabia"
"9021","Cassava Sciences","SAVA","102412744","2.12","United States"
"9022","Lexeo Therapeutics","LXEO","102231048","3.08","United States"
"9023","Twin Disc","TWIN","102146392","7.22","United States"
"9024","LightPath Technologies","LPTH","102099384","2.38","United States"
"9025","Lai Sun Development Company","0488.HK","102071423","0.0702328","Hong Kong"
"9026","MDxHealth","MDXH","101964432","2.06","Belgium"
"9027","iCAD","ICAD","101952400","3.74","United States"
"9028","Postmedia Network Canada","PNC-A.TO","101878326","1.04307","Canada"
"9029","Cimbeton","CMBTN.IS","101730653","57.4749","Turkey"
"9030","Privatization Holding Company - K.P.S.C.","KPPC.KW","101600385","166.558","Kuwait"
"9031","KHD Humboldt Wedag International","KWG.DE","101539530","2.0429","Germany"
"9032","Xtant Medical","XTNT","101218160","0.7265","United States"
"9033","Crealogix Holding","CLXN.SW","101168578","72.0199","Switzerland"
"9034","Contineum Therapeutics","CTNM","101157960","3.91","United States"
"9035","Nekkar ASA","NKR.OL","101140490","0.998465","Norway"
"9036","Unitronics","UNIT.TA","101098321","723.972","Israel"
"9037","Lokum Deweloper","LKD.WA","100966932","5.60927","Poland"
"9038","Wittchen","WTN.WA","100950923","5.47572","Poland"
"9039","Gascogne Groupe","ALBI.PA","100823235","2.67847","France"
"9040","Vianini","VIA.MI","100704780","0.955734","Italy"
"9041","Jay Bharat Maruti","JAYBARMARU.NS","100577069","0.925604","India"
"9042","Ironwood Pharmaceuticals","IRWD","100344584","0.6201","United States"
"9043","Magyar Bancorp","MGYR","100170304","15.48","United States"
"9044","Mercor","MCR.WA","100122271","6.54415","Poland"
"9045","DFV Deutsche Familienversicherung","DFV.DE","99864620","6.84576","Germany"
"9046","Amana Cooperative Insurance Company","8310.SR","99861356","2.32236","Saudi Arabia"
"9047","Pathfinder Bancorp","PBHC","99798728","16.25","United States"
"9048","G5 Entertainment","G5EN.ST","99727958","12.3081","Sweden"
"9049","MacroGenics","MGNX","99682680","1.58","United States"
"9050","Hooker Furnishings","HOFT","99642144","9.31","United States"
"9051","Provident Financial Holdings","PROV","99482776","15.025","United States"
"9052","Scully Royalty","SRL","99309408","6.7","China"
"9053","Cardlytics","CDLX","99229536","1.89","United States"
"9054","Cherry Hill Mortgage Investment","CHMI","99113608","2.98","United States"
"9055","Abitare In S.p.A.","ABT.MI","99071824","3.87584","Italy"
"9056","Nautilus Biotechnology","NAUT","98900032","0.784","United States"
"9057","Umm Al Qaiwain General Investment","QIC.AE","98831986","0.27","United Arab Emirates"
"9058","Transgene SA","TNG.PA","98759097","0.730905","France"
"9059","Al-Omran Industrial Trading Company","4141.SR","98706839","8.22557","Saudi Arabia"
"9060","Massimo Motor","MAMO","98673416","2.375","United States"
"9061","PhenixFIN","PFX","98652920","48.8434","United States"
"9062","Al-Arabiya Real Estate Company","ARABREC.KW","98471662","266.297","Kuwait"
"9063","OncoCyte","OCX","98381592","3.44","United States"
"9064","Nanoform Finland","NANOFS.ST","98278124","1.14903","Finland"
"9065","Wielton","WLT.WA","98211375","1.62669","Poland"
"9066","BioPorto","BIOPOR.CO","98092273","0.21575","Denmark"
"9067","Transaction Capital","TCP.JO","98038600","0.124999","South Africa"
"9068","NeoVolta","NEOV","97938456","2.87","United States"
"9069","Bango","BGO.L","97746285","117.018","United Kingdom"
"9070","Prime Office A/S","PRIMOF.CO","97646502","25.8657","Denmark"
"9071","Apetit Oyj","APETIT.HE","97588197","15.719","Finland"
"9072","Edel SE &amp; Co. KGaA","EDL.DE","97547820","4.58518","Germany"
"9073","DUG Technology","DUG.AX","97526881","0.708092","Australia"
"9074","Dubai National Insurance & Reinsurance Company","DNIR.AE","97494890","0.844112","United Arab Emirates"
"9075","Prodware","ALPRO.PA","97395383","12.2574","France"
"9076","C4 Therapeutics","CCCC","97279736","1.37","United States"
"9077","Hurco Companies","HURC","97259848","15","United States"
"9078","OptiNose","OPTN","97223040","9.6","United States"
"9079","Orion Office REIT","ONL","97215104","1.73","United States"
"9080","Saudi Industrial Development Company","2130.SR","97187042","7.19904","Saudi Arabia"
"9081","Kandi Technologies Group","KNDI","97163840","1.13","China"
"9082","DHI Group","DHX","97014888","1.99","United States"
"9083","Aemetis","AMTX","96896448","1.75","United States"
"9084","Esterad Investment Company","ESTERAD.BH","96731775","0.0928382","Bahrain"
"9085","Dadelo","DAD.WA","96348933","8.25365","Poland"
"9086","Team Inc","TISI","96248416","21.42","United States"
"9087","NN, Inc.","NNBR","95849680","1.9","United States"
"9088","Gryphon Digital Mining","GRYP","95776160","1.32","United States"
"9089","Coya Therapeutics","COYA","95499752","5.71","United States"
"9090","Zomedica Pharmaceuticals","ZOM","95349136","0.0973","United States"
"9091","South Port NZ","SPN.NZ","95348475","3.63441","New Zealand"
"9092","Linz Textil","LTH.VI","95335376","317.785","Austria"
"9093","Hayah Insurance Company","HAYAH.AE","95302927","0.48","United Arab Emirates"
"9094","Ocean Power Technologies","OPTT","95183048","0.551","United States"
"9095","Aadi Bioscience","AADI","94891624","2.05","United States"
"9096","Avant Technologies Inc.","AVAI","94643800","0.689","United States"
"9097","Sawaeed Holding","SAWAEED.AE","94351307","1.85","United Arab Emirates"
"9098","Islamic Arab Insurance","SALAMA.AE","93971919","0.101838","United Arab Emirates"
"9099","Genelux","GNLX","93960152","2.49","United States"
"9100","Kamux","KAMUX.HE","93676014","2.34934","Finland"
"9101","Micro Systemation","MSAB-B.ST","93518627","5.06371","Sweden"
"9102","Monogram Orthopaedics","MGRM","93502296","2.62","United States"
"9103","Microbot Medical","MBOT","93490944","2.57","United States"
"9104","Eidesvik Offshore","EIOF.OL","93433927","1.28021","Norway"
"9105","HilleVax","HLVX","93187304","1.86","United States"
"9106","Enapter AG","H2O.DE","93112809","3.20054","Germany"
"9107","Unifi","UFI","93088752","5.07","United States"
"9108","Unibep","UNI.WA","92926537","2.83135","Poland"
"9109","Trinseo","TSE","92690776","2.6","United States"
"9110","Aker Horizons","AKH.OL","92678678","0.134249","Norway"
"9111","GoPro","GPRO","92528520","0.5873","United States"
"9112","Vocento","VOC.MC","92400472","0.767223","Spain"
"9113","Corbus Pharmaceuticals","CRBP","92265472","7.54","United States"
"9114","Ultralife Corporation","ULBI","91980496","5.53","United States"
"9115","LumenRadio","LUMEN.ST","91931164","7.30726","Sweden"
"9116","Research Solutions","RSSS","91858120","2.83","United States"
"9117","Qrf","QRF.BR","91611068","11.7467","Belgium"
"9118","Athos Immobilien","ATH.VI","91465096","52.4345","Austria"
"9119","Invivyd","IVVD","91230344","0.7605","United States"
"9120","Laiqon AG","LQAG.DE","91171536","4.31279","Germany"
"9121","Universal Electronics","UEIC","91136400","6.92","United States"
"9122","GAN","GAN","91062384","1.96","United Kingdom"
"9123","OQIC Oman Qatar Insurance Company","OQIC.OM","90892257","0.563783","Oman"
"9124","Instabank ASA","INSTA.OL","90867874","0.240225","Norway"
"9125","INNOVATE Corp.","VATE","90857088","6.84","United States"
"9126","Viomi Technology","VIOT","90716240","1.33","China"
"9127","Optomed","OPTOMED.HE","90584397","4.60788","Finland"
"9128","Norse Atlantic ASA","NORSE.OL","90444534","0.61193","Norway"
"9129","Cabaletta Bio","CABA","90322720","1.78","United States"
"9130","Wolftank-Adisa Holding","WOLF.VI","89915733","17.0242","Austria"
"9131","Coherus BioSciences","CHRS","89859664","0.7751","United States"
"9132","Drilling Tools International","DTI","89693600","2.52","United States"
"9133","Tipiak","TIPI.PA","89616844","97.5177","France"
"9134","Mayar Holding Company","9568.SR","89564907","0.746567","Saudi Arabia"
"9135","Al-Enma'a Real Estate Company","ERESCO.KW","89461838","255.215","Kuwait"
"9136","Polytec Holding","PYT.VI","89369978","4.0631","Austria"
"9137","Beerenberg","BBERG.OL","89314480","3.6351","Norway"
"9138","Purple Innovation","PRPL","89228216","0.8245","United States"
"9139","Zentalis Pharmaceuticals","ZNTL","89220360","1.24","United States"
"9140","B. Riley Financial","RILY","89204016","2.925","United States"
"9141","Development Works Food Company","6013.SR","89108119","29.7027","Saudi Arabia"
"9142","Entera Bio","ENTX","89086312","1.96","Israel"
"9143","Crossject","ALCJ.PA","89030966","1.93168","France"
"9144","Elica S.p.A.","ELC.MI","88946072","1.49813","Italy"
"9145","Tanzanian Gold Corporation","TRX","88515760","0.3114","Canada"
"9146","XXL ASA","XXL.OL","88427017","1.01033","Norway"
"9147","Planet Image International","YIBO","88365824","1.64","China"
"9148","Penneo A/S","PENNEO.CO","88300647","2.48262","Denmark"
"9149","Micropole","ALMIC.PA","88244879","3.2749","France"
"9150","Immunic","IMUX","88219176","0.9207","United States"
"9151","1stdibs.com","DIBS","88139480","2.47","United States"
"9152","Comstock Mining","LODE","88126808","3.08","United States"
"9153","Gurit Holding","GURN.SW","88112811","18.8341","Switzerland"
"9154","Nykode Therapeutics","NYKD.OL","88064334","0.269684","Norway"
"9155","MGI Digital Technology","ALMDG.PA","88049175","14.1868","France"
"9156","DATA MODUL","DAM.DE","88044444","24.9688","Germany"
"9157","Fonar Corporation","FONR","87893832","13.96","United States"
"9158","Oramed Pharmaceuticals","ORMP","87828576","2.15","United States"
"9159","Lake Shore Bancorp","LSBK","87651688","15.2195","United States"
"9160","Hily Holding","HH.AE","87569775","0.73","United Arab Emirates"
"9161","REC Silicon","RECSI.OL","87405785","0.207799","Norway"
"9162","Lantronix","LTRX","87114272","2.24","United States"
"9163","Vantiva","VANTI.PA","86919324","0.177051","France"
"9164","Haulotte Group","PIG.PA","86597889","2.93951","France"
"9165","XBiotech","XBIT","86585064","2.84","United States"
"9166","Catering International &amp; Services","ALCIS.PA","86415753","11.0998","France"
"9167","PGG Wrightson","PGW.NZ","86184538","1.13799","New Zealand"
"9168","Ascot Resources","AOT.TO","86044006","0.0579483","Canada"
"9169","Castellum","CTM","86036896","1","United States"
"9170","So-Young International","SY","85989616","0.858","China"
"9171","Fractyl Health","GUTS","85953936","1.755","United States"
"9172","COSOL Limited","COS.AX","85909926","0.472061","Australia"
"9173","I-Mab Biopharma","IMAB","85743312","1.05","China"
"9174","Scott Technology","SCT.NZ","85718818","1.04266","New Zealand"
"9175","Asian Granito India","ASIANTILES.NS","85448078","0.580513","India"
"9176","Gentian Diagnostics ASA","GENT.OL","85379056","5.53604","Norway"
"9177","Imperial Petroleum","IMPP","85349696","2.48","Greece"
"9178","Airtasker","ART.AX","85201570","0.187531","Australia"
"9179","People Can Fly","PCF.WA","85151574","2.36925","Poland"
"9180","DEMIRE Deutsche Mittelstand Real Estate","DMRE.DE","85023521","0.805811","Germany"
"9181","SBF AG","CY1K.DE","84825223","8.68233","Germany"
"9182","Exasol AG","EXL.DE","84386263","3.49563","Germany"
"9183","InterCure","INCR","84374600","1.5478","Israel"
"9184","OEX S.A.","OEX.WA","84244537","13.2621","Poland"
"9185","Odysight.ai","ODYS","84029976","5.15","Israel"
"9186","Nihon Falcom","3723.T","83900108","8.16173","Japan"
"9187","Jaypee Group","JPASSOCIAT.NS","83869960","0.0334641","India"
"9188","Anixa Biosciences","ANIX","83711936","2.6","United States"
"9189","Pattern S.p.A.","PTR.MI","83706503","5.65203","Italy"
"9190","Hydrogène de France","HDF.PA","83677957","5.72012","France"
"9191","Duos Technologies Group","DUOT","83675000","7.18","United States"
"9192","Mr.Bricolage","ALMRB.PA","83613483","8.1716","France"
"9193","Fairwood Holdings","0052.HK","83544162","0.644865","Hong Kong"
"9194","BBI Bürgerliches Brauhaus Immobilien","BBI.F","83448710","16.0478","Germany"
"9195","Owlet","OWLT","83367112","5.045","United States"
"9196","Imugene","IMU.AX","83292431","0.0109932","Australia"
"9197","Caspian Sunrise","CASP.L","83280101","3.53754","United Kingdom"
"9198","Ultimate Products","ULTP.L","83231993","98.8028","United Kingdom"
"9199","Coffee Day Enterprises","COFFEEDAY.NS","83195082","0.393819","India"
"9200","Fossil Group","FOSL","83133160","1.55","United States"
"9201","Velo3D","VLDX","83042032","0.395","United States"
"9202","Town Centre Securities","TOWN.L","82916100","193.006","United Kingdom"
"9203","Largo","LGO","82799488","1.28","Canada"
"9204","Poujoulat","ALPJT.PA","82774940","10.5323","France"
"9205","Marks Electrical Group","MRK.L","82659249","78.957","United Kingdom"
"9206","VEEM Ltd","VEE.AX","82656682","0.59816","Australia"
"9207","First Northwest Bancorp","FNWB","82634856","9.26","United States"
"9208","Shengfeng Development","SFWL","82497504","1","China"
"9209","Planet13","PLTH.CN","82487577","0.253524","United States"
"9210","iRobot","IRBT","82429576","2.65","United States"
"9211","Churchill China","CHH.L","82293137","748.269","United Kingdom"
"9212","Pliant Therapeutics","PLRX","82257648","1.34","United States"
"9213","Hennessy Advisors","HNNA","82100520","10.545","United States"
"9214","NRC Group ASA","NRC.OL","82030731","0.477484","Norway"
"9215","Bien Sparebank","BIEN.OL","81983760","14.4333","Norway"
"9216","Infant Bacterial Therapeutics AB","IBT-B.ST","81773589","6.07016","Sweden"
"9217","Quicklogic","QUIK","81555920","5.15","United States"
"9218","Ebixcash India","EBIXFOREX.NS","81507586","7.31","India"
"9219","TScan Therapeutics","TCRX","81490464","1.44","United States"
"9220","Wallbox","WBX","81453984","0.292","Spain"
"9221","NCS Multistage","NCSM","81256384","31.98","United States"
"9222","Sportsman's Warehouse","SPWH","81169280","2.12","United States"
"9223","Apex Frozen Foods","APEX.NS","81147130","2.59564","India"
"9224","Smart Sand","SND","81113272","1.84","United States"
"9225","Banader Hotels Company","BANADER.BH","81106824","0.695145","Bahrain"
"9226","Galectin Therapeutics","GALT","81013248","1.28","United States"
"9227","Gamesparcs","6542.TWO","80975140","1.92795","Taiwan"
"9228","Titanium Oyj","TITAN.HE","80893910","7.83112","Finland"
"9229","Sogeclair","ALSOG.PA","80825750","25.8767","France"
"9230","Tijara &amp; Real Estate Investment Company","TIJARA.KW","80801825","218.383","Kuwait"
"9231","Rakon Limited","RAK.NZ","80783661","0.351525","New Zealand"
"9232","Aiming Inc","3911.T","80757254","1.73001","Japan"
"9233","TH International (Tims China)","THCH","80666456","2.52","China"
"9234","Grand Twins International Cambodia","GTI.KH","80540947","2.01","Cambodia"
"9235","Silicom","SILC","80402000","14.17","Israel"
"9236","ATARI","ALATA.PA","80118416","0.166837","France"
"9237","ReneSola","SOL","80061696","1.56","United States"
"9238","IG Design Group","IGR.L","79715755","83.006","United Kingdom"
"9239","Hindustan Media Ventures","HMVL.NS","79655564","1.08353","India"
"9240","ALBA SE","ABA.F","79586725","8.08808","Germany"
"9241","Saga Communications","SGA","79557592","12.35","United States"
"9242","Senti Biosciences","SNTI","79547352","3.05","United States"
"9243","Bakkt Holdings","BKKT","79532320","11.81","United States"
"9244","Via Renewables","VIA","79523536","10.995","United States"
"9245","WISeKey International","WKEY","79511040","7.14","Switzerland"
"9246","System1 Group","SYS1.L","79408997","625.805","United Kingdom"
"9247","Alto Neuroscience","ANRO","79321256","2.93","United States"
"9248","1Spatial","SPA.L","79317941","71.2637","United Kingdom"
"9249","MacroWell OMG Digital Entertainment","3687.TWO","79311071","2.63843","Taiwan"
"9250","Global Fashion Group","GFG.DE","79290478","0.351833","Luxembourg"
"9251","Itera ASA","ITERA.OL","79165124","0.968807","Norway"
"9252","IO Biotech","IOBT","79057080","1.2","Denmark"
"9253","Encounter Resources","ENR.AX","79024347","0.158431","Australia"
"9254","Kyoto Group AS","KYOTO.OL","79014945","2.20861","Norway"
"9255","Buzzfeed","BZFD","78976656","2.05","United States"
"9256","Gigas Hosting","GIGA.MC","78940415","6.80967","Spain"
"9257","United Cooperative Assurance Company","8190.SR","78922810","1.97307","Saudi Arabia"
"9258","Guillemot Corporation","GUI.PA","78912214","5.39099","France"
"9259","ad pepper media International","APM.DE","78726002","3.58643","Germany"
"9260","High Co.","HCO.PA","78690464","3.87016","France"
"9261","Genenta Science","GNTA","78646576","4.3","Italy"
"9262","1-800-PetMeds","PETS","78494696","3.8","United States"
"9263","KAP AG","IUR.F","78460197","10.101","Germany"
"9264","Creepy Jar","CRJ.WA","78458482","112.185","Poland"
"9265","Cantourage Group SE","HIGH.DE","78390594","6.2876","Germany"
"9266","Veritone","VERI","78358968","1.73","United States"
"9267","Gulf Cement","GCEM.AE","78252930","0.19","United Arab Emirates"
"9268","Identiv","INVE","78173592","3.31","United States"
"9269","FRIWO","CEA.DE","78084213","9.07956","Germany"
"9270","CombinedX","CX.ST","77980823","4.26694","Sweden"
"9271","Smart Good Things Holding","MLSGT.PA","77955646","3.63182","France"
"9272","VITA 34","V3V.DE","77949490","4.47168","Germany"
"9273","Møns Bank","MNBA.CO","77901291","38.9506","Denmark"
"9274","Synchronoss","SNCR","77841456","6.77","United States"
"9275","Aerovate Therapeutics","AVTE","77679800","2.68","United States"
"9276","Naked Wines","WINE.L","77558591","104.998","United Kingdom"
"9277","Troops","TROO","77406880","0.688","Hong Kong"
"9278","Intellicheck","IDN","77393944","3.9","United States"
"9279","Genasys","GNSS","77214200","1.71","United States"
"9280","Steel Connect","STCN","77168096","12.18","United States"
"9281","Nilörngruppen","NIL-B.ST","77101439","6.7621","Sweden"
"9282","Sensus Healthcare","SRTS","76962600","4.68","United States"
"9283","SRP Groupe (Showroomprive.com)","SRP.PA","76883042","0.646919","France"
"9284","Quipt Home Medical","QIPT","76775472","1.75","United States"
"9285","Schwälbchen Molkerei","SMB.F","76627852","59.0171","Germany"
"9286","Adagene","ADAG","76553104","1.625","China"
"9287","CBAK Energy","CBAT","76448744","0.85","China"
"9288","Sutro Biopharma","STRO","76234856","0.9026","United States"
"9289","Aura Energy","AURA.L","76147624","8.11839","Australia"
"9290","Al Fujairah National Insurance Company","AFNIC.AE","76119281","57.19","United Arab Emirates"
"9291","Geospace Technologies","GEOS","76073584","5.94","United States"
"9292","Elevate Uranium","EL8.AX","76055432","0.197231","Australia"
"9293","Skycorp Solar Group","PN","75870000","2.81","China"
"9294","Milestone Scientific","MLSS","75840464","0.9664","United States"
"9295","LiveOne","LVO","75768856","0.7885","United States"
"9296","stem","STEM","75693352","0.455","United States"
"9297","Heritage Global","HGBL","75488928","2.14","United States"
"9298","Taageer Finance","TFCI.OM","75446127","0.2702","Oman"
"9299","Alligator Energy","AGE.AX","75146953","0.0193998","Australia"
"9300","Lazydays Holdings","LAZY","75106032","5.34","United States"
"9301","InfraCom Group AB","INFRA.ST","75000645","2.15968","Sweden"
"9302","Laird Superfood","LSF","74834184","7.08","United States"
"9303","Rottneros","RROS.ST","74778750","0.490121","Sweden"
"9304","Daldrup &amp; Söhne","4DS.DE","74737705","12.4844","Germany"
"9305","Steel &amp; Tube Holdings","STU.NZ","74408217","0.405148","New Zealand"
"9306","Pyxis Oncology","PYXS","74337240","1.2","United States"
"9307","Milestone Pharmaceuticals","MIST","74315376","1.39","Canada"
"9308","Marchex","MCHX","74193872","1.69","United States"
"9309","Inovio Pharmaceuticals","INO","74082288","2.02","United States"
"9310","Zoomd Technologies","ZOMD.V","73996697","0.746085","Canada"
"9311","National Hotels Company (Bahrain)","NHOTEL.BH","73987401","0.596817","Bahrain"
"9312","Miko Group","MIKO.BR","73863126","59.4711","Belgium"
"9313","Altisource Portfolio","ASPS","73830080","0.83","Luxembourg"
"9314","Hycroft Mining","HYMC","73701032","2.95","United States"
"9315","ESSA Pharma","EPIX","73685072","1.66","Canada"
"9316","The Pebble Group plc","PEBB.L","73654965","45.8895","United Kingdom"
"9317","Takaful Emarat - Insurance","TAKAFUL-EM.AE","73419894","0.348536","United Arab Emirates"
"9318","CervoMed","CRVO","73276904","8.42","United States"
"9319","Hoffmann Green Cement Technologies","ALHGR.PA","73272646","4.95403","France"
"9320","Gogoro","GGR","73247544","0.248","Taiwan"
"9321","Jasper Therapeutics","JSPR","73157624","4.87","United States"
"9322","Oman Reinsurance","ORIC.OM","73047353","0.220837","Oman"
"9323","inTEST Corporation","INTT","72957952","5.84","United States"
"9324","AMCON Distributing Company","DIT","72775840","112.75","United States"
"9325","Nordwest Handel","NWX.F","72749972","22.6989","Germany"
"9326","Adaptimmune Therapeutics","ADAP","72730264","0.2744","United Kingdom"
"9327","RumbleOn","RMBL","72689280","1.92","United States"
"9328","N.B.I. Industrial Finance","NBIFIN.NS","72614448","29.5564","India"
"9329","Inotiv","NOTV","72484824","2.11","United States"
"9330","Duluth Holdings","DLTH","72426424","1.98","United States"
"9331","Blink Charging","BLNK","72353856","0.7044","United States"
"9332","SergeFerrari Group","SEFER.PA","72327958","6.31029","France"
"9333","IGM Biosciences","IGMS","72138120","1.2","United States"
"9334","Lifetime Brands","LCUT","71948944","3.21","United States"
"9335","BHM Capital Financial Services","BHMCAPITAL.AE","71885641","0.359428","United Arab Emirates"
"9336","Veru","VERU","71796848","0.4898","United States"
"9337","PDS Biotechnology","PDSB","71764704","1.57","United States"
"9338","Forsys Metals","FSY.TO","71724931","0.340447","Canada"
"9339","Teract S.A.","TRACT.PA","71707325","0.978323","France"
"9340","Oconee Federal Financial","OFED","71637296","12.27","United States"
"9341","AXT Inc","AXTI","71597808","1.57","United States"
"9342","Origin Materials","ORGN","71583736","0.4774","United States"
"9343","illumin","ILLM.TO","71534449","1.38352","Canada"
"9344","AFYREN","ALAFY.PA","71388492","2.61037","France"
"9345","mwb fairtrade AG","MWB0.DE","71318152","9.59029","Germany"
"9346","Wrap Technologies","WRAP","71313848","1.41","United States"
"9347","Dr. Hönle AG","HNL.DE","71206614","11.7467","Germany"
"9348","McPhy Energy","MCPHY.PA","71172382","2.53774","France"
"9349","WASGAU Produktions &amp; Handels AG","MSH.F","71161049","10.782","Germany"
"9350","24SevenOffice","247.ST","71108831","1.04629","Sweden"
"9351","Cullman Bancorp","CULL","71024120","10.49","United States"
"9352","Alto Ingredients","ALTO","70879792","0.918","United States"
"9353","cyan AG","CYR.DE","70858268","3.26864","Germany"
"9354","Sera Prognostics","SERA","70824864","1.88","United States"
"9355","Live Ventures","LIVE","70797168","23.01","United States"
"9356","Tenaya Therapeutics","TNYA","70743880","0.4349","United States"
"9357","Atlas Lithium","ATLX","70635312","3.96","United States"
"9358","Mega Uranium","MGA.TO","70622840","0.188332","Canada"
"9359","Orient Paper Mills","ORIENTPPR.NS","70556607","0.33241","India"
"9360","ORBIS AG","OBS.DE","70395665","7.43389","Germany"
"9361","Scandinavian Enviro Systems","SES.ST","70154010","0.0849194","Sweden"
"9362","VistaGen Therapeutics","VTGN","70134904","2.43","United States"
"9363","Elutia","ELUT","69896688","1.7","United States"
"9364","InspireMD","NSPR","69848480","2.28","Israel"
"9365","Spencer's Retail","SPENCERS.NS","69790567","0.772139","India"
"9366","ACTIA Group","ALATI.PA","69752369","3.42753","France"
"9367","United Fidelity Insurance Company","FIDELITYUNITED.AE","69716776","0.44","United Arab Emirates"
"9368","ICC Holdings","ICCH","69594760","23.49","United States"
"9369","Zynex","ZYXI","69549472","2.3","United States"
"9370","Icape Holding","ALICA.PA","69535099","8.80717","France"
"9371","HiPay Group","ALHYP.PA","69508905","10.9863","France"
"9372","Infas Holding AG","IFS.F","69458631","7.71763","Germany"
"9373","Northern Technologies International","NTIC","69352320","7.32","United States"
"9374","Pulsar Group","PULS.L","69114057","54.1226","United Kingdom"
"9375","DocCheck","AJ91.DE","69102077","13.6193","Germany"
"9376","Scana ASA","SCANA.OL","68948228","0.149275","Norway"
"9377","Gold Hydrogen Limited","GHY.AX","68176419","0.420328","Australia"
"9378","authID","AUID","68159560","5.07","United States"
"9379","Tidewater Renewables","LCFS.TO","68044614","1.86883","Canada"
"9380","Assertio Therapeutics","ASRT","68033040","0.7103","United States"
"9381","Scherzer &amp; Co. AG","PZS.DE","67904120","2.49688","Germany"
"9382","Babcock &amp; Wilcox","BW","67898760","0.69","United States"
"9383","Summit State Bank","SSBI","67765600","10","United States"
"9384","BeyondSpring","BYSI","67731384","1.68","United States"
"9385","MediciNova","MNOV","67683752","1.38","United States"
"9386","Armata Pharmaceuticals","ARMP","67681848","1.87","United States"
"9387","Nova Minerals","NVA","67651880","12.39","Australia"
"9388","Rane Brake Lining","RBL.NS","67631601","8.74938","India"
"9389","Vivani Medical","VANI","67538048","1.14","United States"
"9390","111, Inc.","YI","67519360","7.79","China"
"9391","Sharjah Insurance","SICO.AE","67401961","0.45","United Arab Emirates"
"9392","Senzime AB","SEZI.ST","67316561","0.505323","Sweden"
"9393","EDAP TMS","EDAP","67305776","1.8","France"
"9394","Clearside Biomedical","CLSD","67264472","0.8656","United States"
"9395","Immix Biopharma","IMMX","67184296","2.41","United States"
"9396","LivePerson","LPSN","66821060","0.712","United States"
"9397","Creo Medical Group","CREO.L","66805361","16.1963","United Kingdom"
"9398","Adlai Nortye","ANL","66693600","1.8074","Cayman Islands"
"9399","Shoe Zone","SHOE.L","66644737","127.006","United Kingdom"
"9400","BioLargo","BLGO","66625016","0.22","United States"
"9401","Territorial Bancorp","TBNK","66370192","8.33","United States"
"9402","Imagineer","4644.T","66318106","6.88515","Japan"
"9403","AGBA Group","AGBA","66243100","1.4","Hong Kong"
"9404","Paref SA","PAR.PA","66214836","43.5819","France"
"9405","Raydan Food","6012.SR","66091796","4.18078","Saudi Arabia"
"9406","Delfingen Industry","ALDEL.PA","65941537","25.3093","France"
"9407","Duro Felguera","MDF.MC","65938413","0.306435","Spain"
"9408","Upland Software","UPLD","65798732","2.31","United States"
"9409","Nacon","NACON.PA","65750117","0.578822","France"
"9410","Railcare Group AB","RAIL.ST","65631458","2.72056","Sweden"
"9411","TC Bancshares","TCBC","65617836","15.7","United States"
"9412","Zenvia","ZENV","65549124","1.25","Brazil"
"9413","Telomir Pharmaceuticals","TELO","65477940","2.2","United States"
"9414","GrowGeneration","GRWG","65445380","1.1","United States"
"9415","Canacol Energy","CNE.TO","65247512","1.9123","Canada"
"9416","Saudi Enaya Cooperative Insurance Company","8311.SR","65107837","2.56766","Saudi Arabia"
"9417","Erayak Power Solution","RAYA","64851876","1.4401","China"
"9418","Akoya Biosciences","AKYA","64838016","1.3","United States"
"9419","Agile Content","AGIL.MC","64768222","2.81466","Spain"
"9420","Hydrogen-Refueling-Solutions","ALHRS.PA","64673295","4.21632","France"
"9421","Nexstim","NXTMH.HE","64567822","8.98876","Finland"
"9422","Unikai Foods","UNIKAI.AE","64514662","1.66099","United Arab Emirates"
"9423","SurgePays","SURG","64500656","3.16","United States"
"9424","Zura Bio","ZURA","64349996","1.04","United States"
"9425","Jushi Holdings","JUSHF","64319916","0.327","United States"
"9426","Comtech Telecommunications","CMTL","64269056","2.19","United States"
"9427","Skye Bioscience","SKYE","64137704","2.07","United States"
"9428","S.S. Lazio","SSL.MI","64118575","0.944274","Italy"
"9429","Peninsula Energy","PEN.AX","64002638","0.400929","Australia"
"9430","Forian","FORA","63964712","2.05","United States"
"9431","Inuvo","INUV","63601144","0.4409","United States"
"9432","Bever Holding","BEVER.AS","63486673","3.60913","Netherlands"
"9433","Qatar Electronic Systems","TQES.QA","63467855","0.751099","Qatar"
"9434","Ascend Wellness (AWH)","AAWH","63377020","0.31","United States"
"9435","CGRE AG","LKB.DE","63329928","10.555","Germany"
"9436","Context Therapeutics","CNTX","63277340","0.7054","United States"
"9437","Global Self Storage","SELF","63154888","5.57","United States"
"9438","Phunware","PHUN","63134292","3.13","United States"
"9439","audius SE","3ITN.DE","63107634","12.8249","Germany"
"9440","Affluent Medical SA","AFME.PA","62972698","1.56622","France"
"9441","LUDWIG BECK am Rathauseck - Textilhaus Feldmeier","ECK.DE","62904324","17.0242","Germany"
"9442","Apyx Medical","APYX","62737872","1.66","United States"
"9443","3U Holding","UUU.DE","62676200","1.70242","Germany"
"9444","Osoul Investment Company","OSOUL.KW","62636089","495.437","Kuwait"
"9445","NSTS Bancorp","NSTS","62449176","11.9","United States"
"9446","OKYO Pharma","OKYO","62443344","1.84","United Kingdom"
"9447","Nectar Lifesciences","NECLIFE.NS","62433695","0.278397","India"
"9448","Metagenomi","MGX","62427104","1.67","United States"
"9449","Sequana Medical","SEQUA.BR","62398161","1.1009","Belgium"
"9450","Acumen Pharmaceuticals","ABOS","62390600","1.03","United States"
"9451","Fernheizwerk Neukölln","FHW.F","62126887","27.0117","Germany"
"9452","Nankai Tatsumura Construction","1850.T","61937754","2.14856","Japan"
"9453","SolarBank","SUUN","61913456","1.76","Canada"
"9454","Caesarstone","CSTE","61854880","1.79","Israel"
"9455","Nano Labs","NA","61738572","3.7","China"
"9456","Doxa AB","DOXA.ST","61658799","0.0479637","Sweden"
"9457","BILDCO (Abu Dhabi National Building Materials Co.)","BILDCO.AE","61266167","0.2","United Arab Emirates"
"9458","Acanthe Développement","ACAN.PA","61180039","0.369992","France"
"9459","CDON AB","CDON.ST","61091670","5.68226","Sweden"
"9460","Century Casinos","CNTY","61058376","1.99","United States"
"9461","Artnet AG","ART.DE","60875106","10.6685","Germany"
"9462","PyroGenesis Canada","PYR.TO","60593213","0.324575","Canada"
"9463","Syntec Optics","OPTX","60168812","1.64","United States"
"9464","Tigo Energy","TYGO","60155812","0.97","United States"
"9465","Fury Gold Mines","FURY","60138372","0.375","Canada"
"9466","Cabka","7GW.F","60108660","2.1564","Germany"
"9467","enVVeno Medical Corporation","NVNO","59973120","3.42","United States"
"9468","OT Logistics","OTS.WA","59969396","4.57824","Poland"
"9469","P3 Health Partners","PIII","59908832","0.1516","United States"
"9470","Qatar Oman Investment Company","QOIS.QA","59798075","0.189835","Qatar"
"9471","First Investment Company K.S.C.P.","ALOLA.KW","59744909","133.963","Kuwait"
"9472","Vera Bradley","VRA","59744736","2.14","United States"
"9473","GCT Semiconductor","GCTS","59674972","1.07","United States"
"9474","Celularity","CELU","59633508","2.49","United States"
"9475","Dialight plc","DIA.L","59532138","148.792","United Kingdom"
"9476","Adicet Bio","ACET","59443388","0.7187","United States"
"9477","Sono-Tek Corporation","SOTK","59382024","3.77","United States"
"9478","iLearningEngines","AILE","59292656","0.42","United States"
"9479","Amtech Systems","ASYS","59116820","4.13","United States"
"9480","YOC AG","YOC.DE","58789640","16.9107","Germany"
"9481","Serina Therapeutics","SER","58707868","5.89","United States"
"9482","Great Elm Group","GEG","58395644","2.09","United States"
"9483","TPI Composites","TPIC","58380004","1.2","United States"
"9484","PEDEVCO","PED","58174064","0.6369","United States"
"9485","Metal and Recycling Company K.S.C.","MRC.KW","58140554","645.372","Kuwait"
"9486","Manhattan Bridge Capital","LOAN","58051400","5.075","United States"
"9487","Applied Therapeutics","APLT","58046160","0.41","United States"
"9488","Varta","VAR1.F","57978590","1.35967","Germany"
"9489","Estoril Sol","ESON.LS","57956091","4.85756","Portugal"
"9490","Dlala Brokerage and Investment Holding Company","DBIS.QA","57952971","0.304396","Qatar"
"9491","FORTEC Elektronik AG","FEV.DE","57733951","17.7619","Germany"
"9492","Balco Group","BALCO.ST","57683972","2.50565","Sweden"
"9493","Raysut Cement","RCCI.OM","57677319","0.288387","Oman"
"9494","coly","4175.T","57656923","10.4777","Japan"
"9495","Renovaro Biosciences","RENB","57384480","0.3334","United States"
"9496","TELA Bio","TELA","57354752","1.45","United States"
"9497","Verrica Pharmaceuticals","VRCA","57344420","0.62","United States"
"9498","Alarum Technologies","ALAR","57330400","7.77","Israel"
"9499","VirTra","VTSI","57321544","5.09","United States"
"9500","Groupe Berkem","ALKEM.PA","57095719","3.24336","France"
"9501","freelancer.com","FLN.AX","56859710","0.126099","Australia"
"9502","Repare Therapeutics","RPTX","56616652","1.32","Canada"
"9503","INMA Holding Company","IHGS.QA","56589125","0.999176","Qatar"
"9504","Lion Electric","LEV","56554500","0.25","Canada"
"9505","SYLA Technologies","SYT","56431428","2.12","Japan"
"9506","American Resources Corp","AREC","56350908","0.6999","United States"
"9507","Cato Fashion","CATO","56270056","2.84","United States"
"9508","Destination XL","DXLG","56201144","1.05","United States"
"9509","Semilux International","SELX","56187512","1.5012","Taiwan"
"9510","Grupa Kapitałowa Immobile","GKI.WA","56054520","0.747903","Poland"
"9511","Oman Chlorine","OCHL.OM","55735652","0.779423","Oman"
"9512","Rapala VMC Corporation","RAP1V.HE","55594012","1.43003","Finland"
"9513","Ikena Oncology","IKNA","55496812","1.15","United States"
"9514","Oman United Insurance","OUIC.OM","55339049","0.553391","Oman"
"9515","Mister Spex","MRX.F","55302744","1.62297","Germany"
"9516","Kuwait and Gulf Link Transport Company","KGL.KW","55116108","200.13","Kuwait"
"9517","Fun Yours Technology","6482.TWO","55076090","2.30821","Taiwan"
"9518","One Stop Systems","OSS","55052460","2.55","United States"
"9519","Outlook Therapeutics","OTLK","55051520","1.64","United States"
"9520","M2i Formation","ALMII.PA","54705722","9.53354","France"
"9521","Koss","KOSS","54660912","5.83","United States"
"9522","Moulinvest","ALMOU.PA","54615730","17.4782","France"
"9523","Regis Corporation","RGS","54346712","22.31","United States"
"9524","Allied Esports","AESE","54324936","1.3899","United States"
"9525","Red Robin","RRGB","54271852","3.06","United States"
"9526","MAIA Biotechnology","MAIA","54250064","1.79","United States"
"9527","Allbirds","BIRD","54227580","6.73","United States"
"9528","Union Insurance Company","UNION.AE","54061779","0.16","United Arab Emirates"
"9529","Gulf General Cooperative Insurance Company","8260.SR","53992801","1.79976","Saudi Arabia"
"9530","MS Industrie","MSAG.DE","53741160","1.79321","Germany"
"9531","Shimmick","SHIM","53698008","1.56","United States"
"9532","HeartBeam","BEAT","53583780","1.585","United States"
"9533","BRAIN Biotech","BNN.DE","53558733","2.45148","Germany"
"9534","Coheris SA","COH.PA","53429350","9.39734","France"
"9535","Natural Health Trends","NHTC","53305656","4.63","United States"
"9536","Cue Biopharma","CUE","53279916","0.7071","United States"
"9537","VolitionRx","VNRX","53252588","0.5169","United States"
"9538","Cytosorbents","CTSO","53156228","0.849","United States"
"9539","Actinium Pharmaceuticals","ATNM","53033032","1.7","United States"
"9540","Regal Hotels International","0078.HK","52795648","0.0587402","Hong Kong"
"9541","Courtside Group (PodcastOne)","PODC","52780576","2.12","United States"
"9542","Where Food Comes From","WFCF","52439772","10.0606","United States"
"9543","ecotel communication","E4C.DE","52302172","14.8678","Germany"
"9544","Mirza International","MIRZAINT.NS","52219672","0.37785","India"
"9545","Immuneering","IMRX","52179268","1.45","United States"
"9546","Biodesix","BDSX","52161772","0.3559","United States"
"9547","Ateme SA","ATEME.PA","52063557","4.53978","France"
"9548","Artifex Mundi","ART.WA","52011026","4.37523","Poland"
"9549","Interlink Electronics","LINK","51787104","5.25","United States"
"9550","Culp","CULP","51492308","4.1","United States"
"9551","Groupe LDLC","ALLDL.PA","51470289","8.2624","France"
"9552","Precision BioSciences","DTIL","51449248","4.64","United States"
"9553","Pestech Cambodia","PEPC.KH","51427248","0.69","Cambodia"
"9554","Northann Corp","NCL","51304572","0.925","United States"
"9555","Al Faleh Educational Holding","FALH.QA","51230769","0.213462","Qatar"
"9556","Terran Orbital","LLAP","51215500","0.25","United States"
"9557","SolarMax Technology","SMXT","51200212","1.08","United States"
"9558","Gabriel Holding A/S","GABR.CO","51186625","27.0829","Denmark"
"9559","Fortress Biotech","FBIO","51155928","1.73","United States"
"9560","Westport Fuel Systems","WPRT","51002872","2.9436","Canada"
"9561","Spirit Airlines","SAVEQ","50929124","0.465","United States"
"9562","vTv Therapeutics","VTVT","50904932","19.45","United States"
"9563","Tessellis","TSL.MI","50878239","0.166383","Italy"
"9564","Cloudastructure","CSAI","50834880","3.04","United States"
"9565","Prelude Therapeutics","PRLD","50820096","0.9001","United States"
"9566","Singular Genomics Systems","OMIC","50765772","20.01","United States"
"9567","uCloudlink Group","UCL","50427684","1.34","Hong Kong"
"9568","Yatra","YTRA","50404836","0.814","India"
"9569","BBX Capital Corporation","BBXIA","50344148","3.69","United States"
"9570","3i Infotech","3IINFOLTD.NS","50332111","0.296362","India"
"9571","Rafael Holdings","RFL","50278860","1.35","United States"
"9572","Solitario Zinc","XPL","50096140","0.606","United States"
"9573","Reliance Communications","RCOM.NS","49944666","0.0181998","India"
"9574","IZEA Worldwide","IZEA","49931996","2.95","United States"
"9575","Air T","AIRT","49884332","18.3","United States"
"9576","Werewolf Therapeutics","HOWL","49809696","1.11","United States"
"9577","Quince Therapeutics","QNCX","49560992","1.09","United States"
"9578","Automated Systems Company KPSC","ASC.KW","49543677","495.437","Kuwait"
"9579","BG Staffing","BGSF","49433712","4.45","United States"
"9580","Qatari German Company for Medical Devices","QGMD.QA","49214422","0.426099","Qatar"
"9581","Gentili Mosconi","GM.MI","49165815","2.58767","Italy"
"9582","IT Link SA","ALITL.PA","49155097","28.8276","France"
"9583","OpGen","OPGN","49132328","4.88","United States"
"9584","CarParts.com","PRTS","48893872","0.8361","United States"
"9585","bluebird bio","BLUE","48864372","4.99","United States"
"9586","Silver One Resources","SVE.V","48693445","0.181089","Canada"
"9587","Mersana Therapeutics","MRSN","48606088","0.39","United States"
"9588","LanzaTech Global","LNZA","48527076","0.2092","United States"
"9589","SMT Scharf AG","S4AA.DE","48409298","8.84676","Germany"
"9590","Surf Air Mobility","SRFM","48402336","2.51","United States"
"9591","Atara Biotherapeutics","ATRA","48316932","7.11","United States"
"9592","Grove Collaborative","GROV","48305760","1.2","United States"
"9593","Artiva Biotherapeutics","ARTV","48238940","1.98","United States"
"9594","Hinduja Ventures","NXTDIGITAL.NS","48138727","1.43","India"
"9595","PepGen","PEPG","48099724","1.47","United States"
"9596","Shattuck Labs","STTK","47899200","1","United States"
"9597","Quest Resource Holding","QRHC","47670544","2.31","United States"
"9598","Airgain","AIRG","47530224","4.03","United States"
"9599","Francotyp-Postalia Holding AG","FPH.DE","47522474","3.04165","Germany"
"9600","Mural Oncology","MURA","47489476","2.75","Ireland"
"9601","TOP Financial Group Limited","TOP","47416960","1.28","Hong Kong"
"9602","PermRock Royalty Trust","PRT","47324576","3.89","United States"
"9603","Logan Ridge Finance","LRFC","47037228","17.71","United States"
"9604","Kayak Inc","3904.T","46858392","2.90892","Japan"
"9605","Berentzen-Gruppe","BEZ.DE","46803196","4.98241","Germany"
"9606","PMV Pharmaceuticals","PMVP","46757428","0.9","United States"
"9607","Sýn hf.","SYN.IC","46744597","0.188753","Iceland"
"9608","Meyer Burger Technology","MBTN.SW","46720940","1.47671","Switzerland"
"9609","Loop Industries","LOOP","46667896","0.98","Canada"
"9610","Adverum Biotechnologies","ADVM","46586260","2.23","United States"
"9611","NRx Pharmaceuticals","NRXP","46507948","2.69","United States"
"9612","Xilio Therapeutics","XLO","46448724","0.897","United States"
"9613","Netel Holding","NETEL.ST","46383642","0.956129","Sweden"
"9614","Mobile Factory","3912.T","46335791","6.33406","Japan"
"9615","Sequans Communications","SQNS","46205252","1.82","France"
"9616","Prodways Group","PWG.PA","45975113","0.882987","France"
"9617","Aquaporin","AQP.CO","45832426","1.97035","Denmark"
"9618","edding AG","EDD3.F","45798515","42.6739","Germany"
"9619","Feiyu Technology International Company","1022.HK","45796274","0.0261777","China"
"9620","Commercial Vehicle Group (CVG)","CVGI","45719256","1.32","United States"
"9621","Aileron Therapeutics","ALRN","45715048","2.11","United States"
"9622","Wiener Privatbank","WPB.VI","45439927","9.07956","Austria"
"9623","Primech Holdings","PMEC","45333236","1.18","Singapore"
"9624","Swiss Steel","STLN.SW","45261901","1.47066","Switzerland"
"9625","OSOS Holding Group Company K.P.S.C.","OSOS.KW","45203390","413.95","Kuwait"
"9626","Western Bulk","WEST.OL","45200591","1.34447","Norway"
"9627","Nicholas Financial","NICK","45187000","6.19","United States"
"9628","Reading International","RDI","45115516","1.35","United States"
"9629","Kuwait Hotels Company K.S.C.P.","KHOT.KW","45065707","798.566","Kuwait"
"9630","Hyperfine","HYPR","44983620","0.5779","United States"
"9631","Proximar Seafood","PROXI.OL","44975752","0.316345","Norway"
"9632","Swvl Holdings","SWVL","44939280","4.54","United Arab Emirates"
"9633","Mashaer Holding Company K.S.C.P.","MASHAER.KW","44912148","279.987","Kuwait"
"9634","Hunyvers","ALHUN.PA","44729738","11.5764","France"
"9635","MediaCo Holding","MDIA","44641300","0.9569","United States"
"9636","SHW Group","SW10.HM","44558938","6.92316","Germany"
"9637","SGT German Private Equity","GAI.DE","44404749","0.959028","Germany"
"9638","Müller - Die lila Logistik","MLL.DE","44243759","5.56123","Germany"
"9639","Hour Loop","HOUR","43950248","1.25","United States"
"9640","Alcadon Group AB","ALCA.ST","43941906","1.79274","Sweden"
"9641","Mesa Air","MESA","43814460","1.06","United States"
"9642","374Water","SCWO","43607460","0.3014","United States"
"9643","Orapi SA","ORAP.PA","43596174","6.69206","France"
"9644","Captor Therapeutics","CTX.WA","43592004","9.34879","Poland"
"9645","Dierig Holding AG","DIE.DE","43541015","10.6117","Germany"
"9646","Sachem Capital","SACH","43525292","0.92","United States"
"9647","iomart Group","IOM.L","43319391","38.4446","United Kingdom"
"9648","Lee Enterprises","LEE","43291616","6.96","United States"
"9649","GORE German Office Real Estate","GAG.DE","43246897","0.842199","Germany"
"9650","OS Therapies","OSTX","42989480","1.53","United States"
"9651","Rein Therapeutics","RNTX","42978180","1.94","United States"
"9652","Otovo ASA","OTOVO.OL","42940845","0.153625","Norway"
"9653","Urban One","UONE","42847436","1.72","United States"
"9654","Ideal Power","IPWR","42785652","5.125","United States"
"9655","Gala Incorporated","4777.T","42618366","1.52073","Japan"
"9656","Agrify","AGFY","42617260","21.8325","United States"
"9657","CISO Global (Cerberus Cyber Sentinel)","CISO","42617192","1.33","United States"
"9658","FAT Brands","FAT","42392208","2.36","United States"
"9659","GBK Beteiligungen AG","GBQ.HM","42134831","6.2422","Germany"
"9660","Beamr Imaging","BMR","42055948","2.71","Israel"
"9661","Stronghold Digital Mining","SDIG","42030292","2.81","United States"
"9662","CROOZ","2138.T","41981248","4.3878","Japan"
"9663","Kronos Bio","KRON","41946812","0.688","United States"
"9664","RAPCO Investment","RAPCO.AE","41919137","0.44","United Arab Emirates"
"9665","Mentice AB","MNTC.ST","41817367","1.63548","Sweden"
"9666","Delticom AG","DEX.DE","41577074","2.80331","Germany"
"9667","Forsee Power","FORSE.PA","41400014","0.567472","France"
"9668","Adler Group","ADJ.DE","41300919","0.272387","Luxembourg"
"9669","Qatar Cinema and Film Distribution Company","QCFS.QA","41239319","0.656593","Qatar"
"9670","AXIL Brands","AXIL","41229068","6.2","United States"
"9671","RATH Aktiengesellschaft","RAT.VI","40858018","27.2387","Austria"
"9672","Home Federal Bancorp (HFB Bank)","HFBL","40845700","13.08","United States"
"9673","Katapult Holdings","KPLT","40838128","9","United States"
"9674","Grace Therapeutics","GRCE","40738644","2.9697","United States"
"9675","Muscat Finance","MFCI.OM","40697487","0.132502","Oman"
"9676","Techstep ASA","TECH.OL","40646773","1.18135","Norway"
"9677","Vicarious Surgical","RBOT","40635296","6.85","United States"
"9678","CAVE Interactive","3760.T","40578574","6.73168","Japan"
"9679","Annovis Bio","ANVS","40531296","2.08","United States"
"9680","CAMP4 Therapeutics","CAMP","40414388","2.005","United States"
"9681","Mobix Labs","MOBX","40302132","0.756","United States"
"9682","Karyopharm Therapeutics","KPTI","40089136","4.64","United States"
"9683","KPS AG","KSC.DE","40074375","0.973783","Germany"
"9684","KLab","3656.T","40039497","0.802221","Japan"
"9685","Broadwind","BWEN","39702424","1.75","United States"
"9686","KORE","KORE","39639832","2.31","United States"
"9687","Energys Group","ENGS","39472500","2.77","United Kingdom"
"9688","Cliq Digital AG","CLIQ.DE","39322660","6.70752","Germany"
"9689","SHL Telemedicine","SHLT","39255860","2.05","Israel"
"9690","Aeria","3758.T","39040706","1.86952","Japan"
"9691","Spero Therapeutics","SPRO","39025600","0.698","United States"
"9692","Rave Restaurant Group","RAVE","38939784","2.74","United States"
"9693","Senergy Holding Company K.S.C.P.","SENERGY.KW","38928866","194.915","Kuwait"
"9694","Phnom Penh SEZ","PPSP.KH","38880541","0.54","Cambodia"
"9695","Cryo-Cell","CCEL","38794368","4.8","United States"
"9696","Kartoon Studios","TOON","38760692","0.811","United States"
"9697","TENDA","4198.T","38577951","5.85273","Japan"
"9698","Rani Therapeutics","RANI","38110744","0.6481","United States"
"9699","IBU-tec advanced materials AG","IBU.DE","38060379","8.01271","Germany"
"9700","System1","SST","38031636","0.4051","United States"
"9701","Radio City","RADIOCITY.NS","37951346","0.109786","India"
"9702","LACROIX Group SA","LACR.PA","37924413","7.94461","France"
"9703","Usio","USIO","37780376","1.42","United States"
"9704","the Marygold Companies","MGLD","37714952","0.875","United States"
"9705","VivoPower","VVPR","37663868","4.93","United Kingdom"
"9706","Hvidbjerg Bank","HVID.CO","37578555","22.3662","Denmark"
"9707","Lumos Pharma","LUMO","37535012","4.34","United States"
"9708","TransAct Technologies","TACT","37500204","3.72","United States"
"9709","Netgem","ALNTG.PA","37474194","1.06912","France"
"9710","Xiao-I","AIXI","37439364","3.55","China"
"9711","TechPrecision","TPCS","37251952","3.82","United States"
"9712","electroCore","ECOR","37251512","5.02","United States"
"9713","Iterum Therapeutics","ITRM","37244000","0.9311","Ireland"
"9714","PlaySide Studios","PLY.AX","37166211","0.0905323","Australia"
"9715","DATRON AG","DAR.DE","37065636","9.3633","Germany"
"9716","Scienjoy","SJ","37059600","0.8823","China"
"9717","Barfresh Food Group","BRFH","36934400","2.32","United States"
"9718","Zepp Health","ZEPP","36638656","2.55","China"
"9719","Westwater Resources","WWR","36546328","0.4783","United States"
"9720","Hoftex Group AG","NBH.MU","36459335","6.69618","Germany"
"9721","Aram Group","ARAM.AE","36304510","0.46","United Arab Emirates"
"9722","Laser Photonics","LASE","36277296","2.54","United States"
"9723","Orosur Mining","OMI.V","36220378","0.115897","Canada"
"9724","Lantern Pharma","LTRN","36128744","3.35","United States"
"9725","Moolec Science","MLEC","36083340","9.02","Luxembourg"
"9726","Acrivon Therapeutics","ACRV","36058708","1.15","United States"
"9727","Softing AG","SYT.DE","36049048","3.63182","Germany"
"9728","Ashford Hospitality Trust","AHT","35962500","6","United States"
"9729","AN2 Therapeutics","ANTX","35909084","1.19","United States"
"9730","CyberStep","3810.T","35902038","2.05787","Japan"
"9731","Lucas GC","LGCL","35791984","0.4504","China"
"9732","Oncolytics Biotech","ONCY","35697640","0.4019","Canada"
"9733","Snail Inc","SNAL","35680496","0.9588","China"
"9734","Plutus Financial Group","PLUT","35625000","2.5","United States"
"9735","Nauticus Robotics","KITT","35621116","0.955","United States"
"9736","Asiasoft","AS.BK","35583812","0.071275","Thailand"
"9737","Toro Corp.","TORO","35514656","1.86","Cyprus"
"9738","Eco Wave Power Global","WAVE","35342468","6.05","Israel"
"9739","Noodles &amp; Company","NDLS","35321440","0.7688","United States"
"9740","MedAdvisor Limited","MDR.AX","35149990","0.0562593","Australia"
"9741","DIRTT Environmental Solutions","DRTT","35057372","0.3343","Canada"
"9742","Vivakor","VIVK","35036424","0.786","United States"
"9743","Boundless Bio","BOLD","34921536","1.56","United States"
"9744","Bear Creek Mining","BCM.V","34919828","0.119518","Canada"
"9745","Burning Rock Biotech","BNR","34776120","3.23","China"
"9746","Fluent","FLNT","34741280","1.6829","United States"
"9747","Wolford","WOL.VI","34740320","3.63182","Austria"
"9748","Asetek","ASTK.CO","34725075","0.109549","Denmark"
"9749","Duxton Farms","DBF.AX","34705756","0.840657","Australia"
"9750","WiMi Hologram Cloud","WIMI","34667424","3.53","China"
"9751","Touax SCA","TOUP.PA","34664635","4.97106","France"
"9752","Natuzzi","NTZ","34585844","3.14","Italy"
"9753","LianBio","LIAN","34472096","0.319","United States"
"9754","Spruce Power","SPRU","34227072","1.92","United States"
"9755","Infinities Tech (Jiu Zun Digital)","1961.HK","34225061","0.046609","China"
"9756","Rockwell Medical","RMTI","34144848","0.9967","United States"
"9757","Akili","AKLI","34096536","0.4331","United States"
"9758","Indonesia Energy","INDO","34079500","2.45","Indonesia"
"9759","Trophy Games","TGAMES.CO","34063060","1.26285","Denmark"
"9760","Crown Crafts","CRWS","33998832","3.2711","United States"
"9761","Pantaflix AG","PAL.DE","33983114","1.32789","Germany"
"9762","Futura Medical","FUM.L","33901049","11.1579","United Kingdom"
"9763","Starbreeze","STAR-B.ST","33881827","0.0214919","Sweden"
"9764","Dalqan Real Estate Company","DALQAN.KW","33875237","561.178","Kuwait"
"9765","Mogo","MOGO","33751564","1.39","Canada"
"9766","Harte Hanks","HHS","33558232","4.5568","United States"
"9767","Lava Therapeutics","LVTX","33407730","1.27","Netherlands"
"9768","Zee Learn","ZEELEARN.NS","33405959","0.101801","India"
"9769","FibroGen","FGEN","33192954","0.3285","United States"
"9770","genOway","ALGEN.PA","33157825","3.62047","France"
"9771","Fujairah Cement Industries","FCI.AE","32946007","0.09","United Arab Emirates"
"9772","FibroBiologics","FBLG","32905836","0.86","United States"
"9773","Lilium","LILM","32897334","0.052","Germany"
"9774","Tose Software","4728.T","32834695","4.33199","Japan"
"9775","Barinthus Biotherapeutics","BRNS","32674914","0.81","United Kingdom"
"9776","KLX Energy Services","KLXE","32650254","1.86","United States"
"9777","FingerTango","6860.HK","32576007","0.0169836","China"
"9778","Warimpex Finanz- und Beteiligungs AG","WXF.VI","32379142","0.62195","Austria"
"9779","HWA AG","H9W.DE","32214949","3.29134","Germany"
"9780","Varengold Bank AG","VG8.DE","32143071","3.20054","Germany"
"9781","BIT Mining (500.com)","BTCM","32067540","2.01","China"
"9782","Pixelworks","PXLW","31835130","0.5057","United States"
"9783","Ocuphire Pharma","OCUP","31737184","1.17","United States"
"9784","geechs","7060.T","31693367","3.06937","Japan"
"9785","Farmer Brothers","FARM","31686438","1.47","United States"
"9786","Sotherly Hotels","SOHO","31651352","0.7776","United States"
"9787","Hutter &amp; Schrantz Stahlbau AG","HST.VI","31400238","20.9965","Austria"
"9788","DigiAsia Corp","FAAS","31329108","0.5162","Indonesia"
"9789","Enviva","EVA","31273630","0.4198","United States"
"9790","Argo Blockchain","ARBK","31232932","0.4369","United Kingdom"
"9791","Halloren Schokoladenfabrik","H2RB.HM","30849863","5.22075","Germany"
"9792","Pyxis Tankers","PXS","30828546","2.94","Greece"
"9793","Poulaillon","ALPOU.PA","30744451","6.01521","France"
"9794","Galfar Engineering and Contracting","GECS.OM","30587721","0.150688","Oman"
"9795","Marinus Pharmaceuticals","MRNS","30370176","0.55","United States"
"9796","MoneyHero","MNY","30184940","0.71","Singapore"
"9797","SCYNEXIS","SCYX","30041730","0.7699","United States"
"9798","The National Investor PRJSC","TNI.AE","30014978","0.13","United Arab Emirates"
"9799","MariMed","MRMD","29970712","0.077","United States"
"9800","Cenntro Electric Group","CENN","29940602","0.97","United States"
"9801","The Glimpse Group","VRAR","29898810","1.42","United States"
"9802","Li-Cycle","LICY","29876264","0.8433","Canada"
"9803","Allakos","ALLK","29743072","0.3291","United States"
"9804","Artmarket.com","PRC.PA","29736704","4.27874","France"
"9805","SW Umwelttechnik Stoiser &amp; Wolschner AG","SWUT.VI","29662880","40.858","Austria"
"9806","Cadrenal Therapeutics","CVKD","29559200","15.03","United States"
"9807","U.S. Global Investors","GROW","29375060","2.2","United States"
"9808","Odyssey Marine Exploration","OMEX","29298692","0.935","United States"
"9809","CASI Pharmaceuticals","CASI","29279842","1.8899","United States"
"9810","Kezar Life Sciences","KZR","29223200","4","United States"
"9811","ATA Creativity Global","AACG","29091378","0.9199","China"
"9812","OnKure Therapeutics","OKUR","29047362","2.15","United States"
"9813","Nippon Ichi Software","3851.T","29016107","5.73414","Japan"
"9814","Söktas Tekstil","SKTAS.IS","29011650","0.130683","Turkey"
"9815","Flux Power","FLUX","28927992","1.72","United States"
"9816","Femasys","FEMY","28874292","1.06","United States"
"9817","HydrogenPro ASA","HYPRO.OL","28697463","0.346497","Norway"
"9818","Pioneer Power Solutions","PPSI","28579170","2.57","United States"
"9819","GenSight Biologics","SIGHT.PA","28439696","0.212462","France"
"9820","Delignit AG","DLX.DE","28363927","2.76927","Germany"
"9821","The Cannabist Company","CBSTF","28345018","0.06","United States"
"9822","MiNK Therapeutics","INKT","28298186","7.1","United States"
"9823","INTERSHOP Communications","ISHA.DE","28135183","1.92941","Germany"
"9824","Safety Shot","SHOT","28116050","0.374","United States"
"9825","EMCORE Corporation","EMKR","28105170","3.095","United States"
"9826","FC Porto","FCP.LS","28089776","1.1236","Portugal"
"9827","Salem Media Group","SALM","28085610","0.95","United States"
"9828","Nebelhornbahn-Aktiengesellschaft","NHB0.MU","27926912","20.656","Germany"
"9829","tinyBuild","8Z3.F","27912555","0.062649","United States"
"9830","Sidus Space","SIDU","27822840","1.52","United States"
"9831","AURES Technologies","ALAUR.PA","27810461","7.0567","France"
"9832","XOS","XOS","27605616","3.3213","United States"
"9833","Turbo Energy","TURB","27542750","2.5","Spain"
"9834","Biosynex","ALBIO.PA","27511647","1.45273","France"
"9835","Greenidge Generation Holdings","GREE","27480886","1.78","United States"
"9836","Offerpad","OPAD","27331018","0.9923","United States"
"9837","Sunrise New Energy","EPOW","27256870","1.01","China"
"9838","SPAR Group","SGRP","27201652","1.16","United States"
"9839","East Side Games","EAGR.TO","27168169","0.333203","Canada"
"9840","JanOne","JAN","27141554","2.23","United States"
"9841","Wedia SA","ALWED.PA","27123623","31.7526","France"
"9842","Solowin Holdings","SWIN","27066120","1.594","Hong Kong"
"9843","reAlpha Tech","AIRE","27059366","0.528","United States"
"9844","U10 Corp","ALU10.PA","27027779","1.56055","France"
"9845","Globavend","GVH","27025290","1.81","Australia"
"9846","India Globalization Capital","IGC","27005314","0.3389","United States"
"9847","Ayr Wellness","AYRWF","26987338","0.243","United States"
"9848","The Beachbody Company","BODI","26900044","3.84","United States"
"9849","Cherry SE","C3RY.DE","26582222","1.14629","Germany"
"9850","Focus Universal","FCUV","26501318","3.72","United States"
"9851","Forever Entertainment","8FE.SG","26450371","0.871638","Poland"
"9852","Kala Pharmaceuticals","KALA","26390316","4.09","United States"
"9853","Methaq Takaful Insurance Compnay","METHAQ.AE","26348039","0.18","United Arab Emirates"
"9854","CBL International","BANL","26342250","0.9579","Malaysia"
"9855","Beam Global","BEEM","26224540","1.7","United States"
"9856","Ourgame International","6899.HK","26149836","0.0242622","China"
"9857","Tillys","TLYS","26135668","0.8668","United States"
"9858","Kirkland's","KIRK","26046988","1.16","United States"
"9859","CytoMed Therapeutics","GDTC","25965000","2.25","Singapore"
"9860","LL Flooring","LL","25867364","0.8438","United States"
"9861","Big 5 Sporting Goods","BGFV","25826262","1.13","United States"
"9862","Faraday Future","FFIE","25808550","1.45","United States"
"9863","Dare Bioscience","DARE","25666132","2.9","United States"
"9864","BoomBit","BBT.WA","25649233","1.88044","Poland"
"9865","ALX Oncology","ALXO","25594330","0.4789","United States"
"9866","LightInTheBox Holding","LITB","25588920","1.4","Singapore"
"9867","Generation Bio","GBIO","25466674","0.3799","United States"
"9868","Astro Corporation","3064.TWO","25432750","1.95464","Taiwan"
"9869","Verimatrix","VMX.PA","25397791","0.291681","France"
"9870","Edia","3935.T","25391684","4.14365","Japan"
"9871","Mangoceuticals","MGRX","25116600","1.64","United States"
"9872","MAG Interactive","MAGI.ST","25110141","0.947742","Sweden"
"9873","The InterGroup Corporation","INTG","25034128","11.62","United States"
"9874","Guardforce AI","GFAI","24807728","1.18","Singapore"
"9875","Top Ships","TOPS","24750170","5.35","Greece"
"9876","Rent the Runway","RENT","24645486","6.19","United States"
"9877","Kuke Music Holding","KUKE","24412020","3.41","China"
"9878","HUB Cyber Security","HUBC","24213994","2.41","Israel"
"9879","SPI Energy","SPI","24207974","0.766","United States"
"9880","Milkfood Limited","MLKFOOD.BO","24038716","0.986074","India"
"9881","Appirits","4174.T","23965533","5.97829","Japan"
"9882","Sunnova","NOVA","23880150","0.19","United States"
"9883","Pyramid AG","M3BK.DE","23824526","1.0328","Germany"
"9884","NanoViricides","NNVC","23786560","1.48","United States"
"9885","BioAtla","BCAB","23770324","0.4069","United States"
"9886","Tupperware Brands","TUP","23725952","0.5099","United States"
"9887","Pulmatrix","PULM","23520684","6.44","United States"
"9888","YanGuFang International Group","YGF","23462400","0.7332","China"
"9889","Comscore","SCOR","23450580","4.74","United States"
"9890","Sphere 3D","ANY","23449638","0.8863","Canada"
"9891","Genius Group","GNS","23422798","0.3275","Singapore"
"9892","Vor Biopharma","VOR","23342528","0.1868","United States"
"9893","Eagle Pharmaceuticals","EGRX","23324760","1.8","United States"
"9894","5th Planet Games","5PG.OL","23294555","0.0867972","Denmark"
"9895","bet-at-home.com","ACX.DE","23257928","3.31404","Germany"
"9896","Yuke's","4334.T","23196853","2.75546","Japan"
"9897","REE Automotive","REE","23024398","0.8153","Israel"
"9898","hGears AG","HGEA.DE","23016684","2.21314","Germany"
"9899","PopReach","INIK.V","22996798","0.0724354","Canada"
"9900","STS Group","SF3.DE","22986040","3.56373","Germany"
"9901","Insurance House","IH.AE","22963691","0.19","United Arab Emirates"
"9902","Orion Energy Systems","OESX","22872054","0.6941","United States"
"9903","Games Operators","GOP.WA","22709162","4.12949","Poland"
"9904","NJ Holdings","9421.T","22633132","4.27619","Japan"
"9905","Investigator Resources","IVR.AX","22611313","0.0142265","Australia"
"9906","Nine Energy Service","NINE","22605682","0.5338","United States"
"9907","Renalytix","RNLX","22548012","0.2071","United Kingdom"
"9908","Yellow Corporation","YELLQ","22449404","0.33","United States"
"9909","ImmunoPrecise Antibodies","IPA","22379134","0.489","United States"
"9910","FBR Limited","FBR.AX","22074806","0.00387995","Australia"
"9911","Allurion Technologies","ALUR","22000392","2.95","United States"
"9912","GEE Group","JOB","21959190","0.2007","United States"
"9913","Drive Shack","DSHK","21938730","0.11","United States"
"9914","ESS Tech","GWH","21907878","1.81","United States"
"9915","A.S. Création Tapeten","ACWN.DE","21898139","7.94461","Germany"
"9916","Kuwait Real Estate Holding Company","ALAQARIA.KW","21829713","116.037","Kuwait"
"9917","LakeShore Biopharma","LSB","21752112","1.14","China"
"9918","SM Wirtschaftsberatungs AG","SMWN.DE","21681988","5.44774","Germany"
"9919","Passage Bio","PASG","21677328","0.3488","United States"
"9920","Local Bounti","LOCL","21567540","2.02","United States"
"9921","Battalion Oil","BATL","21475862","1.305","United States"
"9922","Sol-Gel Technologies","SLGL","21408566","7.685","Israel"
"9923","InterServ International","6169.TWO","21342670","0.912275","Taiwan"
"9924","Muehlhan AG","M4N.HM","21300461","1.53218","Germany"
"9925","Neuphoria Therapeutics","NEUP","21084252","6.23","United States"
"9926","Rail Vision","RVSN","20940846","0.4028","Israel"
"9927","Veganz Group","VEZ.DE","20891052","14.9245","Germany"
"9928","Curis","CRIS","20819778","1.99","United States"
"9929","Passat SA","PSAT.PA","20640431","5.22075","France"
"9930","Longeveron","LGVN","20637788","1.375","United States"
"9931","CXApp","CXAI","20598032","1.04","United States"
"9932","Kostad AG","KES.VI","20552596","0.82851","Austria"
"9933","Sonder Holdings","SOND","20524356","1.86","United States"
"9934","Vince Holding","VNCE","20420530","1.59","United States"
"9935","Relmada Therapeutics","RLMD","20412834","0.615","United States"
"9936","Ovid Therapeutics","OVID","20387096","0.2867","United States"
"9937","Liberty TripAdvisor Holdings","LTRPA","20352474","0.262","United States"
"9938","DF Deutsche Forfait AG","DFTK.DE","20237487","1.70242","Germany"
"9939","Global Bioenergies","ALGBE.PA","20159793","1.11225","France"
"9940","Q32 Bio","QTTB","20126040","1.65","United States"
"9941","Almaden Minerals","AAU","20102876","0.1465","Canada"
"9942","Graphex Group","GRFX","20086560","0.96","Hong Kong"
"9943","Weight Watchers","WW","20037964","0.2496","United States"
"9944","SOS Limited","SOS","19908878","6.56","China"
"9945","Maison Solutions","MSS","19887404","1.01","United States"
"9946","enish","3667.T","19840980","0.683632","Japan"
"9947","Marpai","MRAI","19827508","1.331","United States"
"9948","HOOKIPA Pharma","HOOK","19746342","1.62","United States"
"9949","Lipocine","LPCN","19742828","3.69","United States"
"9950","Geratherm Medical","GME.DE","19532369","3.60913","Germany"
"9951","Latch","LTCH","19476040","0.121","United States"
"9952","All in! Games","ALG.WA","19391472","0.256424","Poland"
"9953","Real Good Food plc","RGF","19309624","1.25","United Kingdom"
"9954","Retractable Technologies","RVP","19162802","0.6401","United States"
"9955","Elevation Oncology","ELEV","19010808","0.321","United States"
"9956","BigBen Interactive","BIG.PA","18888662","1.02145","France"
"9957","X4 Pharmaceuticals","XFOR","18697468","3.23","United States"
"9958","Lead Real Estate","LRE","18554348","1.3601","Japan"
"9959","Cel-Sci","CVM","18553400","0.2038","United States"
"9960","Clean Energy Technologies","CETY","18534126","0.39","United States"
"9961","Sporting Clube de Braga","SCB.LS","18522302","15.4353","Portugal"
"9962","Synergy CHC","SNYR","18388784","2.04","United States"
"9963","Nymox Pharmaceutical","NYMX","18253022","0.2","Bahamas"
"9964","SigmaTron International","SGMA","18113098","2.96","United States"
"9965","Performance Shipping","PSHG","17964530","1.445","Greece"
"9966","Pieris Pharmaceuticals","PIRS","17955264","13.6","United States"
"9967","WonderPlanet","4199.T","17785451","6.97584","Japan"
"9968","Ebusco Holding","EBUS.AS","17631461","0.510725","Netherlands"
"9969","Aeterna Zentaris","AEZS","17512866","5.72","United States"
"9970","VIA optronics AG","VIAO","17465854","0.2231","Germany"
"9971","Gelteq Limited","GELS","17460448","1.85","Australia"
"9972","Bullfrog AI","BFRG","17418712","1.85","United States"
"9973","Lulu's Fashion Lounge","LVLU","17378790","0.4047","United States"
"9974","Argeo AS","ARGEO.OL","17299969","0.273836","Norway"
"9975","Upexi","UPXI","17066286","12.92","United States"
"9976","Elbstein AG","EBS.HM","17024174","0.567472","Germany"
"9977","BranchOut Food","BOF","16821272","1.755","United States"
"9978","Predilife","ALPRE.PA","16809806","4.53978","France"
"9979","TherapeuticsMD","TXMD","16782880","1.45","United States"
"9980","Camber Energy","CEI","16771320","0.0954","United States"
"9981","Austin Gold","AUST","16722468","1.26","United States"
"9982","VYNE Therapeutics","VYNE","16664900","1","United States"
"9983","Groupe OKwind","ALOKW.PA","16502093","1.94076","France"
"9984","Enzo Biochem","ENZ","16443999","0.3138","United States"
"9985","Selina Hospitality","SLNA","16310069","0.03","United Kingdom"
"9986","Beyond Air","XAIR","16280727","0.1885","United States"
"9987","Modern Dairies Limited","MODAIRY.BO","16172250","0.631238","India"
"9988","iPower","IPW","16171126","0.5142","United States"
"9989","Equipment Holding Company K.S.C.P.","EQUIPMENT.KW","16166884","202.086","Kuwait"
"9990","National Gas Company SAOG","NGCI.OM","16121070","0.18966","Oman"
"9991","GlycoMimetics","GLYC","16003961","0.248","United States"
"9992","J-Long Group","JL","15982600","5.09","Hong Kong"
"9993","GigaMedia","GIGM","15804645","1.43","Taiwan"
"9994","Pintec Technology","PT","15788520","0.99","China"
"9995","Psychemedics","PMD","15738209","2.67","United States"
"9996","Heliogen","HLGN","15631347","2.55","United States"
"9997","Smith Micro Software","SMSI","15587340","0.8029","United States"
"9998","Superior Industries International","SUP","15488797","0.5255","United States"
"9999","Leap Therapeutics","LPTX","15299463","0.3692","United States"
"10000","Hanryu Holdings","HRYU","15198316","0.2878","South Korea"
